reporting_week,reporting_date,product_pillar,product_grouping,daily_actual_net_revenue,estimated_fy26_budget,estimated_fy26_2_10_forecast
2025-11-03,2025-11-06,Money Management,Financial Accounts,-2397792.146,0,0
2023-08-07,2023-08-09,Money Management,Other BaaS Products,-7189.1,,
2023-06-26,2023-06-27,Money Management,Other BaaS Products,-8126.07,,
2025-08-18,2025-08-21,Money Management,Faster Payouts,23265.32978,0,0
2025-01-13,2025-01-14,Money Management,Mass Payouts,378,0,0
2024-10-14,2024-10-15,Money Management,Mass Payouts,171.75,,
2025-05-19,2025-05-23,Money Management,Mass Payouts,2985.9216,0,0
2025-12-01,2025-12-06,Money Management,Financial Accounts,25754.58568,0,0
2025-11-10,2025-11-14,Money Management,Financial Accounts,-286177.76,0,0
2024-12-16,2024-12-21,Money Management,Financial Accounts,-28.9,,
2025-12-15,2025-12-15,Money Management,Financial Accounts,-4581.945686,0,0
2021-06-28,2021-06-30,Money Management,Other BaaS Products,154755.6808,,
2026-02-16,2026-02-20,Money Management,Mass Payouts,18588.25481,0,0
2025-06-09,2025-06-15,Money Management,Mass Payouts,508.0003359,0,0
2025-07-07,2025-07-09,Money Management,Other BaaS Products,-3439.3,0,0
2022-06-13,2022-06-17,Money Management,Other BaaS Products,-8783.44,,
2021-12-13,2021-12-19,Money Management,Other BaaS Products,-8742.95,,
2021-08-16,2021-08-18,Money Management,Other BaaS Products,-11050.68,,
2024-12-02,2024-12-05,Money Management,Mass Payouts,415.5,,
2024-03-11,2024-03-14,Money Management,Other BaaS Products,-7007.36,,
2025-09-08,2025-09-08,Money Management,Mass Payouts,1949.101561,0,0
2022-08-01,2022-08-02,Money Management,Financial Accounts,0,,
2025-08-04,2025-08-08,Money Management,Faster Payouts,21941.44611,0,0
2025-07-28,2025-08-02,Money Management,Faster Payouts,26035.50416,0,0
2025-09-08,2025-09-14,Money Management,Faster Payouts,14577.76034,0,0
2021-10-04,2021-10-08,Money Management,Other BaaS Products,-12591.75,,
2026-04-20,2026-04-21,Money Management,Other BaaS Products,-3373.33,0,0
2025-04-21,2025-04-24,Money Management,Faster Payouts,13831.41108,0,0
2021-08-02,2021-08-07,Money Management,Other BaaS Products,-10396.57,,
2025-08-18,2025-08-24,Money Management,Financial Accounts,-5079.19,0,0
2023-08-21,2023-08-22,Money Management,Financial Accounts,0,,
2024-09-02,2024-09-06,Money Management,Other BaaS Products,-5782.09,,
2026-03-02,2026-03-02,Money Management,Other BaaS Products,-9156.96,0,0
2019-11-25,2019-11-30,Money Management,Other BaaS Products,53232.45849,,
2023-11-20,2023-11-20,Money Management,Other BaaS Products,-5158.29,,
2020-06-29,2020-06-30,Money Management,Other BaaS Products,94036.65041,,
2025-09-08,2025-09-09,Money Management,Other BaaS Products,-3759.48,0,0
2025-03-24,2025-03-27,Money Management,Financial Accounts,-12386.14415,0,0
2023-03-27,2023-04-02,Money Management,Financial Accounts,0,,
2026-04-27,2026-04-29,Money Management,Financial Accounts,-1887.033193,0,0
2023-04-24,2023-04-27,Money Management,Other BaaS Products,-8248.6,,
2024-07-01,2024-07-07,Money Management,Mass Payouts,2,,
2026-03-23,2026-03-23,Money Management,Financial Accounts,-2867.189773,0,0
2025-08-04,2025-08-08,Money Management,Mass Payouts,4068.951463,0,0
2022-08-22,2022-08-23,Money Management,Other BaaS Products,-8857.25,,
2025-11-03,2025-11-08,Money Management,Financial Accounts,-5809.1,0,0
2026-01-19,2026-01-22,Money Management,Other BaaS Products,-2298.53,0,0
2025-02-24,2025-02-26,Money Management,Mass Payouts,407.3207998,0,0
2025-06-02,2025-06-03,Money Management,Mass Payouts,1749.27722,0,0
2025-01-27,2025-02-01,Money Management,Mass Payouts,29,0,0
2026-02-16,2026-02-16,Money Management,Other BaaS Products,-2686.43,0,0
2026-03-09,2026-03-15,Money Management,Mass Payouts,20692.04521,0,0
2025-11-24,2025-11-25,Money Management,Faster Payouts,31768.91102,0,0
2025-07-14,2025-07-18,Money Management,Mass Payouts,3095.677079,0,0
2025-06-30,2025-07-02,Money Management,Faster Payouts,32739.04407,0,0
2024-09-30,2024-09-30,Money Management,Other BaaS Products,256990.28,,
2024-02-05,2024-02-11,Money Management,Other BaaS Products,-4139.3,,
2026-03-23,2026-03-26,Money Management,Mass Payouts,35458.65935,0,0
2026-01-12,2026-01-16,Money Management,Mass Payouts,10492.41065,0,0
2025-01-20,2025-01-24,Money Management,Financial Accounts,0,0,0
2024-12-09,2024-12-12,Money Management,Financial Accounts,-19067.24,,
2026-04-27,2026-04-27,Money Management,Other BaaS Products,-2532.74,0,0
2026-01-12,2026-01-18,Money Management,Faster Payouts,21802.37963,0,0
2021-07-12,2021-07-12,Money Management,Other BaaS Products,-3986.18,,
2026-03-09,2026-03-11,Money Management,Mass Payouts,36847.88919,0,0
2025-02-24,2025-02-28,Money Management,Other BaaS Products,194430.9,47071.88,47071.88
2026-02-23,2026-02-25,Money Management,Mass Payouts,53506.31246,0,0
2025-07-21,2025-07-27,Money Management,Other BaaS Products,-2479.84,0,0
2025-09-08,2025-09-11,Money Management,Faster Payouts,24705.18497,0,0
2025-05-05,2025-05-05,Money Management,Other BaaS Products,-3974.62,0,0
2026-01-05,2026-01-08,Money Management,Faster Payouts,-299361.0682,0,0
2023-04-24,2023-04-25,Money Management,Other BaaS Products,-6561.53,,
2026-04-27,2026-04-30,Money Management,Other BaaS Products,,77120,53200
2026-02-23,2026-02-27,Money Management,Faster Payouts,58809.19791,0,0
2024-01-29,2024-01-29,Money Management,Other BaaS Products,-4182.18,,
2022-04-11,2022-04-15,Money Management,Other BaaS Products,-24618.39,,
2025-11-03,2025-11-05,Money Management,Mass Payouts,2011.03603,0,0
2025-11-17,2025-11-18,Money Management,Mass Payouts,1986.874223,0,0
2023-02-20,2023-02-24,Money Management,Other BaaS Products,-7797.13,,
2024-11-18,2024-11-18,Money Management,Mass Payouts,559.5,,
2026-01-19,2026-01-22,Money Management,Mass Payouts,25902.25642,0,0
2022-05-02,2022-05-07,Money Management,Other BaaS Products,-12109.14,,
2024-04-22,2024-04-27,Money Management,Other BaaS Products,-6668.47,,
2023-12-04,2023-12-06,Money Management,Other BaaS Products,-11798.65,,
2025-11-10,2025-11-16,Money Management,Mass Payouts,111.4695891,0,0
2024-02-26,2024-02-28,Money Management,Other BaaS Products,-7842.45,,
2025-08-25,2025-08-30,Money Management,Financial Accounts,10381.94422,0,0
2023-01-23,2023-01-23,Money Management,Other BaaS Products,-4297.26,,
2025-05-12,2025-05-18,Money Management,Faster Payouts,10540.39563,0,0
2024-09-30,2024-10-02,Money Management,Other BaaS Products,-18080.75,,
2025-07-07,2025-07-08,Money Management,Mass Payouts,2289.557459,0,0
2025-03-03,2025-03-08,Money Management,Mass Payouts,44,0,0
2024-05-27,2024-05-29,Money Management,Other BaaS Products,-7960,,
2025-03-24,2025-03-28,Money Management,Mass Payouts,2614.212399,0,0
2025-03-10,2025-03-16,Money Management,Other BaaS Products,-3123.31,0,0
2025-10-06,2025-10-09,Money Management,Other BaaS Products,-2246.56,0,0
2026-04-20,2026-04-20,Money Management,Faster Payouts,55944.32258,0,0
2023-08-21,2023-08-27,Money Management,Other BaaS Products,-4932.14,,
2024-08-05,2024-08-05,Money Management,Mass Payouts,95.25,,
2024-10-21,2024-10-23,Money Management,Mass Payouts,83.75,,
2023-03-27,2023-03-27,Money Management,Other BaaS Products,-4105.95,,
2024-04-01,2024-04-01,Money Management,Faster Payouts,81411.19497,,
2022-08-08,2022-08-09,Money Management,Other BaaS Products,-9667.18,,
2024-06-10,2024-06-16,Money Management,Mass Payouts,2,,
2022-11-07,2022-11-10,Money Management,Financial Accounts,-171.03,,
2022-10-24,2022-10-25,Money Management,Financial Accounts,-7015.05,,
2021-08-09,2021-08-13,Money Management,Other BaaS Products,-10243.83,,
2025-03-31,2025-04-03,Money Management,Financial Accounts,-5835.48,0,0
2026-10-26,2026-10-29,Money Management,Money Management Stretch,,61959.00061,0
2026-09-21,2026-09-24,Money Management,Faster Payouts,,0,0
2026-05-25,2026-05-25,Money Management,Bridge,,0,0
2026-05-25,2026-05-27,Money Management,Money Management Stretch,,58666.88449,0
2025-01-13,2025-01-19,Money Management,Mass Payouts,0,0,0
2026-09-21,2026-09-23,Money Management,Financial Accounts,,0,0
2026-07-13,2026-07-16,Money Management,Mass Payouts,,0,0
2026-04-27,2026-04-29,Money Management,Bridge,0,0,0
2026-06-01,2026-06-01,Money Management,Faster Payouts,,0,0
2026-06-08,2026-06-10,Money Management,Other BaaS Products,,0,0
2026-11-09,2026-11-12,Money Management,Bridge,,0,0
2026-10-19,2026-10-24,Money Management,Mass Payouts,,0,0
2025-02-10,2025-02-13,Money Management,Faster Payouts,0,0,0
2026-04-06,2026-04-08,Money Management,Bridge,0,0,0
2026-11-16,2026-11-18,Money Management,Other BaaS Products,,0,0
2026-06-29,2026-07-01,Money Management,Other BaaS Products,,0,0
2026-06-01,2026-06-02,Money Management,Faster Payouts,,0,0
2026-12-07,2026-12-10,Money Management,Financial Accounts,,0,0
2025-07-28,2025-08-03,Money Management,Faster Payouts,17873.93992,0,0
2021-12-20,2021-12-26,Money Management,Other BaaS Products,-3943.23,,
2025-05-19,2025-05-22,Money Management,Other BaaS Products,-2847.58,0,0
2021-09-27,2021-09-27,Money Management,Other BaaS Products,-6919.82,,
2025-08-11,2025-08-17,Money Management,Financial Accounts,-4956.456777,0,0
2024-01-08,2024-01-10,Money Management,Other BaaS Products,-6342.43,,
2021-11-15,2021-11-20,Money Management,Other BaaS Products,-12755.5,,
2025-06-02,2025-06-08,Money Management,Faster Payouts,11244.0675,0,0
2024-11-11,2024-11-16,Money Management,Mass Payouts,69,,
2026-04-20,2026-04-26,Money Management,Faster Payouts,33183.95971,0,0
2026-04-13,2026-04-16,Money Management,Financial Accounts,-2279.275205,0,0
2021-12-13,2021-12-13,Money Management,Other BaaS Products,-7411.43,,
2024-07-22,2024-07-23,Money Management,Mass Payouts,110,,
2025-10-06,2025-10-11,Money Management,Mass Payouts,57.41639859,0,0
2026-04-06,2026-04-10,Money Management,Faster Payouts,60776.92852,0,0
2021-10-04,2021-10-09,Money Management,Other BaaS Products,-13078.06,,
2024-06-24,2024-06-30,Money Management,Other BaaS Products,268629.361,,
2026-03-23,2026-03-29,Money Management,Mass Payouts,25546.77002,0,0
2025-07-28,2025-07-31,Money Management,Financial Accounts,865026.1736,694014.6413,694014.6413
2025-09-08,2025-09-12,Money Management,Mass Payouts,2637.186335,0,0
2023-06-26,2023-06-30,Money Management,Other BaaS Products,276084.28,,
2021-08-09,2021-08-09,Money Management,Other BaaS Products,-5226.11,,
2025-05-05,2025-05-08,Money Management,Other BaaS Products,-7448.98,0,0
2025-03-31,2025-04-06,Money Management,Other BaaS Products,-3604.26,0,0
2025-03-03,2025-03-03,Money Management,Other BaaS Products,-4814.61,0,0
2026-04-27,2026-04-29,Money Management,Mass Payouts,24093.83952,0,0
2026-01-26,2026-01-26,Money Management,Faster Payouts,46482.26897,0,0
2026-02-16,2026-02-21,Money Management,Financial Accounts,-6803.358456,0,0
2022-11-21,2022-11-27,Money Management,Other BaaS Products,-5106.8,,
2021-07-19,2021-07-19,Money Management,Other BaaS Products,-5515.7,,
2022-09-12,2022-09-16,Money Management,Financial Accounts,0,,
2024-01-08,2024-01-08,Money Management,Other BaaS Products,-7029.8,,
2024-05-06,2024-05-10,Money Management,Other BaaS Products,-9705.83,,
2025-08-25,2025-08-27,Money Management,Mass Payouts,2017.486749,0,0
2021-11-22,2021-11-27,Money Management,Other BaaS Products,-9927.33,,
2024-09-09,2024-09-12,Money Management,Mass Payouts,62.25,,
2025-12-01,2025-12-01,Money Management,Mass Payouts,6168.227434,0,0
2026-04-06,2026-04-08,Money Management,Financial Accounts,-298684.9127,0,0
2026-03-16,2026-03-21,Money Management,Financial Accounts,-5766.946972,0,0
2023-08-28,2023-09-01,Money Management,Faster Payouts,1685.12,,
2026-04-27,2026-05-02,Money Management,Mass Payouts,,0,0
2025-09-22,2025-09-23,Money Management,Mass Payouts,1947.069855,0,0
2026-03-23,2026-03-29,Money Management,Other BaaS Products,-2544.04,0,0
2022-02-28,2022-03-02,Money Management,Other BaaS Products,-23951.16,,
2025-04-21,2025-04-22,Money Management,Other BaaS Products,-4256.35,0,0
2026-02-09,2026-02-14,Money Management,Mass Payouts,15967.05328,0,0
2025-04-21,2025-04-23,Money Management,Other BaaS Products,-5319.66,0,0
2025-06-30,2025-06-30,Money Management,Faster Payouts,190316.5693,812854.4833,812854.4833
2025-10-20,2025-10-22,Money Management,Faster Payouts,31028.26383,0,0
2024-12-16,2024-12-18,Money Management,Other BaaS Products,-3888.14,,
2025-04-07,2025-04-10,Money Management,Mass Payouts,-2,0,0
2025-01-20,2025-01-25,Money Management,Other BaaS Products,-4445.01,0,0
2024-09-23,2024-09-26,Money Management,Mass Payouts,64,,
2025-11-03,2025-11-07,Money Management,Financial Accounts,1668397.823,0,0
2026-03-16,2026-03-18,Money Management,Faster Payouts,48795.72371,0,0
2024-03-11,2024-03-13,Money Management,Other BaaS Products,-7077.89,,
2025-03-24,2025-03-29,Money Management,Other BaaS Products,-7439.34,0,0
2025-03-17,2025-03-21,Money Management,Other BaaS Products,-9128.46,0,0
2025-08-18,2025-08-23,Money Management,Mass Payouts,100.56,0,0
2024-09-09,2024-09-13,Money Management,Financial Accounts,0,,
2023-09-25,2023-09-28,Money Management,Financial Accounts,0,,
2022-04-04,2022-04-10,Money Management,Other BaaS Products,-10100,,
2026-01-26,2026-01-30,Money Management,Mass Payouts,15739.79408,0,0
2024-01-08,2024-01-13,Money Management,Other BaaS Products,-6413.89,,
2022-04-18,2022-04-24,Money Management,Other BaaS Products,-18609.19,,
2025-07-21,2025-07-22,Money Management,Mass Payouts,2191.731421,0,0
2025-03-31,2025-04-01,Money Management,Financial Accounts,42753.06,0,0
2021-10-18,2021-10-23,Money Management,Other BaaS Products,-12896.64,,
2026-12-14,2026-12-16,Money Management,Faster Payouts,,0,0
2026-09-07,2026-09-08,Money Management,Faster Payouts,,0,0
2025-05-05,2025-05-10,Money Management,Mass Payouts,0,0,0
2026-05-04,2026-05-08,Money Management,Financial Accounts,,0,0
2026-09-07,2026-09-07,Money Management,Bridge,,0,0
2026-07-13,2026-07-19,Money Management,Other BaaS Products,,0,0
2025-02-17,2025-02-19,Money Management,Bridge,0,0,0
2026-11-09,2026-11-13,Money Management,Financial Accounts,,0,0
2025-12-22,2025-12-25,Money Management,Bridge,0,0,0
2026-06-15,2026-06-16,Money Management,Mass Payouts,,0,0
2026-09-28,2026-10-02,Money Management,Bridge,,0,0
2026-03-23,2026-03-25,Money Management,Money Management Stretch,0,59782.24803,0
2026-07-27,2026-08-02,Money Management,Financial Accounts,,0,0
2026-05-11,2026-05-11,Money Management,Financial Accounts,,0,0
2026-02-02,2026-02-07,Money Management,Money Management Stretch,0,90388.06711,0
2026-10-12,2026-10-18,Money Management,Money Management Stretch,,61959.00061,0
2026-08-17,2026-08-22,Money Management,Bridge,,0,0
2025-03-31,2025-04-06,Money Management,Bridge,0,0,0
2026-03-16,2026-03-18,Money Management,Financial Accounts,-47970.10605,0,0
2021-10-25,2021-10-30,Money Management,Other BaaS Products,-9117.47,,
2025-10-13,2025-10-15,Money Management,Mass Payouts,3718.439825,0,0
2025-07-07,2025-07-12,Money Management,Faster Payouts,13855.04273,0,0
2023-10-30,2023-10-31,Money Management,Financial Accounts,1667978.84,,
2025-12-22,2025-12-25,Money Management,Financial Accounts,1259.273256,0,0
2022-12-05,2022-12-10,Money Management,Other BaaS Products,-8617.61,,
2021-12-06,2021-12-07,Money Management,Financial Accounts,62372.81,,
2026-02-23,2026-02-28,Money Management,Financial Accounts,1613348.565,744131.56,1260151.795
2025-08-11,2025-08-16,Money Management,Mass Payouts,89.46,0,0
2025-07-28,2025-07-30,Money Management,Other BaaS Products,-2696.27,0,0
2024-07-08,2024-07-09,Money Management,Mass Payouts,43.25,,
2024-05-13,2024-05-14,Money Management,Other BaaS Products,-7754.73,,
2022-09-19,2022-09-20,Money Management,Other BaaS Products,-8219.75,,
2025-08-11,2025-08-17,Money Management,Other BaaS Products,-2110.92,0,0
2024-07-29,2024-07-29,Money Management,Other BaaS Products,-5620.72,,
2022-05-16,2022-05-20,Money Management,Other BaaS Products,-10161.75,,
2021-10-11,2021-10-15,Money Management,Other BaaS Products,-17626.29,,
2021-07-26,2021-07-31,Money Management,Financial Accounts,-5900.06,,
2023-05-22,2023-05-24,Money Management,Other BaaS Products,-7526.91,,
2025-03-03,2025-03-03,Money Management,Mass Payouts,539.9103999,0,0
2026-03-02,2026-03-07,Money Management,Other BaaS Products,-3925.49,0,0
2022-06-13,2022-06-16,Money Management,Other BaaS Products,-11962.32,,
2023-02-06,2023-02-08,Money Management,Other BaaS Products,-9078.63,,
2025-10-06,2025-10-12,Money Management,Financial Accounts,-6075.42,0,0
2023-01-02,2023-01-05,Money Management,Other BaaS Products,-8783.16,,
2023-03-06,2023-03-09,Money Management,Other BaaS Products,-9597.68,,
2024-12-16,2024-12-20,Money Management,Other BaaS Products,-5333.47,,
2026-04-20,2026-04-24,Money Management,Mass Payouts,25954.59028,0,0
2021-08-09,2021-08-11,Money Management,Other BaaS Products,-10066.42,,
2025-06-23,2025-06-24,Money Management,Financial Accounts,-44743.91422,0,0
2024-05-13,2024-05-18,Money Management,Financial Accounts,0,,
2026-01-19,2026-01-24,Money Management,Other BaaS Products,-2375.87,0,0
2024-10-21,2024-10-24,Money Management,Financial Accounts,0,,
2020-07-27,2020-07-31,Money Management,Other BaaS Products,-32277.36274,,
2025-12-15,2025-12-17,Money Management,Financial Accounts,-3728.365262,0,0
2023-07-03,2023-07-03,Money Management,Other BaaS Products,-11948.14,,
2022-08-01,2022-08-05,Money Management,Financial Accounts,-1868.82,,
2025-09-08,2025-09-08,Money Management,Financial Accounts,1757123.51,0,0
2025-04-07,2025-04-11,Money Management,Faster Payouts,14072.51263,0,0
2025-09-15,2025-09-16,Money Management,Faster Payouts,27633.53458,0,0
2022-10-10,2022-10-11,Money Management,Other BaaS Products,-8930.86,,
2026-04-13,2026-04-15,Money Management,Faster Payouts,66225.93354,0,0
2021-12-13,2021-12-14,Money Management,Other BaaS Products,-7894.1,,
2023-02-06,2023-02-06,Money Management,Other BaaS Products,-4144.93,,
2021-09-13,2021-09-16,Money Management,Other BaaS Products,-10078.68,,
2021-12-13,2021-12-18,Money Management,Other BaaS Products,-9190,,
2026-10-19,2026-10-23,Money Management,Mass Payouts,,0,0
2025-04-21,2025-04-27,Money Management,Bridge,0,0,0
2026-06-08,2026-06-09,Money Management,Faster Payouts,,0,0
2026-05-04,2026-05-07,Money Management,Faster Payouts,,0,0
2025-09-15,2025-09-15,Money Management,Bridge,0,0,0
2026-10-05,2026-10-07,Money Management,Bridge,,0,0
2026-11-16,2026-11-19,Money Management,Bridge,,0,0
2026-10-12,2026-10-13,Money Management,Money Management Stretch,,61959.00061,0
2026-09-28,2026-09-30,Money Management,Faster Payouts,,1922972.24,1995158.85
2024-12-30,2025-01-05,Money Management,Financial Accounts,0,0,0
2025-02-17,2025-02-21,Money Management,Financial Accounts,0,0,0
2025-05-19,2025-05-20,Money Management,Mass Payouts,0,0,0
2026-06-15,2026-06-17,Money Management,Mass Payouts,,0,0
2026-09-21,2026-09-21,Money Management,Faster Payouts,,0,0
2026-02-02,2026-02-04,Money Management,Money Management Stretch,0,90388.06711,0
2026-11-16,2026-11-20,Money Management,Financial Accounts,,0,0
2026-03-09,2026-03-09,Money Management,Money Management Stretch,0,59782.24803,0
2026-06-22,2026-06-25,Money Management,Faster Payouts,,0,0
2026-09-21,2026-09-26,Money Management,Faster Payouts,,0,0
2026-02-02,2026-02-02,Money Management,Money Management Stretch,0,90388.06711,0
2025-09-22,2025-09-24,Money Management,Bridge,0,0,0
2026-12-14,2026-12-20,Money Management,Other BaaS Products,,0,0
2026-11-16,2026-11-19,Money Management,Money Management Stretch,,62240.57827,0
2026-06-15,2026-06-20,Money Management,Faster Payouts,,0,0
2026-07-13,2026-07-19,Money Management,Financial Accounts,,0,0
2026-09-14,2026-09-16,Money Management,Financial Accounts,,0,0
2026-11-23,2026-11-24,Money Management,Mass Payouts,,0,0
2025-08-11,2025-08-15,Money Management,Faster Payouts,39920.06352,0,0
2025-03-31,2025-04-04,Money Management,Other BaaS Products,-2143.58,0,0
2025-09-15,2025-09-21,Money Management,Financial Accounts,-5174.36,0,0
2023-04-03,2023-04-06,Money Management,Financial Accounts,-1145.37,,
2023-07-17,2023-07-18,Money Management,Financial Accounts,0,,
2025-08-18,2025-08-23,Money Management,Faster Payouts,15927.38311,0,0
2025-11-17,2025-11-23,Money Management,Financial Accounts,-9226.17,0,0
2022-10-31,2022-10-31,Money Management,Other BaaS Products,254530.6454,,
2022-07-04,2022-07-08,Money Management,Financial Accounts,-5606.92,,
2026-01-12,2026-01-17,Money Management,Faster Payouts,34218.60098,0,0
2022-01-03,2022-01-03,Money Management,Other BaaS Products,-21688.8,,
2025-07-14,2025-07-18,Money Management,Other BaaS Products,-3165.13,0,0
2025-07-28,2025-08-03,Money Management,Mass Payouts,642.5367169,0,0
2025-12-08,2025-12-09,Money Management,Mass Payouts,5815.213204,0,0
2023-07-31,2023-08-04,Money Management,Financial Accounts,52464.06,,
2022-03-28,2022-03-31,Money Management,Financial Accounts,-51000,,
2025-06-30,2025-07-03,Money Management,Faster Payouts,25527.26934,0,0
2025-11-03,2025-11-04,Money Management,Financial Accounts,-6051.917168,0,0
2022-10-31,2022-11-03,Money Management,Other BaaS Products,-24279.98,,
2024-07-15,2024-07-15,Money Management,Other BaaS Products,-4999.18,,
2024-10-28,2024-10-29,Money Management,Mass Payouts,98.5,,
2024-10-07,2024-10-11,Money Management,Financial Accounts,0,,
2025-06-30,2025-06-30,Money Management,Financial Accounts,2784942.885,684391.0818,684391.0818
2026-03-09,2026-03-11,Money Management,Other BaaS Products,-3977.59,0,0
2024-07-08,2024-07-09,Money Management,Other BaaS Products,-8072.19,,
2022-11-07,2022-11-07,Money Management,Other BaaS Products,-6838.44,,
2022-12-26,2023-01-01,Money Management,Other BaaS Products,-4430.71,,
2022-05-23,2022-05-29,Money Management,Other BaaS Products,-6940.75,,
2025-10-13,2025-10-18,Money Management,Other BaaS Products,-2549.06,0,0
2025-07-28,2025-07-30,Money Management,Financial Accounts,-3965.721465,0,0
2024-03-11,2024-03-17,Money Management,Other BaaS Products,-3490.21,,
2026-03-02,2026-03-04,Money Management,Mass Payouts,37364.81383,0,0
2026-01-19,2026-01-25,Money Management,Other BaaS Products,-2771.75,0,0
2024-03-18,2024-03-20,Money Management,Other BaaS Products,-6026.36,,
2022-08-08,2022-08-10,Money Management,Financial Accounts,1984.99,,
2025-02-17,2025-02-21,Money Management,Other BaaS Products,-4693.86,0,0
2024-12-30,2025-01-04,Money Management,Financial Accounts,0.04,0,0
2026-03-09,2026-03-09,Money Management,Mass Payouts,18772.74356,0,0
2024-11-11,2024-11-14,Money Management,Mass Payouts,730.5,,
2026-11-02,2026-11-07,Money Management,Financial Accounts,,0,0
2026-05-11,2026-05-12,Money Management,Mass Payouts,,0,0
2026-06-01,2026-06-07,Money Management,Faster Payouts,,0,0
2026-07-13,2026-07-13,Money Management,Financial Accounts,,0,0
2026-10-26,2026-10-26,Money Management,Financial Accounts,,0,0
2026-08-17,2026-08-18,Money Management,Mass Payouts,,0,0
2026-11-16,2026-11-17,Money Management,Mass Payouts,,0,0
2026-11-16,2026-11-16,Money Management,Money Management Stretch,,62240.57827,0
2026-04-20,2026-04-22,Money Management,Bridge,0,0,0
2026-08-31,2026-09-06,Money Management,Money Management Stretch,,62366.64627,0
2026-05-11,2026-05-14,Money Management,Bridge,,0,0
2026-01-12,2026-01-15,Money Management,Money Management Stretch,0,81627.68351,0
2026-08-17,2026-08-20,Money Management,Money Management Stretch,,55698.44481,0
2026-11-09,2026-11-11,Money Management,Financial Accounts,,0,0
2025-03-17,2025-03-21,Money Management,Faster Payouts,0,0,0
2026-01-05,2026-01-11,Money Management,Money Management Stretch,0,81627.68351,0
2026-12-07,2026-12-08,Money Management,Money Management Stretch,,62996.05707,0
2026-12-21,2026-12-27,Money Management,Financial Accounts,,0,0
2025-06-09,2025-06-15,Money Management,Other BaaS Products,-2793.81,0,0
2025-10-13,2025-10-16,Money Management,Financial Accounts,-4258.913531,0,0
2022-12-12,2022-12-12,Money Management,Financial Accounts,-17065.27,,
2021-12-06,2021-12-09,Money Management,Other BaaS Products,-14898.14,,
2026-04-13,2026-04-14,Money Management,Other BaaS Products,-3445.34,0,0
2024-09-23,2024-09-29,Money Management,Other BaaS Products,-2905.8,,
2025-03-24,2025-03-30,Money Management,Mass Payouts,1.320799824,0,0
2021-07-19,2021-07-24,Money Management,Other BaaS Products,-8320.47,,
2021-08-30,2021-09-01,Money Management,Other BaaS Products,-12979.05,,
2025-06-23,2025-06-28,Money Management,Faster Payouts,79859.51305,0,0
2025-05-05,2025-05-11,Money Management,Other BaaS Products,-3629.52,0,0
2021-11-01,2021-11-01,Money Management,Other BaaS Products,-6616.82,,
2024-12-23,2024-12-28,Money Management,Mass Payouts,56,,
2025-06-16,2025-06-21,Money Management,Faster Payouts,13623.79668,0,0
2023-08-28,2023-08-28,Money Management,Other BaaS Products,-4801.53,,
2024-03-11,2024-03-16,Money Management,Other BaaS Products,-4931.47,,
2021-09-27,2021-10-02,Money Management,Other BaaS Products,-19154.59,,
2022-03-21,2022-03-24,Money Management,Other BaaS Products,-13952.15,,
2025-02-24,2025-03-01,Money Management,Mass Payouts,23,0,0
2025-10-06,2025-10-08,Money Management,Other BaaS Products,-5051.03,0,0
2022-10-31,2022-11-06,Money Management,Other BaaS Products,876.96,,
2025-12-01,2025-12-01,Money Management,Other BaaS Products,-7851.24,0,0
2026-02-09,2026-02-14,Money Management,Other BaaS Products,-2818.48,0,0
2025-03-24,2025-03-25,Money Management,Mass Payouts,707.4123995,0,0
2025-02-17,2025-02-22,Money Management,Financial Accounts,-10000,0,0
2025-11-03,2025-11-05,Money Management,Other BaaS Products,-3565.43,0,0
2023-02-27,2023-03-05,Money Management,Other BaaS Products,-6243.95,,
2024-01-08,2024-01-11,Money Management,Financial Accounts,26797.47,,
2022-08-15,2022-08-21,Money Management,Other BaaS Products,-5359.65,,
2021-07-26,2021-08-01,Money Management,Other BaaS Products,-5696.3,,
2025-06-09,2025-06-12,Money Management,Faster Payouts,17226.67646,0,0
2022-04-18,2022-04-22,Money Management,Other BaaS Products,-13425.67,,
2025-11-10,2025-11-14,Money Management,Other BaaS Products,-3361.13,0,0
2022-10-10,2022-10-13,Money Management,Other BaaS Products,-10234.43,,
2026-04-27,2026-05-02,Money Management,Financial Accounts,,0,0
2025-07-07,2025-07-09,Money Management,Mass Payouts,2073.01047,0,0
2023-09-11,2023-09-11,Money Management,Other BaaS Products,-4760.42,,
2026-12-21,2026-12-25,Money Management,Money Management Stretch,,62996.05707,0
2026-10-26,2026-11-01,Money Management,Other BaaS Products,,0,0
2025-10-13,2025-10-14,Money Management,Bridge,0,0,0
2025-01-27,2025-01-28,Money Management,Faster Payouts,0,0,0
2025-09-29,2025-10-05,Money Management,Bridge,0,0,0
2026-06-15,2026-06-21,Money Management,Financial Accounts,,0,0
2025-03-03,2025-03-04,Money Management,Bridge,0,0,0
2026-05-18,2026-05-20,Money Management,Money Management Stretch,,58666.88449,0
2026-10-19,2026-10-24,Money Management,Other BaaS Products,,0,0
2026-11-23,2026-11-25,Money Management,Faster Payouts,,0,0
2026-01-26,2026-01-28,Money Management,Money Management Stretch,0,81627.68351,0
2025-02-03,2025-02-03,Money Management,Financial Accounts,0,0,0
2026-04-13,2026-04-15,Money Management,Money Management Stretch,0,59526.40594,0
2026-12-21,2026-12-22,Money Management,Other BaaS Products,,0,0
2025-07-21,2025-07-25,Money Management,Bridge,0,0,0
2026-07-27,2026-07-27,Money Management,Other BaaS Products,,0,0
2026-06-15,2026-06-17,Money Management,Faster Payouts,,0,0
2026-10-05,2026-10-07,Money Management,Money Management Stretch,,61959.00061,0
2026-10-12,2026-10-13,Money Management,Faster Payouts,,0,0
2026-08-31,2026-09-01,Money Management,Financial Accounts,,0,0
2026-09-28,2026-09-29,Money Management,Mass Payouts,,0,0
2026-11-30,2026-12-02,Money Management,Other BaaS Products,,0,0
2026-04-13,2026-04-13,Money Management,Bridge,0,0,0
2026-12-28,2026-12-31,Money Management,Bridge,,8189041,8420000
2025-01-20,2025-01-26,Money Management,Mass Payouts,0,0,0
2026-10-05,2026-10-09,Money Management,Money Management Stretch,,61959.00061,0
2021-01-25,2021-01-31,Money Management,Other BaaS Products,-95361.04432,,
2022-07-18,2022-07-24,Money Management,Other BaaS Products,-5844.41,,
2025-09-01,2025-09-05,Money Management,Faster Payouts,-53979.34481,0,0
2025-05-19,2025-05-24,Money Management,Financial Accounts,-4376.45,0,0
2023-11-06,2023-11-12,Money Management,Other BaaS Products,-4342.81,,
2025-07-14,2025-07-20,Money Management,Financial Accounts,-4725.26,0,0
2026-04-13,2026-04-13,Money Management,Mass Payouts,27074.47503,0,0
2021-08-16,2021-08-22,Money Management,Other BaaS Products,-9306.97,,
2025-07-21,2025-07-24,Money Management,Mass Payouts,2072.071222,0,0
2025-11-17,2025-11-19,Money Management,Financial Accounts,-47747.89163,0,0
2025-10-20,2025-10-20,Money Management,Mass Payouts,2033.379554,0,0
2021-12-20,2021-12-25,Money Management,Other BaaS Products,-6517.28,,
2021-11-15,2021-11-19,Money Management,Other BaaS Products,-14864.39,,
2023-05-01,2023-05-05,Money Management,Financial Accounts,42869.04,,
2021-11-08,2021-11-14,Money Management,Other BaaS Products,-6814.59,,
2024-11-04,2024-11-06,Money Management,Other BaaS Products,-6719.4,,
2022-07-11,2022-07-13,Money Management,Financial Accounts,5764.17,,
2025-07-14,2025-07-19,Money Management,Other BaaS Products,-2763.66,0,0
2019-06-24,2019-06-30,Money Management,Other BaaS Products,45135.26417,,
2023-07-03,2023-07-08,Money Management,Financial Accounts,280258.61,,
2022-06-27,2022-06-30,Money Management,Financial Accounts,-80834.99,,
2026-04-27,2026-04-28,Money Management,Faster Payouts,60381.99688,0,0
2023-03-27,2023-03-31,Money Management,Other BaaS Products,326010.6,,
2022-04-18,2022-04-20,Money Management,Other BaaS Products,-12048.63,,
2025-06-16,2025-06-19,Money Management,Other BaaS Products,-5850.22,0,0
2026-04-06,2026-04-09,Money Management,Mass Payouts,40531.55739,0,0
2026-03-09,2026-03-14,Money Management,Financial Accounts,-6156.460883,0,0
2022-12-19,2022-12-21,Money Management,Other BaaS Products,-7771.67,,
2023-04-10,2023-04-16,Money Management,Other BaaS Products,-6534.8,,
2025-11-17,2025-11-18,Money Management,Other BaaS Products,-2844.72,0,0
2025-07-21,2025-07-23,Money Management,Bridge,0,0,0
2026-05-18,2026-05-20,Money Management,Bridge,,0,0
2025-01-20,2025-01-25,Money Management,Financial Accounts,0,0,0
2026-04-13,2026-04-17,Money Management,Bridge,0,0,0
2025-04-28,2025-05-03,Money Management,Bridge,0,0,0
2026-12-07,2026-12-10,Money Management,Mass Payouts,,0,0
2026-07-06,2026-07-12,Money Management,Mass Payouts,,0,0
2026-02-02,2026-02-04,Money Management,Bridge,0,0,0
2026-07-20,2026-07-21,Money Management,Mass Payouts,,0,0
2025-12-15,2025-12-20,Money Management,Bridge,0,0,0
2026-11-02,2026-11-05,Money Management,Faster Payouts,,0,0
2026-06-15,2026-06-20,Money Management,Mass Payouts,,0,0
2026-05-18,2026-05-22,Money Management,Bridge,,0,0
2025-04-28,2025-04-28,Money Management,Bridge,0,0,0
2026-11-02,2026-11-04,Money Management,Faster Payouts,,0,0
2026-07-27,2026-07-30,Money Management,Mass Payouts,,0,0
2026-10-05,2026-10-08,Money Management,Mass Payouts,,0,0
2026-09-07,2026-09-09,Money Management,Financial Accounts,,0,0
2026-10-05,2026-10-09,Money Management,Bridge,,0,0
2025-12-29,2026-01-03,Money Management,Money Management Stretch,0,81627.68351,0
2026-08-24,2026-08-24,Money Management,Bridge,,0,0
2026-11-30,2026-11-30,Money Management,Other BaaS Products,,249280,306320
2026-01-05,2026-01-05,Money Management,Money Management Stretch,0,81627.68351,0
2026-12-07,2026-12-08,Money Management,Other BaaS Products,,0,0
2026-05-11,2026-05-16,Money Management,Money Management Stretch,,58666.88449,0
2025-06-16,2025-06-22,Money Management,Bridge,0,0,0
2025-01-06,2025-01-09,Money Management,Faster Payouts,-119514.79,0,0
2022-02-28,2022-03-05,Money Management,Other BaaS Products,-12730.17,,
2023-12-11,2023-12-16,Money Management,Other BaaS Products,-5948.78,,
2025-12-01,2025-12-04,Money Management,Mass Payouts,4809.595259,0,0
2024-01-01,2024-01-06,Money Management,Other BaaS Products,93.69,,
2024-08-26,2024-08-30,Money Management,Other BaaS Products,-5577.64,,
2024-11-11,2024-11-12,Money Management,Other BaaS Products,-5233.2,,
2024-02-05,2024-02-07,Money Management,Other BaaS Products,-2971.16,,
2023-06-05,2023-06-08,Money Management,Other BaaS Products,-7389.89,,
2026-01-12,2026-01-13,Money Management,Mass Payouts,16531.46383,0,0
2024-10-07,2024-10-13,Money Management,Other BaaS Products,-3526.16,,
2023-10-30,2023-11-04,Money Management,Other BaaS Products,-4585.77,,
2025-07-14,2025-07-17,Money Management,Mass Payouts,2447.262238,0,0
2022-12-26,2022-12-30,Money Management,Other BaaS Products,-4699.82,,
2026-01-19,2026-01-23,Money Management,Mass Payouts,11690.37737,0,0
2025-07-07,2025-07-07,Money Management,Mass Payouts,2092.986456,0,0
2026-03-23,2026-03-25,Money Management,Mass Payouts,18767.69067,0,0
2025-09-01,2025-09-02,Money Management,Mass Payouts,2887.877945,0,0
2026-02-09,2026-02-13,Money Management,Other BaaS Products,-4487.1,0,0
2024-04-01,2024-04-05,Money Management,Other BaaS Products,-2339.85,,
2026-02-09,2026-02-12,Money Management,Financial Accounts,-1562632.053,0,0
2023-10-16,2023-10-20,Money Management,Other BaaS Products,-7412.96,,
2024-12-30,2024-12-30,Money Management,Mass Payouts,557.25,,
2022-04-25,2022-04-26,Money Management,Other BaaS Products,-22077.18,,
2026-04-27,2026-04-30,Money Management,Bridge,,5802995,5925000
2025-10-27,2025-10-28,Money Management,Faster Payouts,34119.86897,0,0
2023-07-31,2023-08-01,Money Management,Other BaaS Products,-24237.29,,
2024-08-12,2024-08-14,Money Management,Other BaaS Products,-4936.82,,
2025-09-29,2025-09-30,Money Management,Other BaaS Products,151632.94,38642.83,38642.83
2022-06-06,2022-06-08,Money Management,Other BaaS Products,-754.51,,
2026-04-06,2026-04-06,Money Management,Financial Accounts,-64894.84244,0,0
2026-04-06,2026-04-10,Money Management,Mass Payouts,25626.24582,0,0
2026-01-19,2026-01-21,Money Management,Faster Payouts,53488.64715,0,0
2024-11-04,2024-11-05,Money Management,Financial Accounts,0,,
2025-11-03,2025-11-03,Money Management,Faster Payouts,44166.18968,0,0
2023-10-23,2023-10-24,Money Management,Other BaaS Products,-11852.03,,
2026-02-16,2026-02-20,Money Management,Other BaaS Products,-3046.9,0,0
2026-04-27,2026-05-03,Money Management,Other BaaS Products,,0,0
2025-12-22,2025-12-25,Money Management,Faster Payouts,15525.20773,0,0
2025-09-15,2025-09-19,Money Management,Mass Payouts,3534.039588,0,0
2019-10-28,2019-10-31,Money Management,Other BaaS Products,1559.093053,,
2021-12-06,2021-12-12,Money Management,Other BaaS Products,-5770.17,,
2024-10-21,2024-10-27,Money Management,Other BaaS Products,-3744.52,,
2022-01-24,2022-01-29,Money Management,Other BaaS Products,-10280.21,,
2025-02-24,2025-02-28,Money Management,Faster Payouts,-147757.6099,346881.2842,346881.2842
2026-01-05,2026-01-05,Money Management,Other BaaS Products,-2390.11,0,0
2021-08-30,2021-09-05,Money Management,Other BaaS Products,-6955.63,,
2021-01-25,2021-01-25,Money Management,Other BaaS Products,0,,
2025-10-13,2025-10-14,Money Management,Faster Payouts,33029.88656,0,0
2022-03-21,2022-03-22,Money Management,Other BaaS Products,-11144.99,,
2023-09-25,2023-09-27,Money Management,Other BaaS Products,-6399.53,,
2023-02-20,2023-02-21,Money Management,Other BaaS Products,-5545.09,,
2025-11-17,2025-11-20,Money Management,Faster Payouts,32382.01386,0,0
2023-12-04,2023-12-09,Money Management,Other BaaS Products,-6394.82,,
2025-12-22,2025-12-22,Money Management,Financial Accounts,-4559.12074,0,0
2022-12-05,2022-12-06,Money Management,Other BaaS Products,-7449.48,,
2022-07-18,2022-07-22,Money Management,Other BaaS Products,-11846.62,,
2025-04-14,2025-04-15,Money Management,Other BaaS Products,-5006.91,0,0
2024-01-29,2024-02-04,Money Management,Financial Accounts,-0.01,,
2023-12-18,2023-12-19,Money Management,Financial Accounts,0,,
2025-10-06,2025-10-07,Money Management,Faster Payouts,-58182.5351,0,0
2022-12-19,2022-12-25,Money Management,Other BaaS Products,-3616.09,,
2024-04-01,2024-04-04,Money Management,Financial Accounts,0.04,,
2025-01-13,2025-01-13,Money Management,Mass Payouts,462.75,0,0
2021-09-06,2021-09-10,Money Management,Other BaaS Products,-12887,,
2025-04-07,2025-04-13,Money Management,Other BaaS Products,-2980.05,0,0
2025-12-22,2025-12-28,Money Management,Mass Payouts,7641.559641,0,0
2024-04-15,2024-04-17,Money Management,Financial Accounts,0,,
2026-03-16,2026-03-22,Money Management,Financial Accounts,-5407.984536,0,0
2024-11-04,2024-11-04,Money Management,Other BaaS Products,-2986.09,,
2023-04-24,2023-04-28,Money Management,Other BaaS Products,-5673.31,,
2024-09-02,2024-09-03,Money Management,Mass Payouts,107,,
2022-10-24,2022-10-25,Money Management,Other BaaS Products,-8664.79,,
2024-09-23,2024-09-23,Money Management,Other BaaS Products,-3037.23,,
2022-01-31,2022-01-31,Money Management,Other BaaS Products,553026.1411,,
2022-08-15,2022-08-17,Money Management,Other BaaS Products,-9248.37,,
2025-05-12,2025-05-13,Money Management,Other BaaS Products,-4455.2,0,0
2025-01-27,2025-01-29,Money Management,Financial Accounts,0,0,0
2026-01-05,2026-01-06,Money Management,Money Management Stretch,0,81627.68351,0
2026-08-31,2026-09-04,Money Management,Money Management Stretch,,62366.64627,0
2026-02-09,2026-02-13,Money Management,Bridge,0,0,0
2025-11-10,2025-11-12,Money Management,Bridge,0,0,0
2026-06-08,2026-06-14,Money Management,Mass Payouts,,0,0
2026-02-16,2026-02-17,Money Management,Bridge,0,0,0
2026-01-05,2026-01-05,Money Management,Bridge,0,0,0
2026-08-10,2026-08-11,Money Management,Financial Accounts,,0,0
2026-09-14,2026-09-14,Money Management,Money Management Stretch,,62366.64627,0
2026-12-21,2026-12-27,Money Management,Other BaaS Products,,0,0
2026-08-24,2026-08-25,Money Management,Financial Accounts,,0,0
2026-12-28,2026-12-31,Money Management,Money Management Stretch,,62996.05707,0
2025-03-03,2025-03-06,Money Management,Bridge,0,0,0
2026-05-04,2026-05-07,Money Management,Bridge,,0,0
2026-09-14,2026-09-15,Money Management,Money Management Stretch,,62366.64627,0
2025-01-27,2025-02-02,Money Management,Financial Accounts,0,0,0
2026-08-03,2026-08-06,Money Management,Bridge,,0,0
2026-01-12,2026-01-18,Money Management,Money Management Stretch,0,81627.68351,0
2026-08-17,2026-08-22,Money Management,Faster Payouts,,0,0
2026-04-13,2026-04-15,Money Management,Bridge,0,0,0
2026-11-16,2026-11-19,Money Management,Other BaaS Products,,0,0
2026-09-21,2026-09-21,Money Management,Mass Payouts,,0,0
2026-04-13,2026-04-14,Money Management,Faster Payouts,57520.34476,0,0
2024-09-02,2024-09-08,Money Management,Other BaaS Products,-3194.1,,
2025-01-06,2025-01-09,Money Management,Other BaaS Products,-4811.42,0,0
2025-11-17,2025-11-17,Money Management,Other BaaS Products,-3457.37,0,0
2024-07-29,2024-07-29,Money Management,Mass Payouts,207,,
2025-01-13,2025-01-15,Money Management,Mass Payouts,263.25,0,0
2024-02-26,2024-02-27,Money Management,Other BaaS Products,-6107.77,,
2026-03-16,2026-03-22,Money Management,Mass Payouts,26040.02588,0,0
2025-10-20,2025-10-22,Money Management,Mass Payouts,1925.210902,0,0
2024-07-08,2024-07-13,Money Management,Mass Payouts,5,,
2021-10-11,2021-10-17,Money Management,Other BaaS Products,-8137.85,,
2026-03-09,2026-03-09,Money Management,Other BaaS Products,-2863.52,0,0
2024-08-05,2024-08-06,Money Management,Mass Payouts,75,,
2023-07-10,2023-07-16,Money Management,Other BaaS Products,-3333.2,,
2025-05-26,2025-05-29,Money Management,Mass Payouts,1081.062165,0,0
2024-12-09,2024-12-10,Money Management,Other BaaS Products,-8593.5,,
2025-12-29,2025-12-30,Money Management,Mass Payouts,23443.06352,0,0
2024-09-30,2024-10-01,Money Management,Faster Payouts,233439.7657,,
2024-12-02,2024-12-08,Money Management,Other BaaS Products,-2522.47,,
2026-04-13,2026-04-15,Money Management,Other BaaS Products,-4991.13,0,0
2023-05-29,2023-06-03,Money Management,Other BaaS Products,-13034.29,,
2024-05-06,2024-05-08,Money Management,Other BaaS Products,-16190.79,,
2024-12-23,2024-12-24,Money Management,Mass Payouts,184,,
2025-04-14,2025-04-18,Money Management,Faster Payouts,9981.533407,0,0
2021-09-20,2021-09-21,Money Management,Other BaaS Products,-9152.83,,
2025-07-21,2025-07-23,Money Management,Financial Accounts,-3948.93911,0,0
2026-04-06,2026-04-07,Money Management,Financial Accounts,1940134.515,0,0
2025-10-06,2025-10-08,Money Management,Faster Payouts,30921.68805,0,0
2022-10-24,2022-10-27,Money Management,Other BaaS Products,-12545,,
2023-02-20,2023-02-26,Money Management,Other BaaS Products,-6391.19,,
2025-09-01,2025-09-02,Money Management,Faster Payouts,38062.00925,0,0
2025-10-13,2025-10-19,Money Management,Faster Payouts,18013.20007,0,0
2025-03-24,2025-03-27,Money Management,Other BaaS Products,-5513.33,0,0
2025-09-08,2025-09-08,Money Management,Other BaaS Products,-2285.4,0,0
2022-09-26,2022-10-02,Money Management,Other BaaS Products,-18221.45,,
2025-11-03,2025-11-08,Money Management,Faster Payouts,22433.99476,0,0
2022-04-18,2022-04-23,Money Management,Other BaaS Products,-577.35,,
2022-06-06,2022-06-07,Money Management,Other BaaS Products,-3238.81,,
2024-03-18,2024-03-19,Money Management,Other BaaS Products,-5987.73,,
2024-09-09,2024-09-09,Money Management,Financial Accounts,1001650.58,,
2023-02-20,2023-02-25,Money Management,Other BaaS Products,-6939.74,,
2022-07-25,2022-07-31,Money Management,Other BaaS Products,391153.02,,
2025-11-17,2025-11-23,Money Management,Faster Payouts,16992.43287,0,0
2025-06-23,2025-06-26,Money Management,Other BaaS Products,-3394.42,0,0
2024-05-13,2024-05-15,Money Management,Other BaaS Products,-8120.52,,
2025-09-08,2025-09-09,Money Management,Financial Accounts,-374462.0493,0,0
2026-04-06,2026-04-10,Money Management,Financial Accounts,-3466.259874,0,0
2022-03-07,2022-03-09,Money Management,Other BaaS Products,-14534.58,,
2025-10-20,2025-10-22,Money Management,Financial Accounts,-5376.646585,0,0
2026-03-16,2026-03-20,Money Management,Other BaaS Products,-3871.27,0,0
2025-05-12,2025-05-16,Money Management,Other BaaS Products,-4689.7,0,0
2022-01-10,2022-01-16,Money Management,Other BaaS Products,-7463.04,,
2023-02-06,2023-02-07,Money Management,Other BaaS Products,-1574.85,,
2025-03-03,2025-03-05,Money Management,Other BaaS Products,-7325.09,0,0
2025-11-03,2025-11-09,Money Management,Other BaaS Products,-1844.22,0,0
2024-06-10,2024-06-14,Money Management,Mass Payouts,8,,
2025-12-22,2025-12-27,Money Management,Faster Payouts,84110.77659,0,0
2023-10-09,2023-10-12,Money Management,Other BaaS Products,-8703.25,,
2025-05-05,2025-05-11,Money Management,Financial Accounts,-4317.66,0,0
2024-09-30,2024-10-04,Money Management,Faster Payouts,-6.987031067,,
2026-01-12,2026-01-14,Money Management,Other BaaS Products,-3187.65,0,0
2023-08-28,2023-08-31,Money Management,Other BaaS Products,269907.23,,
2025-03-17,2025-03-22,Money Management,Mass Payouts,19,0,0
2025-12-01,2025-12-02,Money Management,Financial Accounts,-5051.141442,0,0
2023-11-06,2023-11-09,Money Management,Other BaaS Products,-6943.79,,
2024-09-23,2024-09-25,Money Management,Other BaaS Products,-7214.85,,
2024-12-16,2024-12-16,Money Management,Mass Payouts,506.25,,
2020-12-28,2020-12-31,Money Management,Other BaaS Products,-87161.57718,,
2025-09-01,2025-09-04,Money Management,Other BaaS Products,-2909.23,0,0
2025-12-15,2025-12-17,Money Management,Other BaaS Products,-3122.82,0,0
2025-01-06,2025-01-10,Money Management,Mass Payouts,1298,0,0
2026-01-12,2026-01-15,Money Management,Financial Accounts,-5378.073098,0,0
2025-06-09,2025-06-10,Money Management,Other BaaS Products,-3670.08,0,0
2025-11-17,2025-11-21,Money Management,Bridge,0,0,0
2026-07-06,2026-07-11,Money Management,Mass Payouts,,0,0
2026-06-01,2026-06-07,Money Management,Money Management Stretch,,61733.51194,0
2025-01-13,2025-01-16,Money Management,Faster Payouts,0,0,0
2026-11-16,2026-11-18,Money Management,Mass Payouts,,0,0
2026-08-24,2026-08-26,Money Management,Financial Accounts,,0,0
2026-04-20,2026-04-25,Money Management,Bridge,0,0,0
2025-03-24,2025-03-29,Money Management,Bridge,0,0,0
2026-09-14,2026-09-19,Money Management,Faster Payouts,,0,0
2026-08-17,2026-08-17,Money Management,Faster Payouts,,0,0
2025-04-14,2025-04-17,Money Management,Mass Payouts,0,0,0
2025-12-08,2025-12-10,Money Management,Bridge,0,0,0
2026-08-31,2026-09-06,Money Management,Financial Accounts,,0,0
2026-06-01,2026-06-03,Money Management,Faster Payouts,,0,0
2026-09-21,2026-09-24,Money Management,Bridge,,0,0
2026-10-19,2026-10-20,Money Management,Faster Payouts,,0,0
2026-03-02,2026-03-07,Money Management,Money Management Stretch,0,59782.24803,0
2026-06-29,2026-07-04,Money Management,Bridge,,0,0
2026-05-11,2026-05-14,Money Management,Faster Payouts,,0,0
2026-02-09,2026-02-14,Money Management,Money Management Stretch,0,90388.06711,0
2026-12-21,2026-12-22,Money Management,Money Management Stretch,,62996.05707,0
2026-04-27,2026-05-02,Money Management,Other BaaS Products,,0,0
2023-02-06,2023-02-09,Money Management,Financial Accounts,-12602.34,,
2026-04-06,2026-04-11,Money Management,Other BaaS Products,-3207.31,0,0
2025-10-27,2025-10-31,Money Management,Mass Payouts,3523.020035,57410.06598,57410.06598
2026-03-02,2026-03-04,Money Management,Other BaaS Products,-5907.67,0,0
2026-02-16,2026-02-17,Money Management,Mass Payouts,18143.89187,0,0
2026-02-02,2026-02-08,Money Management,Faster Payouts,30055.17388,0,0
2025-04-21,2025-04-25,Money Management,Financial Accounts,-4488.08,0,0
2025-04-07,2025-04-09,Money Management,Other BaaS Products,-7896.98,0,0
2021-12-20,2021-12-23,Money Management,Other BaaS Products,-19292.53,,
2025-04-28,2025-05-03,Money Management,Faster Payouts,16275.46208,0,0
2021-11-15,2021-11-15,Money Management,Other BaaS Products,-14627.42,,
2021-11-29,2021-12-01,Money Management,Other BaaS Products,-24656.48,,
2021-08-30,2021-08-30,Money Management,Other BaaS Products,-5944.84,,
2021-07-19,2021-07-23,Money Management,Other BaaS Products,-9787.52,,
2022-01-17,2022-01-22,Money Management,Other BaaS Products,-9680.93,,
2022-02-21,2022-02-24,Money Management,Other BaaS Products,-11806.22,,
2026-01-26,2026-01-29,Money Management,Mass Payouts,31559.84929,0,0
2026-01-26,2026-01-26,Money Management,Other BaaS Products,-1534.81,0,0
2023-12-25,2023-12-28,Money Management,Other BaaS Products,-4409.06,,
2021-04-05,2021-04-07,Money Management,Other BaaS Products,43351.44,,
2025-03-10,2025-03-10,Money Management,Other BaaS Products,-4166.7,0,0
2025-10-20,2025-10-23,Money Management,Financial Accounts,-5188.082906,0,0
2022-02-28,2022-03-04,Money Management,Financial Accounts,187992,,
2022-09-05,2022-09-06,Money Management,Other BaaS Products,-459.02,,
2021-01-18,2021-01-22,Money Management,Other BaaS Products,0,,
2022-05-30,2022-06-01,Money Management,Other BaaS Products,-9159.29,,
2023-03-27,2023-04-01,Money Management,Financial Accounts,-1.73,,
2022-10-31,2022-11-05,Money Management,Other BaaS Products,-7610.39,,
2022-03-14,2022-03-20,Money Management,Other BaaS Products,-8952.99,,
2025-08-04,2025-08-05,Money Management,Mass Payouts,2233.77825,0,0
2023-07-03,2023-07-05,Money Management,Other BaaS Products,-5838.85,,
2023-10-16,2023-10-17,Money Management,Other BaaS Products,-6519.02,,
2025-12-01,2025-12-05,Money Management,Mass Payouts,6138.689175,0,0
2024-03-11,2024-03-15,Money Management,Other BaaS Products,-5652.47,,
2023-12-11,2023-12-13,Money Management,Other BaaS Products,-7244.64,,
2025-10-20,2025-10-21,Money Management,Mass Payouts,2239.735869,0,0
2021-09-13,2021-09-13,Money Management,Financial Accounts,-13060.99,,
2025-11-24,2025-11-26,Money Management,Faster Payouts,32936.31409,0,0
2025-11-17,2025-11-19,Money Management,Mass Payouts,3034.7948,0,0
2024-01-22,2024-01-22,Money Management,Other BaaS Products,-4581.28,,
2026-01-26,2026-02-01,Money Management,Mass Payouts,13873.77565,0,0
2023-07-10,2023-07-10,Money Management,Other BaaS Products,-4787.72,,
2026-03-23,2026-03-27,Money Management,Money Management Stretch,0,59782.24803,0
2026-06-15,2026-06-15,Money Management,Faster Payouts,,0,0
2025-01-06,2025-01-06,Money Management,Faster Payouts,0,0,0
2026-12-07,2026-12-09,Money Management,Faster Payouts,,0,0
2026-02-16,2026-02-16,Money Management,Money Management Stretch,0,90388.06711,0
2025-11-03,2025-11-08,Money Management,Bridge,0,0,0
2025-02-10,2025-02-15,Money Management,Financial Accounts,0,0,0
2026-10-26,2026-10-27,Money Management,Mass Payouts,,0,0
2025-05-12,2025-05-18,Money Management,Bridge,0,0,0
2026-02-02,2026-02-03,Money Management,Bridge,0,0,0
2026-06-01,2026-06-07,Money Management,Other BaaS Products,,0,0
2025-03-31,2025-04-02,Money Management,Faster Payouts,0,0,0
2026-03-09,2026-03-12,Money Management,Money Management Stretch,0,59782.24803,0
2025-04-14,2025-04-14,Money Management,Bridge,0,0,0
2025-10-06,2025-10-11,Money Management,Faster Payouts,20099.3808,0,0
2025-06-09,2025-06-14,Money Management,Mass Payouts,17.5,0,0
2025-07-21,2025-07-27,Money Management,Faster Payouts,11408.72244,0,0
2025-03-17,2025-03-18,Money Management,Mass Payouts,636.1747989,0,0
2022-08-01,2022-08-03,Money Management,Other BaaS Products,-20258.03,,
2025-09-01,2025-09-06,Money Management,Mass Payouts,99.5,0,0
2023-05-29,2023-06-01,Money Management,Financial Accounts,-54478.83,,
2022-09-05,2022-09-09,Money Management,Other BaaS Products,-19843.27,,
2026-02-23,2026-02-23,Money Management,Mass Payouts,19016.57196,0,0
2022-04-11,2022-04-17,Money Management,Other BaaS Products,-7888.82,,
2025-10-06,2025-10-10,Money Management,Mass Payouts,2420.375024,0,0
2025-08-18,2025-08-24,Money Management,Other BaaS Products,-1981.15,0,0
2025-09-08,2025-09-12,Money Management,Faster Payouts,27645.83848,0,0
2025-06-09,2025-06-15,Money Management,Financial Accounts,-5716.02,0,0
2023-04-03,2023-04-03,Money Management,Other BaaS Products,-14979.8,,
2022-06-27,2022-06-27,Money Management,Other BaaS Products,-5113.74,,
2024-08-19,2024-08-23,Money Management,Other BaaS Products,-6735.67,,
2023-05-01,2023-05-01,Money Management,Other BaaS Products,-4473.76,,
2025-05-26,2025-06-01,Money Management,Other BaaS Products,-9912.37,0,0
2025-08-25,2025-08-29,Money Management,Financial Accounts,-4267.119081,0,0
2024-12-02,2024-12-07,Money Management,Mass Payouts,47,,
2025-01-06,2025-01-08,Money Management,Mass Payouts,440.5,0,0
2024-11-04,2024-11-09,Money Management,Mass Payouts,46,,
2025-05-12,2025-05-18,Money Management,Other BaaS Products,-2288.12,0,0
2022-07-04,2022-07-04,Money Management,Other BaaS Products,-5668.55,,
2025-09-29,2025-10-03,Money Management,Other BaaS Products,-6894.8,0,0
2026-11-23,2026-11-26,Money Management,Money Management Stretch,,62240.57827,0
2026-09-28,2026-09-28,Money Management,Bridge,,0,0
2026-07-06,2026-07-07,Money Management,Other BaaS Products,,0,0
2026-03-30,2026-04-03,Money Management,Bridge,0,0,0
2025-10-27,2025-10-29,Money Management,Bridge,0,0,0
2026-06-22,2026-06-23,Money Management,Faster Payouts,,0,0
2026-11-23,2026-11-29,Money Management,Financial Accounts,,0,0
2026-03-30,2026-04-05,Money Management,Bridge,0,0,0
2026-09-07,2026-09-08,Money Management,Mass Payouts,,0,0
2026-11-16,2026-11-17,Money Management,Faster Payouts,,0,0
2026-06-29,2026-07-04,Money Management,Other BaaS Products,,0,0
2025-08-11,2025-08-12,Money Management,Bridge,0,0,0
2026-11-09,2026-11-14,Money Management,Money Management Stretch,,62240.57827,0
2026-01-05,2026-01-07,Money Management,Bridge,0,0,0
2026-12-28,2026-12-30,Money Management,Mass Payouts,,0,0
2026-09-28,2026-10-01,Money Management,Money Management Stretch,,61959.00061,0
2026-10-26,2026-10-26,Money Management,Money Management Stretch,,61959.00061,0
2026-06-15,2026-06-18,Money Management,Financial Accounts,,0,0
2026-08-10,2026-08-10,Money Management,Money Management Stretch,,55698.44481,0
2025-08-04,2025-08-09,Money Management,Bridge,0,0,0
2026-11-02,2026-11-07,Money Management,Money Management Stretch,,62240.57827,0
2025-08-11,2025-08-11,Money Management,Financial Accounts,-5303.597929,0,0
2025-11-10,2025-11-11,Money Management,Faster Payouts,29617.11453,0,0
2025-11-24,2025-11-24,Money Management,Mass Payouts,4195.801059,0,0
2024-03-25,2024-03-30,Money Management,Other BaaS Products,-5250.3,,
2024-08-26,2024-08-31,Money Management,Other BaaS Products,256645.66,,
2022-09-05,2022-09-08,Money Management,Financial Accounts,-7901.79,,
2022-02-07,2022-02-08,Money Management,Other BaaS Products,-15411.02,,
2023-08-14,2023-08-19,Money Management,Other BaaS Products,-6069.49,,
2025-05-19,2025-05-22,Money Management,Mass Payouts,889.8307998,0,0
2022-10-24,2022-10-28,Money Management,Other BaaS Products,-11810.79,,
2025-06-02,2025-06-05,Money Management,Other BaaS Products,-3460.5,0,0
2024-06-24,2024-06-30,Money Management,Mass Payouts,1,,
2025-04-07,2025-04-12,Money Management,Faster Payouts,10503.3601,0,0
2026-03-23,2026-03-28,Money Management,Faster Payouts,108584.3554,0,0
2026-02-09,2026-02-11,Money Management,Mass Payouts,23247.82045,0,0
2023-07-31,2023-08-03,Money Management,Other BaaS Products,-16108.13,,
2025-08-04,2025-08-05,Money Management,Faster Payouts,26393.98548,0,0
2023-08-28,2023-09-03,Money Management,Other BaaS Products,-9592.91,,
2023-11-13,2023-11-14,Money Management,Other BaaS Products,-6852.05,,
2024-02-12,2024-02-18,Money Management,Other BaaS Products,-2720.23,,
2023-06-26,2023-07-01,Money Management,Financial Accounts,-389522.37,,
2024-04-08,2024-04-14,Money Management,Other BaaS Products,-3322.84,,
2025-04-07,2025-04-10,Money Management,Financial Accounts,-1356614.46,0,0
2025-11-03,2025-11-09,Money Management,Faster Payouts,18861.34716,0,0
2025-10-20,2025-10-24,Money Management,Other BaaS Products,-5808.03,0,0
2024-04-22,2024-04-24,Money Management,Other BaaS Products,-6644.64,,
2025-12-29,2026-01-03,Money Management,Other BaaS Products,-2797.61,0,0
2024-04-01,2024-04-04,Money Management,Other BaaS Products,-6708.62,,
2024-11-11,2024-11-14,Money Management,Other BaaS Products,-6636.4,,
2022-07-18,2022-07-18,Money Management,Other BaaS Products,-4292.37,,
2025-01-27,2025-01-27,Money Management,Financial Accounts,0,0,0
2023-03-13,2023-03-15,Money Management,Financial Accounts,0.5,,
2026-02-02,2026-02-03,Money Management,Faster Payouts,50660.53927,0,0
2025-10-13,2025-10-13,Money Management,Financial Accounts,-5976.126792,0,0
2021-11-29,2021-12-03,Money Management,Other BaaS Products,-27585.06,,
2024-04-29,2024-05-04,Money Management,Financial Accounts,-0.01,,
2024-09-02,2024-09-04,Money Management,Financial Accounts,-0.03,,
2026-11-02,2026-11-03,Money Management,Faster Payouts,,0,0
2026-06-01,2026-06-07,Money Management,Financial Accounts,,0,0
2026-08-24,2026-08-29,Money Management,Bridge,,0,0
2025-09-01,2025-09-01,Money Management,Bridge,0,0,0
2026-11-02,2026-11-08,Money Management,Faster Payouts,,0,0
2026-07-27,2026-07-31,Money Management,Bridge,,6761123,6822600
2026-10-12,2026-10-15,Money Management,Faster Payouts,,0,0
2026-08-17,2026-08-17,Money Management,Other BaaS Products,,0,0
2026-08-03,2026-08-09,Money Management,Bridge,,0,0
2026-08-17,2026-08-23,Money Management,Financial Accounts,,0,0
2026-06-29,2026-06-29,Money Management,Other BaaS Products,,0,0
2025-03-31,2025-04-05,Money Management,Faster Payouts,0,0,0
2025-03-10,2025-03-16,Money Management,Financial Accounts,0,0,0
2026-11-16,2026-11-21,Money Management,Money Management Stretch,,62240.57827,0
2026-09-07,2026-09-08,Money Management,Financial Accounts,,0,0
2024-06-17,2024-06-18,Money Management,Mass Payouts,14,,
2023-01-16,2023-01-22,Money Management,Other BaaS Products,-4771.09,,
2026-04-13,2026-04-15,Money Management,Financial Accounts,3277.188277,0,0
2025-08-04,2025-08-06,Money Management,Mass Payouts,2288.125846,0,0
2023-07-03,2023-07-07,Money Management,Other BaaS Products,-6805.45,,
2022-08-29,2022-08-30,Money Management,Other BaaS Products,-15393.95,,
2026-02-09,2026-02-10,Money Management,Mass Payouts,31121.13273,0,0
2022-10-03,2022-10-05,Money Management,Other BaaS Products,-13339.82,,
2025-07-28,2025-08-03,Money Management,Financial Accounts,-4914.12,0,0
2025-08-25,2025-08-25,Money Management,Mass Payouts,1987.400848,0,0
2025-07-07,2025-07-10,Money Management,Faster Payouts,130754.7662,0,0
2024-10-28,2024-10-31,Money Management,Other BaaS Products,258038.76,,
2025-01-13,2025-01-17,Money Management,Mass Payouts,1680.25,0,0
2022-08-08,2022-08-13,Money Management,Other BaaS Products,-12281.63,,
2023-04-24,2023-04-29,Money Management,Other BaaS Products,-8803.04,,
2023-09-04,2023-09-10,Money Management,Other BaaS Products,-4838.59,,
2025-06-02,2025-06-07,Money Management,Faster Payouts,12526.05197,0,0
2025-08-04,2025-08-05,Money Management,Financial Accounts,-5697.86564,0,0
2026-03-16,2026-03-17,Money Management,Faster Payouts,48478.307,0,0
2022-08-08,2022-08-11,Money Management,Other BaaS Products,-12111.61,,
2026-03-09,2026-03-10,Money Management,Other BaaS Products,-4307.62,0,0
2024-08-26,2024-08-29,Money Management,Other BaaS Products,-5801.68,,
2025-02-24,2025-03-02,Money Management,Other BaaS Products,-19943.42,0,0
2025-07-21,2025-07-23,Money Management,Other BaaS Products,-7004.09,0,0
2024-11-18,2024-11-19,Money Management,Other BaaS Products,-5962.8,,
2025-12-01,2025-12-03,Money Management,Mass Payouts,5059.611447,0,0
2025-05-26,2025-05-28,Money Management,Mass Payouts,1012.680393,0,0
2022-11-07,2022-11-11,Money Management,Financial Accounts,-25232.68,,
2025-11-24,2025-11-25,Money Management,Mass Payouts,3465.485871,0,0
2026-03-09,2026-03-09,Money Management,Financial Accounts,-5019.739326,0,0
2024-06-03,2024-06-08,Money Management,Other BaaS Products,-6329.17,,
2022-05-09,2022-05-15,Money Management,Other BaaS Products,-17121.93,,
2026-09-28,2026-09-29,Money Management,Other BaaS Products,,0,0
2026-02-16,2026-02-21,Money Management,Money Management Stretch,0,90388.06711,0
2026-08-10,2026-08-14,Money Management,Faster Payouts,,0,0
2026-05-11,2026-05-13,Money Management,Faster Payouts,,0,0
2025-12-22,2025-12-24,Money Management,Bridge,0,0,0
2026-10-05,2026-10-05,Money Management,Faster Payouts,,0,0
2025-12-29,2025-12-30,Money Management,Bridge,0,0,0
2026-05-11,2026-05-14,Money Management,Other BaaS Products,,0,0
2026-06-22,2026-06-24,Money Management,Mass Payouts,,0,0
2026-10-26,2026-10-30,Money Management,Mass Payouts,,0,0
2026-12-28,2026-12-29,Money Management,Mass Payouts,,0,0
2026-06-08,2026-06-08,Money Management,Faster Payouts,,0,0
2026-10-26,2026-10-27,Money Management,Financial Accounts,,0,0
2025-03-10,2025-03-14,Money Management,Bridge,0,0,0
2026-12-21,2026-12-27,Money Management,Faster Payouts,,0,0
2026-05-04,2026-05-09,Money Management,Faster Payouts,,0,0
2025-12-15,2025-12-18,Money Management,Bridge,0,0,0
2026-08-03,2026-08-08,Money Management,Bridge,,0,0
2026-01-12,2026-01-12,Money Management,Faster Payouts,49401.45597,0,0
2023-02-13,2023-02-19,Money Management,Other BaaS Products,-4523.44,,
2024-01-22,2024-01-28,Money Management,Other BaaS Products,-6791.29,,
2023-08-14,2023-08-15,Money Management,Other BaaS Products,-7756.99,,
2024-06-24,2024-06-27,Money Management,Other BaaS Products,-8147.07,,
2021-06-28,2021-06-30,Money Management,Financial Accounts,116452.18,,
2026-01-05,2026-01-07,Money Management,Financial Accounts,-3603258.202,0,0
2023-02-27,2023-03-01,Money Management,Other BaaS Products,-16407.49,,
2022-11-28,2022-11-29,Money Management,Other BaaS Products,-8904.45,,
2023-10-30,2023-11-02,Money Management,Other BaaS Products,-20798.99,,
2025-09-22,2025-09-27,Money Management,Other BaaS Products,-3354.87,0,0
2025-01-20,2025-01-22,Money Management,Faster Payouts,-170.0172013,0,0
2024-07-08,2024-07-12,Money Management,Mass Payouts,9,,
2023-07-31,2023-07-31,Money Management,Financial Accounts,1790717.95,,
2025-12-01,2025-12-01,Money Management,Faster Payouts,69734.18029,0,0
2025-09-22,2025-09-24,Money Management,Mass Payouts,1616.277483,0,0
2026-02-02,2026-02-05,Money Management,Faster Payouts,45351.05882,0,0
2025-07-28,2025-08-03,Money Management,Other BaaS Products,-2760.61,0,0
2025-06-02,2025-06-08,Money Management,Other BaaS Products,-2528.64,0,0
2024-06-17,2024-06-22,Money Management,Other BaaS Products,-5701.53,,
2024-04-29,2024-05-03,Money Management,Other BaaS Products,-11074.17,,
2023-11-06,2023-11-07,Money Management,Other BaaS Products,-7313.91,,
2021-09-20,2021-09-20,Money Management,Other BaaS Products,-4740.79,,
2025-05-05,2025-05-05,Money Management,Financial Accounts,1728223.58,0,0
2026-01-19,2026-01-24,Money Management,Faster Payouts,33744.79175,0,0
2021-08-02,2021-08-03,Money Management,Other BaaS Products,-19948.16,,
2022-02-21,2022-02-27,Money Management,Other BaaS Products,-5912.32,,
2022-01-10,2022-01-11,Money Management,Other BaaS Products,-10002.9,,
2021-09-06,2021-09-12,Money Management,Other BaaS Products,-6258.61,,
2023-09-18,2023-09-19,Money Management,Other BaaS Products,-6370.29,,
2023-10-23,2023-10-29,Money Management,Other BaaS Products,-4211.34,,
2025-09-15,2025-09-20,Money Management,Mass Payouts,74,0,0
2026-05-25,2026-05-31,Money Management,Bridge,,6089905,5893200
2022-05-30,2022-05-30,Money Management,Other BaaS Products,-5139.89,,
2024-09-02,2024-09-03,Money Management,Other BaaS Products,-7354.22,,
2025-06-23,2025-06-23,Money Management,Faster Payouts,16013.92202,0,0
2025-12-29,2026-01-03,Money Management,Financial Accounts,-5226.041355,0,0
2025-04-28,2025-04-30,Money Management,Other BaaS Products,226097.55,56341,56341
2025-08-04,2025-08-09,Money Management,Financial Accounts,-5328.69,0,0
2024-05-13,2024-05-13,Money Management,Other BaaS Products,-6126.81,,
2025-09-01,2025-09-01,Money Management,Faster Payouts,43746.32135,0,0
2025-07-28,2025-07-29,Money Management,Faster Payouts,20799.07287,0,0
2025-12-22,2025-12-26,Money Management,Financial Accounts,-5444.552805,0,0
2023-09-11,2023-09-14,Money Management,Other BaaS Products,-7425.98,,
2026-03-09,2026-03-10,Money Management,Money Management Stretch,0,59782.24803,0
2026-09-21,2026-09-25,Money Management,Financial Accounts,,0,0
2026-09-14,2026-09-18,Money Management,Mass Payouts,,0,0
2026-11-23,2026-11-24,Money Management,Bridge,,0,0
2026-10-19,2026-10-23,Money Management,Bridge,,0,0
2025-03-31,2025-04-06,Money Management,Faster Payouts,0,0,0
2026-05-18,2026-05-19,Money Management,Money Management Stretch,,58666.88449,0
2026-11-23,2026-11-23,Money Management,Money Management Stretch,,62240.57827,0
2026-11-09,2026-11-10,Money Management,Other BaaS Products,,0,0
2026-08-31,2026-08-31,Money Management,Money Management Stretch,,55698.44481,0
2026-09-07,2026-09-09,Money Management,Other BaaS Products,,0,0
2025-05-12,2025-05-12,Money Management,Mass Payouts,0,0,0
2025-04-21,2025-04-21,Money Management,Mass Payouts,0,0,0
2026-10-19,2026-10-25,Money Management,Bridge,,0,0
2026-06-22,2026-06-22,Money Management,Money Management Stretch,,61733.51194,0
2026-11-30,2026-12-04,Money Management,Other BaaS Products,,0,0
2025-03-24,2025-03-30,Money Management,Financial Accounts,0,0,0
2026-03-02,2026-03-04,Money Management,Money Management Stretch,0,59782.24803,0
2025-05-26,2025-05-30,Money Management,Bridge,0,0,0
2025-12-15,2025-12-16,Money Management,Bridge,0,0,0
2025-04-07,2025-04-12,Money Management,Bridge,0,0,0
2022-10-31,2022-11-01,Money Management,Other BaaS Products,-8713.97,,
2025-06-23,2025-06-29,Money Management,Faster Payouts,75360.24953,0,0
2022-05-16,2022-05-18,Money Management,Other BaaS Products,-10252.62,,
2023-10-02,2023-10-04,Money Management,Other BaaS Products,-7687.5,,
2021-10-25,2021-10-31,Money Management,Other BaaS Products,526560.6421,,
2023-05-15,2023-05-21,Money Management,Other BaaS Products,-4381.03,,
2023-09-18,2023-09-23,Money Management,Other BaaS Products,-5000.3,,
2022-02-07,2022-02-07,Money Management,Other BaaS Products,-1.78,,
2024-12-30,2024-12-31,Money Management,Other BaaS Products,215972.74,,
2026-01-19,2026-01-25,Money Management,Financial Accounts,-7024.608254,0,0
2025-07-14,2025-07-14,Money Management,Other BaaS Products,-4500.1,0,0
2025-09-22,2025-09-27,Money Management,Mass Payouts,73.8,0,0
2024-06-17,2024-06-18,Money Management,Other BaaS Products,-6793.06,,
2022-05-09,2022-05-12,Money Management,Other BaaS Products,-9990.72,,
2025-11-24,2025-11-29,Money Management,Mass Payouts,3493.209782,0,0
2024-05-27,2024-05-29,Money Management,Mass Payouts,2,,
2025-07-07,2025-07-13,Money Management,Other BaaS Products,-1770.73,0,0
2022-03-28,2022-03-31,Money Management,Other BaaS Products,77158.36808,,
2026-02-23,2026-03-01,Money Management,Financial Accounts,-13071.69709,0,0
2021-09-13,2021-09-17,Money Management,Other BaaS Products,-11085.11,,
2026-02-02,2026-02-02,Money Management,Mass Payouts,14016.95691,0,0
2023-06-12,2023-06-14,Money Management,Other BaaS Products,-7870.45,,
2023-12-18,2023-12-23,Money Management,Financial Accounts,0,,
2021-06-28,2021-07-03,Money Management,Other BaaS Products,34026.67,,
2026-02-23,2026-02-27,Money Management,Other BaaS Products,-3539.47,0,0
2024-04-29,2024-04-30,Money Management,Other BaaS Products,270162.38,,
2024-12-02,2024-12-03,Money Management,Mass Payouts,23035.07,,
2026-12-07,2026-12-12,Money Management,Financial Accounts,,0,0
2026-02-23,2026-03-01,Money Management,Money Management Stretch,0,59782.24803,0
2026-11-16,2026-11-17,Money Management,Other BaaS Products,,0,0
2025-07-07,2025-07-07,Money Management,Bridge,0,0,0
2026-10-26,2026-10-30,Money Management,Other BaaS Products,,0,0
2026-08-03,2026-08-06,Money Management,Financial Accounts,,0,0
2026-07-27,2026-07-28,Money Management,Mass Payouts,,0,0
2026-08-31,2026-09-04,Money Management,Mass Payouts,,0,0
2025-04-28,2025-05-01,Money Management,Mass Payouts,0,0,0
2026-04-20,2026-04-24,Money Management,Money Management Stretch,0,59526.40594,0
2026-05-18,2026-05-21,Money Management,Mass Payouts,,0,0
2026-12-14,2026-12-18,Money Management,Financial Accounts,,0,0
2025-06-23,2025-06-29,Money Management,Bridge,0,0,0
2026-07-06,2026-07-06,Money Management,Other BaaS Products,,0,0
2026-06-22,2026-06-28,Money Management,Mass Payouts,,0,0
2026-12-21,2026-12-25,Money Management,Mass Payouts,,0,0
2025-10-20,2025-10-26,Money Management,Bridge,0,0,0
2026-08-03,2026-08-05,Money Management,Other BaaS Products,,0,0
2026-07-27,2026-07-30,Money Management,Money Management Stretch,,58531.61449,0
2026-05-25,2026-05-29,Money Management,Other BaaS Products,,0,0
2026-10-26,2026-10-26,Money Management,Faster Payouts,,0,0
2026-03-16,2026-03-21,Money Management,Bridge,0,0,0
2025-01-27,2025-02-02,Money Management,Faster Payouts,0,0,0
2025-03-10,2025-03-15,Money Management,Faster Payouts,0,0,0
2025-06-16,2025-06-16,Money Management,Bridge,0,0,0
2026-05-25,2026-05-31,Money Management,Money Management Stretch,,58666.88449,0
2026-04-20,2026-04-21,Money Management,Mass Payouts,26509.76553,0,0
2026-04-20,2026-04-22,Money Management,Faster Payouts,53821.83325,0,0
2025-06-30,2025-07-06,Money Management,Other BaaS Products,-1394.65,0,0
2026-02-02,2026-02-07,Money Management,Other BaaS Products,-2663.2,0,0
2023-04-03,2023-04-08,Money Management,Other BaaS Products,-6279.51,,
2023-07-17,2023-07-23,Money Management,Other BaaS Products,-3992.42,,
2025-09-08,2025-09-10,Money Management,Mass Payouts,2061.21597,0,0
2025-08-04,2025-08-06,Money Management,Other BaaS Products,-4803.85,0,0
2026-01-19,2026-01-21,Money Management,Other BaaS Products,-3249,0,0
2025-03-03,2025-03-07,Money Management,Other BaaS Products,-8853.06,0,0
2026-04-20,2026-04-20,Money Management,Other BaaS Products,-3056.92,0,0
2021-09-06,2021-09-06,Money Management,Other BaaS Products,-6356.69,,
2024-11-04,2024-11-09,Money Management,Other BaaS Products,-5123.33,,
2021-10-18,2021-10-24,Money Management,Other BaaS Products,-5807.52,,
2024-08-26,2024-08-29,Money Management,Mass Payouts,43.25,,
2025-06-09,2025-06-13,Money Management,Faster Payouts,19449.22702,0,0
2025-09-01,2025-09-03,Money Management,Mass Payouts,3379.729799,0,0
2023-04-10,2023-04-12,Money Management,Other BaaS Products,-8323.69,,
2025-09-29,2025-10-05,Money Management,Faster Payouts,24336.84566,0,0
2026-01-19,2026-01-22,Money Management,Financial Accounts,-5657.618927,0,0
2026-01-12,2026-01-18,Money Management,Mass Payouts,12627.0758,0,0
2024-08-19,2024-08-23,Money Management,Financial Accounts,0,,
2023-10-09,2023-10-11,Money Management,Other BaaS Products,-7517.98,,
2024-12-09,2024-12-11,Money Management,Mass Payouts,626,,
2021-11-29,2021-12-04,Money Management,Other BaaS Products,-19694.43,,
2023-08-28,2023-09-01,Money Management,Financial Accounts,-50450.44,,
2025-03-10,2025-03-14,Money Management,Other BaaS Products,-5730.1,0,0
2026-01-12,2026-01-17,Money Management,Other BaaS Products,-5238.67,0,0
2025-05-26,2025-05-29,Money Management,Other BaaS Products,-8058.89,0,0
2025-05-05,2025-05-06,Money Management,Financial Accounts,-3740455.83,0,0
2026-03-30,2026-03-30,Money Management,Other BaaS Products,-2753.23,0,0
2024-10-21,2024-10-25,Money Management,Other BaaS Products,-5912.35,,
2024-07-15,2024-07-19,Money Management,Mass Payouts,56,,
2022-11-07,2022-11-09,Money Management,Other BaaS Products,-11694.39,,
2023-04-10,2023-04-11,Money Management,Other BaaS Products,-7465.11,,
2025-06-09,2025-06-10,Money Management,Mass Payouts,1674.555517,0,0
2025-08-25,2025-08-27,Money Management,Other BaaS Products,-3162.92,0,0
2024-04-01,2024-04-03,Money Management,Other BaaS Products,-11240.11,,
2025-03-03,2025-03-04,Money Management,Mass Payouts,440.4911997,0,0
2022-06-13,2022-06-14,Money Management,Other BaaS Products,-9016.46,,
2025-08-11,2025-08-12,Money Management,Financial Accounts,-1362938.32,0,0
2024-07-08,2024-07-10,Money Management,Mass Payouts,47.25,,
2025-03-24,2025-03-28,Money Management,Financial Accounts,0.0314219271,0,0
2025-11-17,2025-11-17,Money Management,Financial Accounts,126545.9656,0,0
2024-11-04,2024-11-08,Money Management,Other BaaS Products,-7825.05,,
2026-10-05,2026-10-06,Money Management,Other BaaS Products,,0,0
2026-11-23,2026-11-25,Money Management,Bridge,,0,0
2026-07-06,2026-07-09,Money Management,Bridge,,0,0
2026-10-19,2026-10-23,Money Management,Money Management Stretch,,61959.00061,0
2026-08-24,2026-08-29,Money Management,Other BaaS Products,,0,0
2025-04-28,2025-04-29,Money Management,Mass Payouts,0,0,0
2026-05-25,2026-05-30,Money Management,Mass Payouts,,0,0
2026-10-12,2026-10-12,Money Management,Bridge,,0,0
2026-12-28,2026-12-31,Money Management,Mass Payouts,,877363.94,1130694.99
2026-08-03,2026-08-04,Money Management,Financial Accounts,,0,0
2026-01-12,2026-01-12,Money Management,Money Management Stretch,0,81627.68351,0
2026-09-14,2026-09-20,Money Management,Mass Payouts,,0,0
2026-03-02,2026-03-08,Money Management,Bridge,0,0,0
2025-03-31,2025-04-03,Money Management,Bridge,0,0,0
2026-11-23,2026-11-24,Money Management,Money Management Stretch,,62240.57827,0
2026-07-06,2026-07-10,Money Management,Bridge,,0,0
2026-03-02,2026-03-04,Money Management,Bridge,0,0,0
2026-07-27,2026-07-31,Money Management,Other BaaS Products,,146240,150160
2025-02-24,2025-02-25,Money Management,Faster Payouts,0,0,0
2025-01-27,2025-01-27,Money Management,Faster Payouts,0,0,0
2026-06-01,2026-06-04,Money Management,Financial Accounts,,0,0
2026-10-12,2026-10-14,Money Management,Bridge,,0,0
2026-08-10,2026-08-11,Money Management,Bridge,,0,0
2026-07-20,2026-07-24,Money Management,Other BaaS Products,,0,0
2026-12-28,2026-12-31,Money Management,Faster Payouts,,2158134.62,2258930.81
2026-08-03,2026-08-03,Money Management,Mass Payouts,,0,0
2021-09-27,2021-10-01,Money Management,Other BaaS Products,-10676.76,,
2025-08-25,2025-08-28,Money Management,Financial Accounts,189280.5046,0,0
2025-12-01,2025-12-04,Money Management,Other BaaS Products,-4522.04,0,0
2022-03-07,2022-03-10,Money Management,Other BaaS Products,-13386.56,,
2025-09-08,2025-09-10,Money Management,Faster Payouts,23724.1383,0,0
2025-12-29,2026-01-04,Money Management,Financial Accounts,-4836.100426,0,0
2026-01-12,2026-01-14,Money Management,Financial Accounts,-1882640.271,0,0
2022-02-14,2022-02-14,Money Management,Other BaaS Products,-9701.18,,
2025-12-15,2025-12-18,Money Management,Faster Payouts,37494.56009,0,0
2023-10-23,2023-10-23,Money Management,Other BaaS Products,-5506.05,,
2023-09-04,2023-09-09,Money Management,Other BaaS Products,-6407.89,,
2026-01-05,2026-01-07,Money Management,Faster Payouts,52370.31009,0,0
2025-12-29,2026-01-01,Money Management,Faster Payouts,45765.4027,0,0
2024-05-06,2024-05-07,Money Management,Financial Accounts,419193.97,,
2026-02-09,2026-02-13,Money Management,Faster Payouts,48077.66973,0,0
2024-01-15,2024-01-16,Money Management,Other BaaS Products,-4721.14,,
2025-07-21,2025-07-21,Money Management,Mass Payouts,2419.811654,0,0
2026-02-16,2026-02-16,Money Management,Financial Accounts,-4585.953196,0,0
2024-06-10,2024-06-12,Money Management,Other BaaS Products,-7589.21,,
2025-08-04,2025-08-04,Money Management,Mass Payouts,2881.845118,0,0
2025-04-07,2025-04-08,Money Management,Financial Accounts,-4425.351539,0,0
2022-02-14,2022-02-18,Money Management,Other BaaS Products,-14842.6,,
2023-04-10,2023-04-14,Money Management,Other BaaS Products,-7921.62,,
2026-01-26,2026-01-30,Money Management,Other BaaS Products,-4060.44,0,0
2025-03-03,2025-03-08,Money Management,Financial Accounts,-253935.63,0,0
2026-04-13,2026-04-19,Money Management,Mass Payouts,23036.9139,0,0
2024-12-23,2024-12-27,Money Management,Mass Payouts,2504,,
2025-12-15,2025-12-19,Money Management,Other BaaS Products,-3514.84,0,0
2020-03-30,2020-03-31,Money Management,Other BaaS Products,-171724.0337,,
2025-09-01,2025-09-06,Money Management,Faster Payouts,15098.46951,0,0
2026-03-09,2026-03-12,Money Management,Financial Accounts,-3180.617634,0,0
2023-10-30,2023-11-04,Money Management,Financial Accounts,-0.03,,
2025-03-31,2025-04-04,Money Management,Financial Accounts,-1946622.864,0,0
2025-06-23,2025-06-26,Money Management,Faster Payouts,34351.89596,0,0
2023-07-31,2023-08-01,Money Management,Financial Accounts,-29254.91,,
2021-07-05,2021-07-09,Money Management,Other BaaS Products,-7673.05,,
2022-03-07,2022-03-07,Money Management,Other BaaS Products,11014.91,,
2026-05-18,2026-05-23,Money Management,Money Management Stretch,,58666.88449,0
2026-08-03,2026-08-06,Money Management,Faster Payouts,,0,0
2025-03-03,2025-03-05,Money Management,Financial Accounts,0,0,0
2026-06-29,2026-07-02,Money Management,Other BaaS Products,,0,0
2025-05-12,2025-05-17,Money Management,Bridge,0,0,0
2026-12-21,2026-12-23,Money Management,Mass Payouts,,0,0
2026-08-24,2026-08-24,Money Management,Other BaaS Products,,0,0
2026-12-14,2026-12-18,Money Management,Faster Payouts,,0,0
2026-10-12,2026-10-16,Money Management,Money Management Stretch,,61959.00061,0
2025-07-14,2025-07-14,Money Management,Bridge,0,0,0
2025-06-23,2025-06-23,Money Management,Mass Payouts,1194.227382,0,0
2024-09-02,2024-09-05,Money Management,Mass Payouts,56.75,,
2023-04-10,2023-04-15,Money Management,Other BaaS Products,-6012.33,,
2024-09-23,2024-09-27,Money Management,Other BaaS Products,-6984.83,,
2024-09-02,2024-09-06,Money Management,Financial Accounts,-404009.59,,
2025-07-28,2025-08-01,Money Management,Financial Accounts,-4729.543084,0,0
2023-11-27,2023-12-01,Money Management,Financial Accounts,-109408.08,,
2026-01-12,2026-01-14,Money Management,Mass Payouts,17831.12289,0,0
2023-02-13,2023-02-17,Money Management,Other BaaS Products,-7173.93,,
2025-09-01,2025-09-04,Money Management,Mass Payouts,1885.092531,0,0
2025-08-04,2025-08-05,Money Management,Other BaaS Products,-6486.72,0,0
2023-10-30,2023-11-01,Money Management,Financial Accounts,-10433.16,,
2026-03-23,2026-03-26,Money Management,Faster Payouts,105354.3371,0,0
2024-05-06,2024-05-07,Money Management,Other BaaS Products,-406.06,,
2025-03-10,2025-03-11,Money Management,Mass Payouts,422.3019996,0,0
2026-01-26,2026-01-31,Money Management,Other BaaS Products,135331.94,3200,28729.78
2025-09-08,2025-09-14,Money Management,Financial Accounts,-5588.58,0,0
2025-06-09,2025-06-13,Money Management,Mass Payouts,2619.196182,0,0
2023-04-10,2023-04-10,Money Management,Financial Accounts,-0.18,,
2025-01-27,2025-01-27,Money Management,Mass Payouts,369.75,0,0
2024-12-30,2025-01-05,Money Management,Other BaaS Products,-2685.91,0,0
2023-07-31,2023-08-02,Money Management,Financial Accounts,0,,
2025-04-28,2025-04-29,Money Management,Faster Payouts,15356.97721,0,0
2025-03-31,2025-04-03,Money Management,Other BaaS Products,-7925.05,0,0
2025-03-17,2025-03-21,Money Management,Mass Payouts,2866.302399,0,0
2024-08-05,2024-08-06,Money Management,Other BaaS Products,-9140.57,,
2025-06-30,2025-07-03,Money Management,Financial Accounts,-90296.54,0,0
2025-10-13,2025-10-18,Money Management,Mass Payouts,190.1529861,0,0
2024-11-04,2024-11-06,Money Management,Financial Accounts,0,,
2023-01-02,2023-01-06,Money Management,Other BaaS Products,-6968.1,,
2024-03-25,2024-03-27,Money Management,Other BaaS Products,-7582.51,,
2025-08-18,2025-08-21,Money Management,Financial Accounts,-4798.634398,0,0
2025-10-06,2025-10-09,Money Management,Financial Accounts,-6586.241515,0,0
2026-11-09,2026-11-14,Money Management,Mass Payouts,,0,0
2026-10-19,2026-10-22,Money Management,Financial Accounts,,0,0
2026-07-06,2026-07-08,Money Management,Bridge,,0,0
2025-04-14,2025-04-17,Money Management,Bridge,0,0,0
2026-12-14,2026-12-17,Money Management,Bridge,,0,0
2026-11-23,2026-11-24,Money Management,Other BaaS Products,,0,0
2026-10-12,2026-10-16,Money Management,Faster Payouts,,0,0
2026-11-30,2026-12-04,Money Management,Bridge,,0,0
2026-09-28,2026-10-01,Money Management,Mass Payouts,,0,0
2026-10-19,2026-10-21,Money Management,Other BaaS Products,,0,0
2026-08-31,2026-09-03,Money Management,Faster Payouts,,0,0
2025-06-23,2025-06-27,Money Management,Bridge,0,0,0
2026-09-14,2026-09-20,Money Management,Financial Accounts,,0,0
2026-11-09,2026-11-11,Money Management,Faster Payouts,,0,0
2025-07-28,2025-08-03,Money Management,Bridge,0,0,0
2026-02-23,2026-02-23,Money Management,Money Management Stretch,0,90388.06711,0
2025-01-20,2025-01-23,Money Management,Faster Payouts,0,0,0
2026-10-12,2026-10-14,Money Management,Faster Payouts,,0,0
2026-11-30,2026-12-01,Money Management,Money Management Stretch,,62996.05707,0
2026-08-31,2026-09-01,Money Management,Bridge,,0,0
2026-09-07,2026-09-08,Money Management,Money Management Stretch,,62366.64627,0
2023-07-24,2023-07-28,Money Management,Other BaaS Products,-6154.93,,
2025-04-21,2025-04-21,Money Management,Other BaaS Products,-2867.09,0,0
2024-07-08,2024-07-12,Money Management,Other BaaS Products,-6266.8,,
2024-08-26,2024-08-26,Money Management,Other BaaS Products,-3507.94,,
2025-02-03,2025-02-09,Money Management,Other BaaS Products,-3041.38,0,0
2025-12-15,2025-12-21,Money Management,Mass Payouts,7848.817109,0,0
2024-10-14,2024-10-17,Money Management,Mass Payouts,97.75,,
2025-12-08,2025-12-14,Money Management,Faster Payouts,17788.98369,0,0
2025-07-14,2025-07-15,Money Management,Mass Payouts,2449.165436,0,0
2025-11-24,2025-11-28,Money Management,Mass Payouts,5923.011732,0,0
2025-02-24,2025-02-25,Money Management,Financial Accounts,0,0,0
2022-05-02,2022-05-05,Money Management,Other BaaS Products,-14917.41,,
2022-05-09,2022-05-13,Money Management,Other BaaS Products,-12788.47,,
2023-09-25,2023-09-30,Money Management,Other BaaS Products,295463.26,,
2020-05-25,2020-05-31,Money Management,Other BaaS Products,-111158.1574,,
2026-04-13,2026-04-18,Money Management,Faster Payouts,43803.50196,0,0
2025-04-07,2025-04-08,Money Management,Other BaaS Products,-5912.36,0,0
2023-05-15,2023-05-18,Money Management,Other BaaS Products,-7770.76,,
2026-03-02,2026-03-03,Money Management,Faster Payouts,57263.87371,0,0
2025-05-12,2025-05-12,Money Management,Other BaaS Products,-3418.97,0,0
2025-08-04,2025-08-07,Money Management,Other BaaS Products,-3564.86,0,0
2024-02-05,2024-02-06,Money Management,Financial Accounts,-339905.82,,
2022-01-10,2022-01-15,Money Management,Other BaaS Products,-21546.05,,
2024-11-11,2024-11-11,Money Management,Faster Payouts,-39549.27,,
2026-01-26,2026-01-27,Money Management,Financial Accounts,-6285.859741,0,0
2022-05-23,2022-05-27,Money Management,Other BaaS Products,-20289.11,,
2022-12-26,2022-12-26,Money Management,Other BaaS Products,-4530.3,,
2025-09-29,2025-09-29,Money Management,Mass Payouts,2045.930426,0,0
2024-12-02,2024-12-05,Money Management,Financial Accounts,-47483.03,,
2024-11-25,2024-11-30,Money Management,Financial Accounts,2511798.89,,
2022-03-07,2022-03-07,Money Management,Financial Accounts,25000,,
2025-11-17,2025-11-22,Money Management,Mass Payouts,687.3695891,0,0
2024-06-24,2024-06-26,Money Management,Mass Payouts,20.5,,
2025-06-09,2025-06-11,Money Management,Mass Payouts,1330.928727,0,0
2025-09-29,2025-10-01,Money Management,Other BaaS Products,-12410.66,0,0
2024-08-19,2024-08-20,Money Management,Other BaaS Products,-5247.49,,
2026-12-14,2026-12-19,Money Management,Faster Payouts,,0,0
2026-09-07,2026-09-09,Money Management,Mass Payouts,,0,0
2026-06-01,2026-06-01,Money Management,Money Management Stretch,,61733.51194,0
2026-09-28,2026-10-02,Money Management,Financial Accounts,,0,0
2025-02-24,2025-02-24,Money Management,Bridge,0,0,0
2026-07-20,2026-07-20,Money Management,Other BaaS Products,,0,0
2026-12-14,2026-12-16,Money Management,Money Management Stretch,,62996.05707,0
2026-09-07,2026-09-13,Money Management,Bridge,,0,0
2026-10-05,2026-10-05,Money Management,Bridge,,0,0
2025-06-02,2025-06-07,Money Management,Bridge,0,0,0
2026-10-12,2026-10-14,Money Management,Financial Accounts,,0,0
2026-11-09,2026-11-10,Money Management,Mass Payouts,,0,0
2025-04-07,2025-04-11,Money Management,Mass Payouts,0,0,0
2026-11-02,2026-11-06,Money Management,Mass Payouts,,0,0
2026-10-19,2026-10-21,Money Management,Mass Payouts,,0,0
2025-11-03,2025-11-07,Money Management,Bridge,0,0,0
2026-08-24,2026-08-27,Money Management,Bridge,,0,0
2025-03-24,2025-03-28,Money Management,Faster Payouts,0,0,0
2026-05-18,2026-05-24,Money Management,Faster Payouts,,0,0
2022-12-19,2022-12-19,Money Management,Other BaaS Products,-5446.75,,
2024-03-25,2024-03-26,Money Management,Other BaaS Products,-4872.2,,
2024-10-21,2024-10-24,Money Management,Mass Payouts,84,,
2024-06-03,2024-06-05,Money Management,Other BaaS Products,-9147.06,,
2026-01-26,2026-01-31,Money Management,Financial Accounts,4625772.697,720714.2,986497.6245
2025-02-10,2025-02-15,Money Management,Other BaaS Products,-5132.65,0,0
2025-02-03,2025-02-07,Money Management,Other BaaS Products,-5160.43,0,0
2025-12-01,2025-12-04,Money Management,Faster Payouts,45168.84198,0,0
2024-07-08,2024-07-14,Money Management,Mass Payouts,1,,
2022-08-29,2022-08-30,Money Management,Financial Accounts,2,,
2025-05-19,2025-05-22,Money Management,Faster Payouts,16870.0781,0,0
2025-07-21,2025-07-23,Money Management,Mass Payouts,2191.139854,0,0
2024-12-30,2024-12-30,Money Management,Other BaaS Products,-6801.74,,
2025-01-13,2025-01-13,Money Management,Other BaaS Products,-4276.4,0,0
2022-05-02,2022-05-02,Money Management,Other BaaS Products,-12680.82,,
2024-07-01,2024-07-06,Money Management,Financial Accounts,-1305654.98,,
2025-12-15,2025-12-21,Money Management,Other BaaS Products,-1734.37,0,0
2025-09-22,2025-09-26,Money Management,Faster Payouts,95005.45914,0,0
2026-01-12,2026-01-13,Money Management,Other BaaS Products,-3933.56,0,0
2025-01-13,2025-01-18,Money Management,Other BaaS Products,-4996.89,0,0
2026-02-09,2026-02-11,Money Management,Faster Payouts,42975.63603,0,0
2024-06-17,2024-06-21,Money Management,Other BaaS Products,-5652.78,,
2025-10-27,2025-10-31,Money Management,Faster Payouts,254353.9483,1092728.567,1092728.567
2025-09-29,2025-09-30,Money Management,Mass Payouts,2064.498554,53199.77983,53199.77983
2025-06-30,2025-07-01,Money Management,Mass Payouts,1995.199709,0,0
2023-06-05,2023-06-06,Money Management,Other BaaS Products,-7906.58,,
2023-10-09,2023-10-14,Money Management,Other BaaS Products,-5071.91,,
2025-07-14,2025-07-15,Money Management,Other BaaS Products,-4047.13,0,0
2022-08-01,2022-08-01,Money Management,Other BaaS Products,-5939.84,,
2025-08-11,2025-08-14,Money Management,Faster Payouts,26191.76183,0,0
2021-10-18,2021-10-22,Money Management,Other BaaS Products,-10651.26,,
2022-11-21,2022-11-23,Money Management,Other BaaS Products,-15238.83,,
2025-07-21,2025-07-27,Money Management,Financial Accounts,-4820.84,0,0
2024-02-19,2024-02-21,Money Management,Financial Accounts,-3388.21,,
2026-04-27,2026-04-30,Money Management,Mass Payouts,,157449.3,718777.84
2026-02-16,2026-02-18,Money Management,Faster Payouts,42345.93559,0,0
2025-06-16,2025-06-20,Money Management,Faster Payouts,20594.86049,0,0
2022-08-01,2022-08-07,Money Management,Other BaaS Products,-7734.98,,
2026-07-06,2026-07-09,Money Management,Money Management Stretch,,58531.61449,0
2025-07-21,2025-07-26,Money Management,Bridge,0,0,0
2026-07-06,2026-07-09,Money Management,Other BaaS Products,,0,0
2025-12-08,2025-12-09,Money Management,Bridge,0,0,0
2026-02-23,2026-02-25,Money Management,Bridge,0,0,0
2026-11-02,2026-11-04,Money Management,Money Management Stretch,,62240.57827,0
2026-01-12,2026-01-13,Money Management,Money Management Stretch,0,81627.68351,0
2026-10-26,2026-11-01,Money Management,Mass Payouts,,0,0
2025-07-14,2025-07-20,Money Management,Bridge,0,0,0
2026-11-23,2026-11-28,Money Management,Other BaaS Products,,0,0
2026-07-20,2026-07-25,Money Management,Bridge,,0,0
2026-12-14,2026-12-18,Money Management,Mass Payouts,,0,0
2026-03-09,2026-03-13,Money Management,Money Management Stretch,0,59782.24803,0
2025-09-29,2025-09-29,Money Management,Bridge,0,0,0
2026-01-19,2026-01-23,Money Management,Money Management Stretch,0,81627.68351,0
2026-08-24,2026-08-28,Money Management,Money Management Stretch,,55698.44481,0
2026-09-07,2026-09-13,Money Management,Mass Payouts,,0,0
2026-07-20,2026-07-24,Money Management,Bridge,,0,0
2026-10-26,2026-10-29,Money Management,Faster Payouts,,0,0
2026-06-08,2026-06-11,Money Management,Money Management Stretch,,61733.51194,0
2026-06-15,2026-06-19,Money Management,Bridge,,0,0
2024-12-30,2025-01-02,Money Management,Faster Payouts,0,0,0
2026-10-12,2026-10-17,Money Management,Mass Payouts,,0,0
2026-08-24,2026-08-28,Money Management,Other BaaS Products,,0,0
2026-11-16,2026-11-21,Money Management,Financial Accounts,,0,0
2025-10-27,2025-10-27,Money Management,Bridge,0,0,0
2026-07-27,2026-08-01,Money Management,Other BaaS Products,,0,0
2026-08-24,2026-08-26,Money Management,Mass Payouts,,0,0
2026-09-07,2026-09-09,Money Management,Faster Payouts,,0,0
2026-09-07,2026-09-10,Money Management,Money Management Stretch,,62366.64627,0
2026-11-09,2026-11-15,Money Management,Bridge,,0,0
2025-06-30,2025-07-01,Money Management,Bridge,0,0,0
2025-10-13,2025-10-16,Money Management,Bridge,0,0,0
2026-04-27,2026-05-02,Money Management,Money Management Stretch,,58666.88449,0
2026-07-13,2026-07-19,Money Management,Faster Payouts,,0,0
2026-12-21,2026-12-23,Money Management,Financial Accounts,,0,0
2026-06-15,2026-06-21,Money Management,Money Management Stretch,,61733.51194,0
2026-09-14,2026-09-20,Money Management,Other BaaS Products,,0,0
2026-02-23,2026-02-27,Money Management,Money Management Stretch,0,90388.06711,0
2026-11-16,2026-11-20,Money Management,Faster Payouts,,0,0
2026-06-08,2026-06-13,Money Management,Faster Payouts,,0,0
2026-09-28,2026-10-03,Money Management,Mass Payouts,,0,0
2025-01-20,2025-01-25,Money Management,Faster Payouts,0,0,0
2026-05-04,2026-05-08,Money Management,Bridge,,0,0
2025-04-14,2025-04-19,Money Management,Bridge,0,0,0
2026-12-14,2026-12-19,Money Management,Money Management Stretch,,62996.05707,0
2025-05-19,2025-05-23,Money Management,Bridge,0,0,0
2026-09-07,2026-09-09,Money Management,Money Management Stretch,,62366.64627,0
2026-02-16,2026-02-22,Money Management,Bridge,0,0,0
2026-06-15,2026-06-19,Money Management,Mass Payouts,,0,0
2026-08-03,2026-08-03,Money Management,Other BaaS Products,,0,0
2024-11-18,2024-11-23,Money Management,Mass Payouts,51,,
2026-03-09,2026-03-12,Money Management,Mass Payouts,18333.2973,0,0
2023-12-25,2023-12-30,Money Management,Other BaaS Products,-4329.9,,
2021-08-23,2021-08-29,Money Management,Other BaaS Products,-4722.72,,
2023-02-06,2023-02-12,Money Management,Other BaaS Products,-4942.88,,
2021-09-13,2021-09-15,Money Management,Other BaaS Products,-9241.81,,
2025-06-16,2025-06-20,Money Management,Financial Accounts,-5391.456792,0,0
2024-05-20,2024-05-25,Money Management,Financial Accounts,0,,
2025-01-27,2025-01-28,Money Management,Financial Accounts,113198.89,0,0
2022-07-04,2022-07-05,Money Management,Other BaaS Products,-5712.24,,
2025-09-22,2025-09-22,Money Management,Other BaaS Products,-3285.32,0,0
2025-10-13,2025-10-17,Money Management,Faster Payouts,37162.50727,0,0
2025-04-07,2025-04-08,Money Management,Mass Payouts,1.98,0,0
2025-09-15,2025-09-16,Money Management,Financial Accounts,-5851.490928,0,0
2025-11-10,2025-11-12,Money Management,Other BaaS Products,-5728.83,0,0
2026-01-19,2026-01-19,Money Management,Other BaaS Products,-1896.97,0,0
2023-07-24,2023-07-24,Money Management,Financial Accounts,0,,
2024-12-30,2025-01-01,Money Management,Financial Accounts,101470.1,0,0
2025-07-14,2025-07-14,Money Management,Faster Payouts,18296.77716,0,0
2025-12-29,2025-12-31,Money Management,Bridge,5903621.87,5903621.87,5903621.87
2023-07-17,2023-07-21,Money Management,Other BaaS Products,-7026.21,,
2024-03-25,2024-03-29,Money Management,Other BaaS Products,-6722.1,,
2024-09-30,2024-10-05,Money Management,Other BaaS Products,-4442.3,,
2023-12-11,2023-12-15,Money Management,Other BaaS Products,-6703.12,,
2022-12-19,2022-12-24,Money Management,Other BaaS Products,-5394.19,,
2025-12-29,2025-12-31,Money Management,Mass Payouts,17925.21843,273120.1094,273120.1094
2021-09-27,2021-09-30,Money Management,Other BaaS Products,544429.5529,,
2025-03-10,2025-03-12,Money Management,Other BaaS Products,-8054.39,0,0
2023-11-13,2023-11-13,Money Management,Other BaaS Products,-5076.69,,
2026-04-27,2026-05-02,Money Management,Faster Payouts,,0,0
2023-07-17,2023-07-20,Money Management,Other BaaS Products,-6975.82,,
2026-02-09,2026-02-09,Money Management,Financial Accounts,-5228.924042,0,0
2025-08-04,2025-08-10,Money Management,Other BaaS Products,-5526.67,0,0
2026-03-16,2026-03-18,Money Management,Mass Payouts,28795.47441,0,0
2026-01-12,2026-01-18,Money Management,Other BaaS Products,-1986.48,0,0
2024-06-03,2024-06-06,Money Management,Other BaaS Products,-8592.7,,
2021-08-16,2021-08-16,Money Management,Other BaaS Products,-4597.92,,
2026-04-20,2026-04-23,Money Management,Other BaaS Products,-3937.71,0,0
2025-08-25,2025-08-31,Money Management,Faster Payouts,202543.3427,821914.5386,821914.5386
2026-02-16,2026-02-19,Money Management,Financial Accounts,-5004.090957,0,0
2023-04-17,2023-04-22,Money Management,Other BaaS Products,-6210.73,,
2023-08-21,2023-08-24,Money Management,Other BaaS Products,-7226.7,,
2025-12-15,2025-12-15,Money Management,Other BaaS Products,-2410.04,0,0
2025-01-06,2025-01-06,Money Management,Mass Payouts,530,0,0
2026-12-28,2026-12-31,Money Management,Other BaaS Products,,281600,374319
2026-09-21,2026-09-21,Money Management,Financial Accounts,,0,0
2026-11-23,2026-11-25,Money Management,Financial Accounts,,0,0
2026-04-13,2026-04-14,Money Management,Money Management Stretch,0,59526.40594,0
2025-03-17,2025-03-23,Money Management,Bridge,0,0,0
2026-05-25,2026-05-25,Money Management,Mass Payouts,,0,0
2026-05-25,2026-05-26,Money Management,Mass Payouts,,0,0
2025-12-01,2025-12-01,Money Management,Bridge,0,0,0
2026-06-29,2026-06-30,Money Management,Faster Payouts,,1653409.35,1829056.27
2026-06-08,2026-06-08,Money Management,Money Management Stretch,,61733.51194,0
2026-06-29,2026-06-29,Money Management,Mass Payouts,,0,0
2025-03-24,2025-03-28,Money Management,Bridge,0,0,0
2026-10-12,2026-10-12,Money Management,Financial Accounts,,0,0
2026-06-01,2026-06-03,Money Management,Other BaaS Products,,0,0
2025-06-09,2025-06-09,Money Management,Bridge,0,0,0
2025-03-17,2025-03-17,Money Management,Bridge,0,0,0
2023-07-03,2023-07-09,Money Management,Financial Accounts,-0.03,,
2021-08-23,2021-08-25,Money Management,Other BaaS Products,-10180.93,,
2024-02-05,2024-02-10,Money Management,Other BaaS Products,-5360.86,,
2023-02-13,2023-02-13,Money Management,Other BaaS Products,-4849.92,,
2025-08-04,2025-08-07,Money Management,Mass Payouts,2417.708246,0,0
2021-02-08,2021-02-13,Money Management,Other BaaS Products,39038.86,,
2026-01-05,2026-01-10,Money Management,Faster Payouts,32477.09716,0,0
2025-09-22,2025-09-28,Money Management,Financial Accounts,223753.3792,0,0
2025-03-17,2025-03-18,Money Management,Other BaaS Products,-6333.94,0,0
2025-09-08,2025-09-13,Money Management,Faster Payouts,18449.04292,0,0
2025-09-01,2025-09-06,Money Management,Other BaaS Products,-4931.44,0,0
2024-07-01,2024-07-02,Money Management,Other BaaS Products,-19454.58,,
2024-11-11,2024-11-17,Money Management,Other BaaS Products,-3539.46,,
2025-03-24,2025-03-25,Money Management,Other BaaS Products,-5433.56,0,0
2024-10-07,2024-10-10,Money Management,Other BaaS Products,-6013.07,,
2025-04-14,2025-04-17,Money Management,Other BaaS Products,-5275.91,0,0
2025-02-10,2025-02-13,Money Management,Other BaaS Products,-4649.24,0,0
2025-05-12,2025-05-13,Money Management,Mass Payouts,1.5,0,0
2022-03-14,2022-03-15,Money Management,Other BaaS Products,-21505.92,,
2025-11-17,2025-11-17,Money Management,Mass Payouts,2347.143035,0,0
2025-10-13,2025-10-14,Money Management,Financial Accounts,-5997.805762,0,0
2023-03-20,2023-03-21,Money Management,Other BaaS Products,-8365.16,,
2022-07-04,2022-07-09,Money Management,Other BaaS Products,-9097.19,,
2024-09-09,2024-09-12,Money Management,Other BaaS Products,-5795.04,,
2024-12-16,2024-12-17,Money Management,Faster Payouts,17750.17852,,
2024-10-28,2024-11-01,Money Management,Financial Accounts,-716974.38,,
2023-12-04,2023-12-08,Money Management,Financial Accounts,-512533.8,,
2026-09-28,2026-09-28,Money Management,Mass Payouts,,0,0
2026-06-29,2026-07-05,Money Management,Financial Accounts,,0,0
2026-08-24,2026-08-26,Money Management,Faster Payouts,,0,0
2025-04-07,2025-04-13,Money Management,Mass Payouts,0,0,0
2025-10-27,2025-11-02,Money Management,Bridge,0,0,0
2026-09-28,2026-10-04,Money Management,Money Management Stretch,,61959.00061,0
2025-10-20,2025-10-22,Money Management,Bridge,0,0,0
2026-09-07,2026-09-08,Money Management,Other BaaS Products,,0,0
2025-12-01,2025-12-05,Money Management,Bridge,0,0,0
2025-03-03,2025-03-09,Money Management,Bridge,0,0,0
2026-08-17,2026-08-20,Money Management,Bridge,,0,0
2025-03-10,2025-03-15,Money Management,Bridge,0,0,0
2026-10-26,2026-10-27,Money Management,Bridge,,0,0
2026-08-17,2026-08-21,Money Management,Mass Payouts,,0,0
2026-09-28,2026-10-02,Money Management,Faster Payouts,,0,0
2021-10-18,2021-10-19,Money Management,Other BaaS Products,-10374.29,,
2025-10-27,2025-11-02,Money Management,Mass Payouts,123.2959876,0,0
2024-12-30,2025-01-01,Money Management,Mass Payouts,42,0,0
2023-02-20,2023-02-22,Money Management,Other BaaS Products,-8464.47,,
2026-10-12,2026-10-15,Money Management,Money Management Stretch,,61959.00061,0
2026-08-03,2026-08-06,Money Management,Other BaaS Products,,0,0
2026-07-27,2026-07-27,Money Management,Financial Accounts,,0,0
2026-08-17,2026-08-20,Money Management,Financial Accounts,,0,0
2026-09-28,2026-10-03,Money Management,Financial Accounts,,0,0
2026-11-30,2026-12-02,Money Management,Money Management Stretch,,62996.05707,0
2025-09-08,2025-09-10,Money Management,Bridge,0,0,0
2025-09-22,2025-09-27,Money Management,Bridge,0,0,0
2026-06-22,2026-06-22,Money Management,Mass Payouts,,0,0
2025-03-10,2025-03-12,Money Management,Faster Payouts,0,0,0
2026-11-30,2026-12-04,Money Management,Mass Payouts,,0,0
2026-01-26,2026-01-26,Money Management,Money Management Stretch,0,81627.68351,0
2025-07-28,2025-08-02,Money Management,Bridge,0,0,0
2025-05-12,2025-05-12,Money Management,Bridge,0,0,0
2026-07-20,2026-07-24,Money Management,Mass Payouts,,0,0
2026-09-14,2026-09-15,Money Management,Other BaaS Products,,0,0
2026-09-07,2026-09-10,Money Management,Financial Accounts,,0,0
2026-01-05,2026-01-11,Money Management,Bridge,0,0,0
2026-09-07,2026-09-11,Money Management,Faster Payouts,,0,0
2026-11-09,2026-11-09,Money Management,Financial Accounts,,0,0
2026-06-15,2026-06-16,Money Management,Faster Payouts,,0,0
2026-05-11,2026-05-15,Money Management,Faster Payouts,,0,0
2026-11-09,2026-11-11,Money Management,Money Management Stretch,,62240.57827,0
2026-05-18,2026-05-21,Money Management,Money Management Stretch,,58666.88449,0
2026-11-16,2026-11-18,Money Management,Financial Accounts,,0,0
2026-09-21,2026-09-27,Money Management,Mass Payouts,,0,0
2026-04-20,2026-04-25,Money Management,Money Management Stretch,0,59526.40594,0
2026-07-20,2026-07-25,Money Management,Mass Payouts,,0,0
2026-11-02,2026-11-02,Money Management,Financial Accounts,,0,0
2026-07-27,2026-07-28,Money Management,Bridge,,0,0
2026-05-25,2026-05-29,Money Management,Mass Payouts,,0,0
2026-06-29,2026-07-05,Money Management,Faster Payouts,,0,0
2026-07-20,2026-07-26,Money Management,Bridge,,0,0
2025-03-03,2025-03-03,Money Management,Faster Payouts,0,0,0
2026-09-07,2026-09-13,Money Management,Other BaaS Products,,0,0
2026-11-02,2026-11-03,Money Management,Other BaaS Products,,0,0
2026-05-25,2026-05-31,Money Management,Mass Payouts,,233679.91,795666.95
2026-12-21,2026-12-24,Money Management,Faster Payouts,,0,0
2024-09-23,2024-09-24,Money Management,Other BaaS Products,-5744.85,,
2022-05-16,2022-05-16,Money Management,Other BaaS Products,-6233.03,,
2022-03-28,2022-04-03,Money Management,Other BaaS Products,-23559.03,,
2026-01-26,2026-01-31,Money Management,Bridge,4467956.28,4954933,4467956.28
2026-01-12,2026-01-16,Money Management,Other BaaS Products,-3290.51,0,0
2023-11-27,2023-11-30,Money Management,Financial Accounts,1299824.95,,
2022-01-31,2022-02-06,Money Management,Other BaaS Products,-6405.93,,
2025-11-03,2025-11-03,Money Management,Financial Accounts,-2102.570971,0,0
2025-08-25,2025-08-31,Money Management,Other BaaS Products,167646.45,37486.83,37486.83
2024-07-29,2024-08-01,Money Management,Other BaaS Products,-15934.84,,
2022-09-12,2022-09-13,Money Management,Financial Accounts,7902.04,,
2025-01-06,2025-01-08,Money Management,Other BaaS Products,-4670.26,0,0
2024-02-19,2024-02-22,Money Management,Other BaaS Products,-6149.58,,
2025-07-21,2025-07-24,Money Management,Other BaaS Products,-5502.93,0,0
2026-04-06,2026-04-11,Money Management,Faster Payouts,43988.62614,0,0
2022-01-31,2022-02-01,Money Management,Other BaaS Products,-10078.27,,
2021-10-11,2021-10-14,Money Management,Other BaaS Products,-11378.62,,
2021-07-05,2021-07-11,Money Management,Other BaaS Products,-6408.14,,
2025-09-15,2025-09-19,Money Management,Other BaaS Products,-3652.38,0,0
2024-12-16,2024-12-22,Money Management,Financial Accounts,0,,
2025-07-07,2025-07-12,Money Management,Other BaaS Products,-2911.76,0,0
2023-03-13,2023-03-18,Money Management,Other BaaS Products,-6249.78,,
2022-06-27,2022-07-01,Money Management,Other BaaS Products,-10451.52,,
2024-09-23,2024-09-25,Money Management,Mass Payouts,52,,
2023-03-27,2023-03-28,Money Management,Other BaaS Products,-9113.94,,
2023-03-13,2023-03-15,Money Management,Other BaaS Products,-7686.95,,
2025-07-28,2025-08-02,Money Management,Financial Accounts,-4860.85,0,0
2025-02-17,2025-02-19,Money Management,Other BaaS Products,-8080.9,0,0
2025-03-17,2025-03-22,Money Management,Other BaaS Products,-3856.09,0,0
2026-01-26,2026-02-01,Money Management,Other BaaS Products,-10683.89,0,0
2024-08-19,2024-08-23,Money Management,Mass Payouts,27.25,,
2024-04-29,2024-05-04,Money Management,Other BaaS Products,-5711.93,,
2022-09-12,2022-09-16,Money Management,Other BaaS Products,-10085.14,,
2025-08-18,2025-08-24,Money Management,Mass Payouts,643.6759193,0,0
2022-03-21,2022-03-26,Money Management,Other BaaS Products,-17083.94,,
2024-12-02,2024-12-07,Money Management,Other BaaS Products,-6939.94,,
2025-09-01,2025-09-02,Money Management,Other BaaS Products,-9730.69,0,0
2025-10-06,2025-10-10,Money Management,Other BaaS Products,-3488.06,0,0
2024-04-08,2024-04-10,Money Management,Other BaaS Products,527078.84,,
2026-01-05,2026-01-06,Money Management,Mass Payouts,11227.62381,0,0
2023-10-09,2023-10-10,Money Management,Other BaaS Products,-5854.05,,
2026-04-13,2026-04-16,Money Management,Mass Payouts,29116.65569,0,0
2023-01-16,2023-01-18,Money Management,Other BaaS Products,-7055.18,,
2025-03-03,2025-03-08,Money Management,Other BaaS Products,-6577.57,0,0
2026-03-02,2026-03-05,Money Management,Faster Payouts,54230.95998,0,0
2025-09-01,2025-09-03,Money Management,Financial Accounts,4417.668392,0,0
2021-07-05,2021-07-10,Money Management,Other BaaS Products,-7988.25,,
2026-01-19,2026-01-25,Money Management,Mass Payouts,17018.99822,0,0
2025-01-06,2025-01-07,Money Management,Mass Payouts,448.2311997,0,0
2026-09-21,2026-09-24,Money Management,Financial Accounts,,0,0
2026-08-03,2026-08-04,Money Management,Mass Payouts,,0,0
2026-05-04,2026-05-05,Money Management,Faster Payouts,,0,0
2026-09-21,2026-09-21,Money Management,Money Management Stretch,,62366.64627,0
2026-07-13,2026-07-17,Money Management,Faster Payouts,,0,0
2026-07-13,2026-07-14,Money Management,Financial Accounts,,0,0
2026-08-03,2026-08-03,Money Management,Financial Accounts,,0,0
2026-05-04,2026-05-10,Money Management,Faster Payouts,,0,0
2025-02-10,2025-02-16,Money Management,Bridge,0,0,0
2025-03-17,2025-03-20,Money Management,Financial Accounts,0,0,0
2023-06-19,2023-06-19,Money Management,Other BaaS Products,-3888.49,,
2026-02-16,2026-02-17,Money Management,Financial Accounts,-4505.827536,0,0
2024-08-26,2024-08-26,Money Management,Mass Payouts,62.75,,
2025-07-28,2025-08-01,Money Management,Other BaaS Products,-18439.25,0,0
2026-04-20,2026-04-21,Money Management,Financial Accounts,-4629.397483,0,0
2023-01-02,2023-01-07,Money Management,Other BaaS Products,-8517.82,,
2026-02-16,2026-02-22,Money Management,Mass Payouts,27513.99591,0,0
2023-07-10,2023-07-13,Money Management,Other BaaS Products,-7518.82,,
2023-03-20,2023-03-24,Money Management,Other BaaS Products,-9086.82,,
2023-11-27,2023-11-29,Money Management,Other BaaS Products,-7807.88,,
2025-04-07,2025-04-11,Money Management,Financial Accounts,-4157.192961,0,0
2024-07-22,2024-07-23,Money Management,Other BaaS Products,-4358.85,,
2025-11-24,2025-11-27,Money Management,Faster Payouts,23715.07325,0,0
2025-07-21,2025-07-22,Money Management,Faster Payouts,18071.62244,0,0
2023-01-16,2023-01-19,Money Management,Other BaaS Products,-7116.26,,
2022-08-15,2022-08-16,Money Management,Other BaaS Products,-10393.51,,
2024-10-21,2024-10-25,Money Management,Mass Payouts,1115.75,,
2022-03-28,2022-03-30,Money Management,Other BaaS Products,-13787.49,,
2021-08-09,2021-08-10,Money Management,Other BaaS Products,-9759.43,,
2023-09-11,2023-09-12,Money Management,Other BaaS Products,-7184.01,,
2024-09-02,2024-09-07,Money Management,Other BaaS Products,-5855.19,,
2024-08-19,2024-08-21,Money Management,Other BaaS Products,-6603.01,,
2023-06-26,2023-06-26,Money Management,Other BaaS Products,-4152.88,,
2024-08-12,2024-08-12,Money Management,Mass Payouts,91,,
2024-07-01,2024-07-01,Money Management,Mass Payouts,17.25,,
2025-03-17,2025-03-23,Money Management,Mass Payouts,0,0,0
2025-09-22,2025-09-25,Money Management,Financial Accounts,-5059.797591,0,0
2025-07-14,2025-07-18,Money Management,Faster Payouts,23868.67254,0,0
2025-07-21,2025-07-21,Money Management,Faster Payouts,18394.74355,0,0
2025-10-20,2025-10-26,Money Management,Other BaaS Products,-1680.47,0,0
2024-10-14,2024-10-19,Money Management,Other BaaS Products,-4298.17,,
2024-09-09,2024-09-09,Money Management,Mass Payouts,108,,
2022-07-25,2022-07-29,Money Management,Other BaaS Products,-9480.63,,
2025-03-17,2025-03-17,Money Management,Mass Payouts,714.25,0,0
2025-03-10,2025-03-14,Money Management,Mass Payouts,2016.9812,0,0
2023-06-12,2023-06-17,Money Management,Other BaaS Products,-5049.94,,
2025-10-20,2025-10-21,Money Management,Other BaaS Products,-3629.8,0,0
2022-09-12,2022-09-14,Money Management,Financial Accounts,0.25,,
2023-01-30,2023-02-02,Money Management,Other BaaS Products,-15738.84,,
2025-08-18,2025-08-22,Money Management,Financial Accounts,-4916.736777,0,0
2025-01-20,2025-01-21,Money Management,Other BaaS Products,-4242.48,0,0
2025-01-13,2025-01-18,Money Management,Mass Payouts,51,0,0
2026-06-29,2026-07-01,Money Management,Financial Accounts,,0,0
2026-06-01,2026-06-02,Money Management,Money Management Stretch,,61733.51194,0
2026-06-08,2026-06-13,Money Management,Money Management Stretch,,61733.51194,0
2026-10-05,2026-10-06,Money Management,Money Management Stretch,,61959.00061,0
2026-10-19,2026-10-22,Money Management,Other BaaS Products,,0,0
2026-08-03,2026-08-08,Money Management,Mass Payouts,,0,0
2026-02-09,2026-02-10,Money Management,Bridge,0,0,0
2026-07-13,2026-07-17,Money Management,Financial Accounts,,0,0
2026-05-18,2026-05-24,Money Management,Financial Accounts,,0,0
2026-10-26,2026-10-28,Money Management,Mass Payouts,,0,0
2026-05-11,2026-05-13,Money Management,Money Management Stretch,,58666.88449,0
2026-11-09,2026-11-10,Money Management,Financial Accounts,,0,0
2026-06-01,2026-06-06,Money Management,Money Management Stretch,,61733.51194,0
2026-06-22,2026-06-27,Money Management,Faster Payouts,,0,0
2026-08-24,2026-08-25,Money Management,Bridge,,0,0
2026-09-14,2026-09-18,Money Management,Financial Accounts,,0,0
2026-06-22,2026-06-24,Money Management,Bridge,,0,0
2026-10-19,2026-10-21,Money Management,Faster Payouts,,0,0
2026-06-08,2026-06-12,Money Management,Other BaaS Products,,0,0
2026-10-19,2026-10-23,Money Management,Other BaaS Products,,0,0
2026-08-31,2026-09-02,Money Management,Mass Payouts,,0,0
2025-05-05,2025-05-09,Money Management,Bridge,0,0,0
2026-04-13,2026-04-19,Money Management,Money Management Stretch,0,59526.40594,0
2026-06-15,2026-06-21,Money Management,Faster Payouts,,0,0
2026-05-25,2026-05-26,Money Management,Bridge,,0,0
2026-06-29,2026-07-04,Money Management,Financial Accounts,,0,0
2025-04-07,2025-04-08,Money Management,Bridge,0,0,0
2026-03-16,2026-03-20,Money Management,Faster Payouts,55616.77144,0,0
2024-02-12,2024-02-12,Money Management,Other BaaS Products,-4089.38,,
2021-10-04,2021-10-04,Money Management,Other BaaS Products,-11987.4,,
2024-11-04,2024-11-08,Money Management,Financial Accounts,-335581.97,,
2024-02-19,2024-02-20,Money Management,Financial Accounts,0,,
2024-10-14,2024-10-17,Money Management,Other BaaS Products,-6098.16,,
2024-06-17,2024-06-19,Money Management,Other BaaS Products,-6438.38,,
2024-01-15,2024-01-18,Money Management,Other BaaS Products,-6901.43,,
2023-07-24,2023-07-27,Money Management,Other BaaS Products,-7586.79,,
2025-06-16,2025-06-21,Money Management,Mass Payouts,28,0,0
2024-02-26,2024-02-26,Money Management,Other BaaS Products,-4328.64,,
2025-03-24,2025-03-24,Money Management,Other BaaS Products,-3151.4,0,0
2023-03-27,2023-04-01,Money Management,Other BaaS Products,-13943.2,,
2025-06-23,2025-06-28,Money Management,Mass Payouts,42.5,0,0
2024-01-01,2024-01-05,Money Management,Financial Accounts,-300726.93,,
2024-05-20,2024-05-21,Money Management,Other BaaS Products,-6081.04,,
2024-10-07,2024-10-12,Money Management,Other BaaS Products,-7112.93,,
2026-01-12,2026-01-15,Money Management,Other BaaS Products,-3245.42,0,0
2021-10-25,2021-10-26,Money Management,Other BaaS Products,-498.79,,
2020-08-31,2020-08-31,Money Management,Other BaaS Products,73068.597,,
2025-08-25,2025-08-28,Money Management,Faster Payouts,28592.99252,0,0
2024-04-15,2024-04-16,Money Management,Other BaaS Products,-6340.19,,
2024-07-29,2024-07-31,Money Management,Mass Payouts,53.5,,
2025-05-12,2025-05-16,Money Management,Faster Payouts,21415.11984,0,0
2023-04-10,2023-04-10,Money Management,Other BaaS Products,-4181.93,,
2025-06-02,2025-06-07,Money Management,Financial Accounts,-254575.9,0,0
2021-09-13,2021-09-19,Money Management,Other BaaS Products,-8170.89,,
2022-12-26,2022-12-27,Money Management,Other BaaS Products,-3756.57,,
2023-06-19,2023-06-22,Money Management,Other BaaS Products,-7772.25,,
2022-06-06,2022-06-11,Money Management,Other BaaS Products,-8785.6,,
2025-05-12,2025-05-18,Money Management,Financial Accounts,-4511,0,0
2026-05-04,2026-05-05,Money Management,Bridge,,0,0
2026-08-10,2026-08-13,Money Management,Bridge,,0,0
2026-04-06,2026-04-06,Money Management,Bridge,0,0,0
2026-10-05,2026-10-08,Money Management,Bridge,,0,0
2026-12-07,2026-12-10,Money Management,Bridge,,0,0
2026-12-07,2026-12-07,Money Management,Other BaaS Products,,0,0
2025-06-16,2025-06-17,Money Management,Bridge,0,0,0
2026-07-27,2026-07-29,Money Management,Faster Payouts,,0,0
2026-06-15,2026-06-18,Money Management,Other BaaS Products,,0,0
2025-02-03,2025-02-09,Money Management,Mass Payouts,0,0,0
2026-04-06,2026-04-09,Money Management,Bridge,0,0,0
2026-04-13,2026-04-13,Money Management,Money Management Stretch,0,59526.40594,0
2026-06-15,2026-06-17,Money Management,Money Management Stretch,,61733.51194,0
2026-07-27,2026-07-30,Money Management,Bridge,,0,0
2026-07-20,2026-07-21,Money Management,Money Management Stretch,,58531.61449,0
2025-07-21,2025-07-24,Money Management,Bridge,0,0,0
2025-03-24,2025-03-25,Money Management,Faster Payouts,0,0,0
2026-11-16,2026-11-19,Money Management,Faster Payouts,,0,0
2025-03-31,2025-04-01,Money Management,Bridge,0,0,0
2026-02-09,2026-02-12,Money Management,Bridge,0,0,0
2026-08-10,2026-08-15,Money Management,Financial Accounts,,0,0
2026-05-18,2026-05-22,Money Management,Mass Payouts,,0,0
2026-11-30,2026-12-05,Money Management,Bridge,,0,0
2026-03-23,2026-03-25,Money Management,Other BaaS Products,-4182.71,0,0
2022-02-14,2022-02-17,Money Management,Other BaaS Products,-13129.54,,
2025-06-30,2025-06-30,Money Management,Other BaaS Products,157052.28,31831.27,31831.27
2025-05-19,2025-05-21,Money Management,Faster Payouts,15585.06295,0,0
2024-03-04,2024-03-07,Money Management,Other BaaS Products,-8221.09,,
2021-12-13,2021-12-16,Money Management,Other BaaS Products,-12118.88,,
2026-03-16,2026-03-19,Money Management,Faster Payouts,50575.56935,0,0
2025-11-17,2025-11-21,Money Management,Financial Accounts,-7893.84537,0,0
2023-08-14,2023-08-18,Money Management,Other BaaS Products,-6587.79,,
2025-10-13,2025-10-19,Money Management,Financial Accounts,-7077.45,0,0
2025-02-10,2025-02-16,Money Management,Other BaaS Products,-3042.5,0,0
2025-11-10,2025-11-13,Money Management,Faster Payouts,29149.20817,0,0
2026-01-26,2026-01-26,Money Management,Financial Accounts,-5723.079587,0,0
2022-11-28,2022-11-30,Money Management,Other BaaS Products,377944.3,,
2024-11-25,2024-11-25,Money Management,Other BaaS Products,-3498.67,,
2025-04-21,2025-04-25,Money Management,Other BaaS Products,-3835.45,0,0
2022-04-18,2022-04-19,Money Management,Other BaaS Products,-19756.51,,
2024-07-01,2024-07-03,Money Management,Financial Accounts,0,,
2025-09-01,2025-09-07,Money Management,Other BaaS Products,-1981.76,0,0
2024-03-04,2024-03-08,Money Management,Other BaaS Products,-12055.2,,
2025-12-22,2025-12-24,Money Management,Other BaaS Products,-2530.99,0,0
2024-06-24,2024-06-25,Money Management,Mass Payouts,35,,
2025-06-02,2025-06-04,Money Management,Mass Payouts,1087.461997,0,0
2023-09-18,2023-09-22,Money Management,Other BaaS Products,-6399.94,,
2024-07-15,2024-07-15,Money Management,Mass Payouts,25.25,,
2026-04-27,2026-05-01,Money Management,Faster Payouts,,0,0
2023-05-01,2023-05-02,Money Management,Other BaaS Products,-14791.18,,
2026-02-02,2026-02-06,Money Management,Mass Payouts,15315.39052,0,0
2024-05-06,2024-05-09,Money Management,Financial Accounts,0,,
2022-09-19,2022-09-22,Money Management,Other BaaS Products,-10796.5,,
2023-11-06,2023-11-10,Money Management,Other BaaS Products,-6707.77,,
2024-04-15,2024-04-17,Money Management,Other BaaS Products,-7220.24,,
2021-11-15,2021-11-16,Money Management,Other BaaS Products,-10838.49,,
2023-12-18,2023-12-20,Money Management,Other BaaS Products,-5677.8,,
2024-02-05,2024-02-08,Money Management,Other BaaS Products,-10214.93,,
2025-07-14,2025-07-16,Money Management,Financial Accounts,-3766.686792,0,0
2023-02-13,2023-02-13,Money Management,Financial Accounts,-13702.65,,
2026-08-24,2026-08-24,Money Management,Mass Payouts,,0,0
2026-08-24,2026-08-25,Money Management,Other BaaS Products,,0,0
2026-01-19,2026-01-20,Money Management,Bridge,0,0,0
2026-12-28,2026-12-28,Money Management,Faster Payouts,,0,0
2026-10-12,2026-10-15,Money Management,Financial Accounts,,0,0
2026-06-08,2026-06-14,Money Management,Other BaaS Products,,0,0
2024-12-30,2025-01-03,Money Management,Faster Payouts,0,0,0
2025-01-13,2025-01-17,Money Management,Financial Accounts,0,0,0
2025-02-24,2025-02-26,Money Management,Bridge,0,0,0
2026-11-09,2026-11-09,Money Management,Money Management Stretch,,62240.57827,0
2025-04-28,2025-05-04,Money Management,Bridge,0,0,0
2026-11-23,2026-11-24,Money Management,Faster Payouts,,0,0
2026-10-12,2026-10-16,Money Management,Other BaaS Products,,0,0
2026-01-26,2026-01-29,Money Management,Money Management Stretch,0,81627.68351,0
2026-11-02,2026-11-08,Money Management,Other BaaS Products,,0,0
2026-07-06,2026-07-06,Money Management,Financial Accounts,,0,0
2026-07-27,2026-07-29,Money Management,Money Management Stretch,,58531.61449,0
2025-02-10,2025-02-12,Money Management,Financial Accounts,0,0,0
2025-12-22,2025-12-22,Money Management,Bridge,0,0,0
2025-03-10,2025-03-16,Money Management,Bridge,0,0,0
2026-09-07,2026-09-11,Money Management,Bridge,,0,0
2026-07-27,2026-08-01,Money Management,Money Management Stretch,,55698.44481,0
2026-08-31,2026-08-31,Money Management,Other BaaS Products,,171840,185840
2025-09-01,2025-09-05,Money Management,Bridge,0,0,0
2023-05-22,2023-05-27,Money Management,Other BaaS Products,-5419.09,,
2026-01-19,2026-01-20,Money Management,Other BaaS Products,-2623.4,0,0
2024-02-26,2024-03-01,Money Management,Faster Payouts,70427.22744,,
2023-05-08,2023-05-12,Money Management,Other BaaS Products,-9679.49,,
2025-06-09,2025-06-12,Money Management,Financial Accounts,17135.79,0,0
2026-02-16,2026-02-21,Money Management,Mass Payouts,16858.04586,0,0
2025-07-28,2025-07-31,Money Management,Bridge,2848698.49,2848698.49,2848698.49
2026-02-23,2026-02-26,Money Management,Faster Payouts,68906.67176,0,0
2025-11-17,2025-11-19,Money Management,Faster Payouts,28450.26807,0,0
2024-10-07,2024-10-11,Money Management,Other BaaS Products,-11079.03,,
2022-10-31,2022-10-31,Money Management,Financial Accounts,201678.42,,
2026-01-26,2026-01-28,Money Management,Financial Accounts,236519.4559,0,0
2025-04-14,2025-04-20,Money Management,Other BaaS Products,-2759.65,0,0
2022-01-24,2022-01-26,Money Management,Other BaaS Products,-10196.17,,
2022-03-07,2022-03-10,Money Management,Financial Accounts,-180542.96,,
2025-04-28,2025-05-02,Money Management,Faster Payouts,28157.51515,0,0
2025-12-15,2025-12-16,Money Management,Faster Payouts,36156.27707,0,0
2025-08-25,2025-08-26,Money Management,Mass Payouts,2667.927064,0,0
2025-03-17,2025-03-17,Money Management,Other BaaS Products,-3068.43,0,0
2022-08-08,2022-08-08,Money Management,Other BaaS Products,-5696.12,,
2026-03-02,2026-03-07,Money Management,Financial Accounts,-5768.59624,0,0
2025-09-15,2025-09-18,Money Management,Mass Payouts,1694.212336,0,0
2025-05-26,2025-05-27,Money Management,Mass Payouts,1242.0812,0,0
2024-11-04,2024-11-05,Money Management,Other BaaS Products,-3655.11,,
2024-05-20,2024-05-24,Money Management,Financial Accounts,0.25,,
2025-02-24,2025-02-27,Money Management,Other BaaS Products,-5885.67,0,0
2022-07-11,2022-07-16,Money Management,Other BaaS Products,-8476.36,,
2021-07-05,2021-07-05,Money Management,Other BaaS Products,48709.7,,
2025-11-10,2025-11-16,Money Management,Other BaaS Products,-2467.88,0,0
2025-04-28,2025-04-30,Money Management,Financial Accounts,2460890.99,305240.0246,305240.0246
2026-01-26,2026-01-29,Money Management,Faster Payouts,54934.52492,0,0
2022-02-07,2022-02-10,Money Management,Other BaaS Products,-14359.66,,
2025-11-24,2025-11-29,Money Management,Financial Accounts,-8222.87,0,0
2021-07-12,2021-07-16,Money Management,Other BaaS Products,-11885.97,,
2021-12-20,2021-12-20,Money Management,Other BaaS Products,-5325.96,,
2026-03-16,2026-03-19,Money Management,Bridge,0,0,0
2026-06-29,2026-06-30,Money Management,Financial Accounts,,1027734.97,972304.67
2026-08-24,2026-08-24,Money Management,Money Management Stretch,,55698.44481,0
2026-06-22,2026-06-23,Money Management,Mass Payouts,,0,0
2025-02-24,2025-03-02,Money Management,Bridge,0,0,0
2026-01-19,2026-01-19,Money Management,Bridge,0,0,0
2025-05-26,2025-05-29,Money Management,Bridge,0,0,0
2025-05-26,2025-06-01,Money Management,Bridge,0,0,0
2026-06-01,2026-06-05,Money Management,Mass Payouts,,0,0
2025-02-24,2025-03-02,Money Management,Mass Payouts,0,0,0
2026-08-31,2026-09-05,Money Management,Other BaaS Products,,0,0
2026-10-19,2026-10-20,Money Management,Other BaaS Products,,0,0
2026-06-01,2026-06-05,Money Management,Bridge,,0,0
2026-08-31,2026-09-03,Money Management,Bridge,,0,0
2026-11-23,2026-11-26,Money Management,Financial Accounts,,0,0
2026-05-18,2026-05-23,Money Management,Other BaaS Products,,0,0
2026-06-22,2026-06-28,Money Management,Money Management Stretch,,61733.51194,0
2026-09-14,2026-09-15,Money Management,Financial Accounts,,0,0
2025-04-21,2025-04-23,Money Management,Mass Payouts,0,0,0
2023-09-04,2023-09-07,Money Management,Other BaaS Products,-2822.75,,
2025-01-20,2025-01-25,Money Management,Mass Payouts,131,0,0
2023-09-25,2023-09-30,Money Management,Financial Accounts,1178618.02,,
2022-09-26,2022-09-27,Money Management,Other BaaS Products,-11458.67,,
2026-03-30,2026-04-04,Money Management,Faster Payouts,46317.68491,0,0
2025-08-18,2025-08-23,Money Management,Financial Accounts,-5098.42,0,0
2026-02-02,2026-02-05,Money Management,Other BaaS Products,-3163.5,0,0
2020-09-28,2020-09-30,Money Management,Other BaaS Products,-18957.60178,,
2025-05-19,2025-05-25,Money Management,Faster Payouts,11144.91515,0,0
2022-08-29,2022-08-31,Money Management,Other BaaS Products,375442.5463,,
2024-04-01,2024-04-01,Money Management,Other BaaS Products,-9240.19,,
2025-11-17,2025-11-22,Money Management,Financial Accounts,-9208.570797,0,0
2021-11-08,2021-11-12,Money Management,Other BaaS Products,-1323.98,,
2022-06-13,2022-06-18,Money Management,Other BaaS Products,-8768.12,,
2024-12-16,2024-12-19,Money Management,Other BaaS Products,-9337.82,,
2025-07-28,2025-07-29,Money Management,Other BaaS Products,-4363.49,0,0
2022-05-02,2022-05-03,Money Management,Other BaaS Products,-25354.91,,
2025-06-02,2025-06-02,Money Management,Other BaaS Products,-12743.97,0,0
2025-01-20,2025-01-22,Money Management,Other BaaS Products,-5087.89,0,0
2025-02-24,2025-02-25,Money Management,Other BaaS Products,-5200.41,0,0
2022-04-25,2022-04-28,Money Management,Other BaaS Products,-11304.42,,
2022-08-29,2022-09-04,Money Management,Other BaaS Products,-9544.95,,
2024-10-28,2024-11-02,Money Management,Mass Payouts,2,,
2024-04-29,2024-05-02,Money Management,Other BaaS Products,-19056.3,,
2024-06-03,2024-06-07,Money Management,Other BaaS Products,-7551.89,,
2025-02-03,2025-02-08,Money Management,Mass Payouts,31,0,0
2026-05-04,2026-05-04,Money Management,Other BaaS Products,,0,0
2026-04-13,2026-04-13,Money Management,Other BaaS Products,-1927.55,0,0
2024-10-28,2024-11-03,Money Management,Faster Payouts,0,,
2025-01-06,2025-01-08,Money Management,Financial Accounts,1117222.78,0,0
2025-08-11,2025-08-15,Money Management,Financial Accounts,-4785.235177,0,0
2026-06-22,2026-06-24,Money Management,Faster Payouts,,0,0
2026-05-25,2026-05-26,Money Management,Financial Accounts,,0,0
2026-08-10,2026-08-14,Money Management,Mass Payouts,,0,0
2025-08-04,2025-08-04,Money Management,Bridge,0,0,0
2025-04-14,2025-04-18,Money Management,Bridge,0,0,0
2026-08-17,2026-08-17,Money Management,Bridge,,0,0
2026-04-20,2026-04-21,Money Management,Bridge,0,0,0
2026-05-18,2026-05-24,Money Management,Mass Payouts,,0,0
2026-09-07,2026-09-11,Money Management,Financial Accounts,,0,0
2026-05-04,2026-05-10,Money Management,Money Management Stretch,,58666.88449,0
2026-09-28,2026-10-02,Money Management,Mass Payouts,,0,0
2026-07-13,2026-07-17,Money Management,Bridge,,0,0
2026-08-10,2026-08-11,Money Management,Mass Payouts,,0,0
2026-08-17,2026-08-22,Money Management,Mass Payouts,,0,0
2025-05-12,2025-05-17,Money Management,Mass Payouts,0,0,0
2026-11-02,2026-11-02,Money Management,Money Management Stretch,,62240.57827,0
2026-11-30,2026-12-04,Money Management,Faster Payouts,,0,0
2026-12-28,2026-12-30,Money Management,Faster Payouts,,0,0
2026-07-13,2026-07-15,Money Management,Mass Payouts,,0,0
2025-02-03,2025-02-09,Money Management,Financial Accounts,0,0,0
2025-04-14,2025-04-20,Money Management,Bridge,0,0,0
2026-11-23,2026-11-28,Money Management,Faster Payouts,,0,0
2026-08-31,2026-09-02,Money Management,Financial Accounts,,0,0
2025-01-27,2025-01-30,Money Management,Faster Payouts,0,0,0
2026-10-12,2026-10-14,Money Management,Mass Payouts,,0,0
2025-08-18,2025-08-22,Money Management,Bridge,0,0,0
2026-09-14,2026-09-14,Money Management,Faster Payouts,,0,0
2026-12-21,2026-12-23,Money Management,Bridge,,0,0
2026-03-23,2026-03-29,Money Management,Money Management Stretch,0,59782.24803,0
2026-09-07,2026-09-07,Money Management,Mass Payouts,,0,0
2026-10-05,2026-10-09,Money Management,Financial Accounts,,0,0
2026-10-12,2026-10-17,Money Management,Faster Payouts,,0,0
2026-09-14,2026-09-19,Money Management,Bridge,,0,0
2022-07-18,2022-07-23,Money Management,Other BaaS Products,-11160.2,,
2026-04-27,2026-04-28,Money Management,Other BaaS Products,-4513.59,0,0
2026-01-12,2026-01-18,Money Management,Financial Accounts,-6130.876577,0,0
2025-07-07,2025-07-09,Money Management,Financial Accounts,-236431.7693,0,0
2026-02-09,2026-02-09,Money Management,Other BaaS Products,-1662.16,0,0
2022-10-17,2022-10-23,Money Management,Other BaaS Products,-7334.86,,
2025-05-12,2025-05-13,Money Management,Faster Payouts,12542.54978,0,0
2026-01-05,2026-01-10,Money Management,Mass Payouts,9013.489593,0,0
2025-04-07,2025-04-13,Money Management,Faster Payouts,8719.917821,0,0
2024-01-15,2024-01-15,Money Management,Other BaaS Products,-3777.34,,
2025-05-12,2025-05-14,Money Management,Financial Accounts,-4034.15,0,0
2023-10-02,2023-10-03,Money Management,Other BaaS Products,-10425.48,,
2024-06-03,2024-06-05,Money Management,Financial Accounts,-335519.28,,
2026-01-05,2026-01-11,Money Management,Faster Payouts,21162.50308,0,0
2022-11-07,2022-11-10,Money Management,Other BaaS Products,-12000.04,,
2026-03-02,2026-03-05,Money Management,Mass Payouts,18554.71992,0,0
2025-11-03,2025-11-03,Money Management,Mass Payouts,3657.116048,0,0
2022-10-03,2022-10-06,Money Management,Other BaaS Products,-12462.77,,
2021-09-06,2021-09-11,Money Management,Other BaaS Products,-12026.43,,
2023-12-04,2023-12-04,Money Management,Financial Accounts,0,,
2025-02-10,2025-02-12,Money Management,Mass Payouts,537.6603999,0,0
2026-03-30,2026-04-03,Money Management,Mass Payouts,21306.26276,0,0
2024-02-19,2024-02-20,Money Management,Other BaaS Products,-5137.55,,
2022-05-09,2022-05-09,Money Management,Other BaaS Products,-7380.25,,
2024-11-25,2024-11-27,Money Management,Mass Payouts,1992.5,,
2025-06-16,2025-06-19,Money Management,Faster Payouts,18112.75372,0,0
2022-09-19,2022-09-19,Money Management,Other BaaS Products,-5460.74,,
2022-11-07,2022-11-08,Money Management,Other BaaS Products,-9513.22,,
2023-07-10,2023-07-14,Money Management,Other BaaS Products,-6670.52,,
2022-12-05,2022-12-08,Money Management,Other BaaS Products,-9804.2,,
2024-05-20,2024-05-25,Money Management,Other BaaS Products,-4938.87,,
2025-05-05,2025-05-05,Money Management,Mass Payouts,1.5,0,0
2024-03-18,2024-03-24,Money Management,Other BaaS Products,-5649.98,,
2024-05-06,2024-05-09,Money Management,Other BaaS Products,-7305.77,,
2026-02-23,2026-02-23,Money Management,Bridge,0,0,0
2026-09-14,2026-09-14,Money Management,Financial Accounts,,0,0
2026-01-26,2026-01-30,Money Management,Money Management Stretch,0,81627.68351,0
2026-11-02,2026-11-07,Money Management,Faster Payouts,,0,0
2026-07-27,2026-07-29,Money Management,Other BaaS Products,,0,0
2026-07-27,2026-08-01,Money Management,Financial Accounts,,0,0
2025-01-20,2025-01-21,Money Management,Financial Accounts,0,0,0
2026-12-07,2026-12-08,Money Management,Faster Payouts,,0,0
2025-03-10,2025-03-10,Money Management,Financial Accounts,0,0,0
2026-05-25,2026-05-30,Money Management,Money Management Stretch,,58666.88449,0
2026-08-17,2026-08-20,Money Management,Faster Payouts,,0,0
2026-12-28,2026-12-31,Money Management,Financial Accounts,,1472567.61,1613364.83
2026-01-05,2026-01-10,Money Management,Bridge,0,0,0
2025-02-10,2025-02-16,Money Management,Financial Accounts,0,0,0
2026-10-19,2026-10-20,Money Management,Money Management Stretch,,61959.00061,0
2025-01-13,2025-01-14,Money Management,Other BaaS Products,-7971.58,0,0
2024-05-06,2024-05-06,Money Management,Other BaaS Products,-3375.99,,
2025-07-14,2025-07-18,Money Management,Financial Accounts,-4604.083156,0,0
2025-11-17,2025-11-19,Money Management,Other BaaS Products,-4560.9,0,0
2021-09-27,2021-09-30,Money Management,Financial Accounts,-14003,,
2025-03-17,2025-03-19,Money Management,Financial Accounts,9.4,0,0
2025-12-29,2025-12-29,Money Management,Faster Payouts,93633.29801,0,0
2022-09-12,2022-09-14,Money Management,Other BaaS Products,-390225.14,,
2026-03-30,2026-04-05,Money Management,Mass Payouts,22474.37354,0,0
2025-09-15,2025-09-15,Money Management,Mass Payouts,2534.21072,0,0
2022-01-17,2022-01-20,Money Management,Other BaaS Products,-9986.9,,
2021-02-22,2021-02-28,Money Management,Other BaaS Products,135555.1839,,
2025-07-21,2025-07-26,Money Management,Other BaaS Products,-3322.1,0,0
2025-01-27,2025-01-29,Money Management,Faster Payouts,99.49112351,0,0
2021-08-30,2021-08-31,Money Management,Financial Accounts,560.57,,
2024-05-20,2024-05-21,Money Management,Financial Accounts,0,,
2021-11-22,2021-11-24,Money Management,Other BaaS Products,-26611.54,,
2024-08-05,2024-08-08,Money Management,Financial Accounts,-318671.63,,
2023-09-04,2023-09-06,Money Management,Other BaaS Products,-7379.27,,
2025-01-27,2025-01-28,Money Management,Other BaaS Products,-6860.54,0,0
2024-09-02,2024-09-04,Money Management,Mass Payouts,45.25,,
2024-07-01,2024-07-01,Money Management,Financial Accounts,-114189.52,,
2025-06-02,2025-06-02,Money Management,Faster Payouts,27392.72009,0,0
2025-05-05,2025-05-11,Money Management,Faster Payouts,8520.838926,0,0
2024-02-05,2024-02-05,Money Management,Other BaaS Products,-6315.63,,
2023-11-27,2023-11-29,Money Management,Financial Accounts,0,,
2023-01-30,2023-02-01,Money Management,Other BaaS Products,-7238.55,,
2024-06-10,2024-06-15,Money Management,Mass Payouts,4,,
2026-01-19,2026-01-23,Money Management,Bridge,0,0,0
2026-12-07,2026-12-10,Money Management,Money Management Stretch,,62996.05707,0
2026-01-26,2026-01-31,Money Management,Money Management Stretch,0,81627.68351,0
2026-11-02,2026-11-07,Money Management,Mass Payouts,,0,0
2026-10-19,2026-10-19,Money Management,Financial Accounts,,0,0
2026-06-08,2026-06-08,Money Management,Other BaaS Products,,0,0
2026-07-13,2026-07-14,Money Management,Mass Payouts,,0,0
2025-04-21,2025-04-27,Money Management,Mass Payouts,0,0,0
2026-03-23,2026-03-29,Money Management,Bridge,0,0,0
2026-07-13,2026-07-13,Money Management,Money Management Stretch,,58531.61449,0
2025-06-02,2025-06-03,Money Management,Bridge,0,0,0
2026-11-30,2026-12-01,Money Management,Other BaaS Products,,0,0
2025-02-24,2025-02-27,Money Management,Bridge,0,0,0
2026-08-31,2026-09-06,Money Management,Faster Payouts,,0,0
2026-12-21,2026-12-22,Money Management,Faster Payouts,,0,0
2026-05-11,2026-05-11,Money Management,Money Management Stretch,,58666.88449,0
2026-06-01,2026-06-07,Money Management,Mass Payouts,,0,0
2025-09-01,2025-09-02,Money Management,Bridge,0,0,0
2026-07-20,2026-07-25,Money Management,Money Management Stretch,,58531.61449,0
2026-08-24,2026-08-28,Money Management,Bridge,,0,0
2022-04-25,2022-04-30,Money Management,Financial Accounts,-14888.16,,
2023-08-28,2023-08-29,Money Management,Other BaaS Products,-6878.49,,
2024-08-19,2024-08-24,Money Management,Other BaaS Products,-4864.16,,
2025-10-06,2025-10-09,Money Management,Faster Payouts,30775.49931,0,0
2024-12-09,2024-12-12,Money Management,Other BaaS Products,-7880.18,,
2025-01-20,2025-01-21,Money Management,Mass Payouts,155.25,0,0
2026-03-09,2026-03-12,Money Management,Other BaaS Products,-5108.67,0,0
2024-09-23,2024-09-27,Money Management,Mass Payouts,1104.5,,
2024-05-13,2024-05-16,Money Management,Other BaaS Products,-8535.12,,
2026-01-05,2026-01-10,Money Management,Financial Accounts,-6006.749732,0,0
2024-07-22,2024-07-25,Money Management,Mass Payouts,92,,
2024-08-12,2024-08-16,Money Management,Mass Payouts,48,,
2026-04-20,2026-04-26,Money Management,Mass Payouts,30054.61902,0,0
2025-04-28,2025-04-28,Money Management,Faster Payouts,14236.44644,0,0
2024-06-03,2024-06-07,Money Management,Financial Accounts,832162.23,,
2022-04-11,2022-04-11,Money Management,Other BaaS Products,-8775.95,,
2021-02-08,2021-02-10,Money Management,Other BaaS Products,0,,
2022-08-15,2022-08-20,Money Management,Other BaaS Products,-8147.84,,
2026-03-30,2026-04-04,Money Management,Other BaaS Products,-5413.62,0,0
2021-09-20,2021-09-23,Money Management,Other BaaS Products,-13950,,
2024-08-19,2024-08-22,Money Management,Mass Payouts,44.25,,
2025-12-15,2025-12-19,Money Management,Faster Payouts,43101.98116,0,0
2024-01-08,2024-01-12,Money Management,Other BaaS Products,-6769.73,,
2025-03-10,2025-03-13,Money Management,Mass Payouts,756.5,0,0
2025-05-05,2025-05-08,Money Management,Financial Accounts,-268336.86,0,0
2025-09-29,2025-10-04,Money Management,Mass Payouts,75.31112152,0,0
2024-09-16,2024-09-17,Money Management,Mass Payouts,77.25,,
2025-12-01,2025-12-06,Money Management,Faster Payouts,22396.02583,0,0
2025-06-09,2025-06-13,Money Management,Other BaaS Products,-6039.42,0,0
2025-04-21,2025-04-26,Money Management,Financial Accounts,-4514.2,0,0
2025-03-24,2025-03-24,Money Management,Mass Payouts,798.5807998,0,0
2026-02-16,2026-02-19,Money Management,Money Management Stretch,0,90388.06711,0
2026-07-06,2026-07-07,Money Management,Money Management Stretch,,58531.61449,0
2026-12-07,2026-12-08,Money Management,Bridge,,0,0
2026-11-09,2026-11-14,Money Management,Other BaaS Products,,0,0
2026-12-14,2026-12-20,Money Management,Bridge,,0,0
2026-05-18,2026-05-22,Money Management,Other BaaS Products,,0,0
2026-08-10,2026-08-12,Money Management,Faster Payouts,,0,0
2026-12-14,2026-12-14,Money Management,Money Management Stretch,,62996.05707,0
2026-06-29,2026-06-29,Money Management,Financial Accounts,,0,0
2026-05-25,2026-05-27,Money Management,Faster Payouts,,0,0
2024-12-30,2025-01-05,Money Management,Mass Payouts,0,0,0
2026-12-21,2026-12-25,Money Management,Bridge,,0,0
2026-10-12,2026-10-12,Money Management,Mass Payouts,,0,0
2026-03-30,2026-04-02,Money Management,Money Management Stretch,0,59526.40594,0
2025-03-10,2025-03-15,Money Management,Financial Accounts,0,0,0
2026-08-03,2026-08-04,Money Management,Bridge,,0,0
2026-09-21,2026-09-23,Money Management,Bridge,,0,0
2026-11-23,2026-11-25,Money Management,Mass Payouts,,0,0
2025-02-24,2025-02-27,Money Management,Financial Accounts,0,0,0
2026-12-21,2026-12-23,Money Management,Faster Payouts,,0,0
2025-06-30,2025-07-06,Money Management,Bridge,0,0,0
2026-06-22,2026-06-25,Money Management,Bridge,,0,0
2026-05-25,2026-05-28,Money Management,Financial Accounts,,0,0
2026-10-19,2026-10-19,Money Management,Faster Payouts,,0,0
2026-10-26,2026-10-26,Money Management,Other BaaS Products,,0,0
2025-09-08,2025-09-11,Money Management,Bridge,0,0,0
2025-03-17,2025-03-19,Money Management,Faster Payouts,0,0,0
2026-11-02,2026-11-07,Money Management,Other BaaS Products,,0,0
2024-12-30,2025-01-04,Money Management,Faster Payouts,0,0,0
2022-08-08,2022-08-14,Money Management,Other BaaS Products,-191.42,,
2026-01-19,2026-01-24,Money Management,Mass Payouts,10153.36095,0,0
2023-02-20,2023-02-20,Money Management,Other BaaS Products,-5137.54,,
2023-12-18,2023-12-19,Money Management,Other BaaS Products,-7873.64,,
2022-10-10,2022-10-14,Money Management,Financial Accounts,-4388.12,,
2025-09-08,2025-09-09,Money Management,Faster Payouts,21708.53894,0,0
2025-12-01,2025-12-06,Money Management,Mass Payouts,2834.942109,0,0
2026-01-26,2026-01-29,Money Management,Financial Accounts,-4183.078987,0,0
2026-02-02,2026-02-04,Money Management,Financial Accounts,-3492.94373,0,0
2025-01-27,2025-01-29,Money Management,Other BaaS Products,-4239.47,0,0
2021-09-13,2021-09-18,Money Management,Other BaaS Products,-9628.65,,
2025-03-17,2025-03-22,Money Management,Financial Accounts,25054.82,0,0
2025-07-07,2025-07-13,Money Management,Faster Payouts,11580.39572,0,0
2024-02-05,2024-02-09,Money Management,Other BaaS Products,-5859.03,,
2025-03-17,2025-03-20,Money Management,Mass Payouts,619.0911985,0,0
2024-09-30,2024-10-01,Money Management,Other BaaS Products,-17072.96,,
2023-08-07,2023-08-08,Money Management,Other BaaS Products,-5999.11,,
2025-02-03,2025-02-07,Money Management,Mass Payouts,1637,0,0
2022-07-25,2022-07-25,Money Management,Other BaaS Products,-5462.94,,
2022-09-19,2022-09-24,Money Management,Other BaaS Products,-8732.94,,
2025-09-08,2025-09-13,Money Management,Mass Payouts,90.63,0,0
2022-11-21,2022-11-26,Money Management,Other BaaS Products,-7862.3,,
2021-12-13,2021-12-17,Money Management,Other BaaS Products,-13417.96,,
2022-11-14,2022-11-17,Money Management,Other BaaS Products,-8463.51,,
2025-07-14,2025-07-15,Money Management,Financial Accounts,-5014.926168,0,0
2026-03-02,2026-03-05,Money Management,Other BaaS Products,-3496.07,0,0
2025-07-14,2025-07-15,Money Management,Faster Payouts,27982.37409,0,0
2022-08-15,2022-08-15,Money Management,Other BaaS Products,-21958.35,,
2022-12-12,2022-12-16,Money Management,Other BaaS Products,-9260.73,,
2024-07-01,2024-07-07,Money Management,Financial Accounts,511549.61,,
2022-12-05,2022-12-09,Money Management,Other BaaS Products,-16431.16,,
2025-04-21,2025-04-24,Money Management,Other BaaS Products,-5643.37,0,0
2022-05-02,2022-05-06,Money Management,Financial Accounts,-9015.84,,
2026-11-23,2026-11-28,Money Management,Financial Accounts,,0,0
2026-07-20,2026-07-23,Money Management,Other BaaS Products,,0,0
2025-08-18,2025-08-23,Money Management,Bridge,0,0,0
2026-11-30,2026-12-02,Money Management,Financial Accounts,,0,0
2026-07-06,2026-07-08,Money Management,Other BaaS Products,,0,0
2025-03-17,2025-03-23,Money Management,Financial Accounts,0,0,0
2026-10-19,2026-10-20,Money Management,Bridge,,0,0
2026-03-16,2026-03-17,Money Management,Bridge,0,0,0
2026-11-16,2026-11-18,Money Management,Faster Payouts,,0,0
2026-07-20,2026-07-26,Money Management,Money Management Stretch,,58531.61449,0
2026-08-10,2026-08-16,Money Management,Financial Accounts,,0,0
2026-09-14,2026-09-19,Money Management,Financial Accounts,,0,0
2025-03-24,2025-03-24,Money Management,Faster Payouts,0,0,0
2025-03-10,2025-03-10,Money Management,Faster Payouts,0,0,0
2026-02-09,2026-02-14,Money Management,Bridge,0,0,0
2026-11-02,2026-11-06,Money Management,Financial Accounts,,0,0
2025-01-13,2025-01-18,Money Management,Financial Accounts,0,0,0
2026-07-13,2026-07-13,Money Management,Bridge,,0,0
2026-08-31,2026-09-06,Money Management,Bridge,,0,0
2025-06-16,2025-06-20,Money Management,Bridge,0,0,0
2026-06-15,2026-06-19,Money Management,Faster Payouts,,0,0
2026-05-04,2026-05-04,Money Management,Bridge,,0,0
2026-01-05,2026-01-06,Money Management,Faster Payouts,51439.50314,0,0
2025-06-09,2025-06-10,Money Management,Financial Accounts,-6371.97,0,0
2023-02-20,2023-02-23,Money Management,Other BaaS Products,-5807.9,,
2024-12-30,2024-12-31,Money Management,Financial Accounts,1997034.05,,
2022-01-03,2022-01-06,Money Management,Financial Accounts,82213.32,,
2025-04-28,2025-04-30,Money Management,Faster Payouts,26441.6177,448698.7811,448698.7811
2023-07-24,2023-07-25,Money Management,Other BaaS Products,-7028.86,,
2024-11-25,2024-11-28,Money Management,Other BaaS Products,-5020.95,,
2025-03-03,2025-03-07,Money Management,Faster Payouts,147757.6099,0,0
2021-08-23,2021-08-28,Money Management,Other BaaS Products,-18510.74,,
2025-11-10,2025-11-15,Money Management,Faster Payouts,30044.60405,0,0
2025-02-17,2025-02-20,Money Management,Mass Payouts,466.0707998,0,0
2024-02-19,2024-02-24,Money Management,Other BaaS Products,-4930.96,,
2025-01-06,2025-01-09,Money Management,Financial Accounts,0,0,0
2024-04-22,2024-04-25,Money Management,Financial Accounts,0,,
2022-12-12,2022-12-15,Money Management,Other BaaS Products,-10243.58,,
2023-01-30,2023-02-05,Money Management,Other BaaS Products,-6658.6,,
2021-12-20,2021-12-22,Money Management,Other BaaS Products,-451.9,,
2024-05-06,2024-05-06,Money Management,Financial Accounts,-1048826.5,,
2023-12-18,2023-12-23,Money Management,Other BaaS Products,-3612.64,,
2026-02-23,2026-02-28,Money Management,Bridge,5207686.031,5157846,5207686.031
2025-05-19,2025-05-19,Money Management,Other BaaS Products,-2473.7,0,0
2025-04-28,2025-05-01,Money Management,Financial Accounts,15585.92,0,0
2025-10-06,2025-10-06,Money Management,Financial Accounts,-48671.55731,0,0
2024-07-01,2024-07-06,Money Management,Other BaaS Products,-3422.64,,
2025-07-28,2025-07-30,Money Management,Faster Payouts,23367.06015,0,0
2024-03-25,2024-03-28,Money Management,Other BaaS Products,-6727.76,,
2025-07-21,2025-07-26,Money Management,Faster Payouts,14284.38348,0,0
2022-02-28,2022-03-01,Money Management,Other BaaS Products,-14283.95,,
2025-11-24,2025-11-29,Money Management,Other BaaS Products,-3030.71,0,0
2025-12-15,2025-12-20,Money Management,Other BaaS Products,-3151.28,0,0
2025-12-08,2025-12-13,Money Management,Mass Payouts,3964.431028,0,0
2025-10-20,2025-10-25,Money Management,Financial Accounts,-6212.01,0,0
2022-02-21,2022-02-23,Money Management,Other BaaS Products,-16876.35,,
2022-11-14,2022-11-19,Money Management,Other BaaS Products,-10898.03,,
2026-03-30,2026-03-31,Money Management,Mass Payouts,15328.62557,99141.32,720568.73
2024-10-21,2024-10-26,Money Management,Other BaaS Products,-6043.23,,
2022-02-21,2022-02-21,Money Management,Other BaaS Products,-6498.38,,
2025-06-09,2025-06-11,Money Management,Other BaaS Products,-3762.36,0,0
2026-04-27,2026-04-28,Money Management,Financial Accounts,340152.7064,0,0
2026-04-27,2026-04-27,Money Management,Faster Payouts,59737.41624,0,0
2023-06-26,2023-06-28,Money Management,Other BaaS Products,-8463.2,,
2026-10-05,2026-10-05,Money Management,Money Management Stretch,,61959.00061,0
2026-10-19,2026-10-24,Money Management,Bridge,,0,0
2025-02-17,2025-02-21,Money Management,Faster Payouts,0,0,0
2026-08-17,2026-08-23,Money Management,Money Management Stretch,,55698.44481,0
2025-10-27,2025-11-01,Money Management,Bridge,0,0,0
2025-12-22,2025-12-28,Money Management,Bridge,0,0,0
2026-10-05,2026-10-06,Money Management,Faster Payouts,,0,0
2026-12-07,2026-12-12,Money Management,Mass Payouts,,0,0
2026-11-09,2026-11-12,Money Management,Mass Payouts,,0,0
2026-09-07,2026-09-12,Money Management,Financial Accounts,,0,0
2026-07-27,2026-07-27,Money Management,Money Management Stretch,,58531.61449,0
2025-02-03,2025-02-03,Money Management,Faster Payouts,0,0,0
2026-06-01,2026-06-04,Money Management,Mass Payouts,,0,0
2026-01-12,2026-01-16,Money Management,Bridge,0,0,0
2026-06-01,2026-06-06,Money Management,Faster Payouts,,0,0
2026-08-31,2026-09-05,Money Management,Mass Payouts,,0,0
2026-09-14,2026-09-17,Money Management,Bridge,,0,0
2026-12-21,2026-12-27,Money Management,Money Management Stretch,,62996.05707,0
2026-07-13,2026-07-16,Money Management,Bridge,,0,0
2026-05-04,2026-05-09,Money Management,Money Management Stretch,,58666.88449,0
2026-09-28,2026-10-01,Money Management,Other BaaS Products,,0,0
2026-03-16,2026-03-17,Money Management,Money Management Stretch,0,59782.24803,0
2026-06-08,2026-06-09,Money Management,Financial Accounts,,0,0
2026-08-10,2026-08-14,Money Management,Money Management Stretch,,55698.44481,0
2022-08-01,2022-08-05,Money Management,Other BaaS Products,-3098.02,,
2026-03-02,2026-03-07,Money Management,Mass Payouts,17846.53333,0,0
2025-06-09,2025-06-12,Money Management,Other BaaS Products,-3852.67,0,0
2026-01-05,2026-01-07,Money Management,Mass Payouts,10815.91768,0,0
2025-08-11,2025-08-12,Money Management,Mass Payouts,2456.192245,0,0
2023-11-20,2023-11-25,Money Management,Other BaaS Products,-5423.11,,
2024-08-05,2024-08-07,Money Management,Mass Payouts,50,,
2024-01-01,2024-01-01,Money Management,Financial Accounts,-120659.51,,
2025-09-29,2025-10-01,Money Management,Mass Payouts,2470.201789,0,0
2025-07-07,2025-07-07,Money Management,Other BaaS Products,-2147.66,0,0
2021-12-06,2021-12-07,Money Management,Other BaaS Products,-12945.88,,
2024-02-12,2024-02-13,Money Management,Other BaaS Products,-5677.22,,
2023-12-25,2023-12-26,Money Management,Other BaaS Products,-2079.39,,
2024-11-18,2024-11-21,Money Management,Other BaaS Products,-5276.85,,
2024-12-02,2024-12-02,Money Management,Other BaaS Products,-18916.02,,
2024-05-27,2024-05-28,Money Management,Faster Payouts,50.81700462,,
2025-09-15,2025-09-21,Money Management,Faster Payouts,18919.07769,0,0
2025-11-24,2025-11-30,Money Management,Other BaaS Products,155400.1,38937.34,38937.34
2024-11-11,2024-11-12,Money Management,Mass Payouts,931.5,,
2026-03-02,2026-03-08,Money Management,Faster Payouts,27169.84095,0,0
2025-03-10,2025-03-13,Money Management,Other BaaS Products,-5005.37,0,0
2025-06-16,2025-06-19,Money Management,Financial Accounts,-4951.41,0,0
2026-03-30,2026-04-04,Money Management,Mass Payouts,19661.77832,0,0
2025-04-21,2025-04-25,Money Management,Faster Payouts,16112.58836,0,0
2023-10-02,2023-10-06,Money Management,Other BaaS Products,-9376.49,,
2022-10-24,2022-10-30,Money Management,Other BaaS Products,-5291.1,,
2022-06-27,2022-06-28,Money Management,Financial Accounts,-18000,,
2025-08-11,2025-08-16,Money Management,Faster Payouts,19609.10376,0,0
2026-01-05,2026-01-11,Money Management,Mass Payouts,16272.31909,0,0
2025-11-10,2025-11-12,Money Management,Financial Accounts,-4774.995475,0,0
2024-07-01,2024-07-05,Money Management,Other BaaS Products,1120.18,,
2024-10-28,2024-10-30,Money Management,Other BaaS Products,-5346.5,,
2025-10-06,2025-10-06,Money Management,Other BaaS Products,-3152.95,0,0
2023-08-14,2023-08-14,Money Management,Other BaaS Products,-4511.99,,
2025-04-07,2025-04-11,Money Management,Other BaaS Products,-6785.48,0,0
2025-03-03,2025-03-06,Money Management,Financial Accounts,-1656348.77,0,0
2026-02-09,2026-02-14,Money Management,Faster Payouts,36041.79744,0,0
2023-10-16,2023-10-16,Money Management,Other BaaS Products,-4674.58,,
2024-07-22,2024-07-23,Money Management,Financial Accounts,0,,
2026-06-01,2026-06-03,Money Management,Financial Accounts,,0,0
2026-09-14,2026-09-19,Money Management,Money Management Stretch,,62366.64627,0
2026-11-23,2026-11-26,Money Management,Mass Payouts,,0,0
2025-07-07,2025-07-13,Money Management,Bridge,0,0,0
2025-02-17,2025-02-23,Money Management,Financial Accounts,0,0,0
2026-09-07,2026-09-07,Money Management,Faster Payouts,,0,0
2026-09-21,2026-09-27,Money Management,Money Management Stretch,,62366.64627,0
2026-11-30,2026-11-30,Money Management,Financial Accounts,,1374216.68,1390312.71
2025-07-14,2025-07-17,Money Management,Bridge,0,0,0
2025-02-24,2025-03-02,Money Management,Faster Payouts,0,0,0
2026-06-15,2026-06-16,Money Management,Money Management Stretch,,61733.51194,0
2025-09-01,2025-09-06,Money Management,Bridge,0,0,0
2025-09-08,2025-09-08,Money Management,Bridge,0,0,0
2026-10-19,2026-10-25,Money Management,Other BaaS Products,,0,0
2026-11-23,2026-11-25,Money Management,Other BaaS Products,,0,0
2026-09-14,2026-09-16,Money Management,Bridge,,0,0
2026-05-25,2026-05-29,Money Management,Bridge,,0,0
2025-12-08,2025-12-11,Money Management,Bridge,0,0,0
2025-10-06,2025-10-10,Money Management,Bridge,0,0,0
2026-10-12,2026-10-12,Money Management,Other BaaS Products,,0,0
2025-01-27,2025-02-02,Money Management,Bridge,0,0,0
2026-01-12,2026-01-13,Money Management,Bridge,0,0,0
2025-02-24,2025-02-25,Money Management,Bridge,0,0,0
2026-07-20,2026-07-26,Money Management,Mass Payouts,,0,0
2026-05-11,2026-05-12,Money Management,Faster Payouts,,0,0
2026-04-06,2026-04-09,Money Management,Faster Payouts,53947.03997,0,0
2024-04-29,2024-04-30,Money Management,Financial Accounts,2020775.03,,
2025-02-10,2025-02-14,Money Management,Mass Payouts,1760,0,0
2025-06-23,2025-06-24,Money Management,Other BaaS Products,-3758.08,0,0
2022-08-29,2022-08-29,Money Management,Other BaaS Products,-5470.19,,
2025-12-08,2025-12-10,Money Management,Mass Payouts,5580.134131,0,0
2025-06-23,2025-06-27,Money Management,Other BaaS Products,-3944.28,0,0
2025-06-09,2025-06-13,Money Management,Financial Accounts,10789.46,0,0
2025-04-07,2025-04-13,Money Management,Financial Accounts,-4293.92,0,0
2025-05-12,2025-05-12,Money Management,Faster Payouts,11173.18277,0,0
2025-10-06,2025-10-08,Money Management,Financial Accounts,-278280.9707,0,0
2024-02-26,2024-03-03,Money Management,Other BaaS Products,-6143.41,,
2022-01-31,2022-02-03,Money Management,Other BaaS Products,-27868.68,,
2024-11-18,2024-11-19,Money Management,Mass Payouts,451,,
2025-09-29,2025-10-04,Money Management,Faster Payouts,27792.80278,0,0
2024-03-18,2024-03-22,Money Management,Other BaaS Products,-5423.15,,
2025-06-30,2025-07-02,Money Management,Financial Accounts,-5561.700698,0,0
2023-05-29,2023-06-04,Money Management,Other BaaS Products,-3476.68,,
2024-11-04,2024-11-05,Money Management,Mass Payouts,96.25,,
2025-09-29,2025-09-29,Money Management,Faster Payouts,95940.08956,0,0
2022-08-29,2022-09-02,Money Management,Other BaaS Products,-13132.78,,
2025-05-12,2025-05-13,Money Management,Financial Accounts,-1165712.61,0,0
2022-02-14,2022-02-15,Money Management,Other BaaS Products,-18390.7,,
2024-02-19,2024-02-19,Money Management,Other BaaS Products,-3694.77,,
2025-08-18,2025-08-24,Money Management,Faster Payouts,12569.97202,0,0
2026-01-05,2026-01-05,Money Management,Faster Payouts,57137.35883,0,0
2026-02-23,2026-02-24,Money Management,Mass Payouts,18977.65806,0,0
2025-09-15,2025-09-21,Money Management,Other BaaS Products,-2263.95,0,0
2025-07-07,2025-07-12,Money Management,Financial Accounts,-5376.81289,0,0
2024-11-18,2024-11-22,Money Management,Mass Payouts,1789.25,,
2025-12-08,2025-12-11,Money Management,Faster Payouts,33918.84856,0,0
2026-03-23,2026-03-27,Money Management,Financial Accounts,-3965.385376,0,0
2025-08-25,2025-08-26,Money Management,Other BaaS Products,-5179.12,0,0
2024-12-23,2024-12-23,Money Management,Other BaaS Products,-3221.36,,
2026-01-19,2026-01-23,Money Management,Financial Accounts,-5837.840122,0,0
2026-03-09,2026-03-10,Money Management,Financial Accounts,-4796.72065,0,0
2026-02-02,2026-02-06,Money Management,Other BaaS Products,-3623.41,0,0
2025-05-12,2025-05-14,Money Management,Faster Payouts,10581.94851,0,0
2024-09-23,2024-09-24,Money Management,Financial Accounts,-0.26,,
2026-06-15,2026-06-15,Money Management,Mass Payouts,,0,0
2026-08-10,2026-08-15,Money Management,Money Management Stretch,,55698.44481,0
2025-02-17,2025-02-19,Money Management,Financial Accounts,0,0,0
2026-06-29,2026-07-04,Money Management,Faster Payouts,,0,0
2026-09-21,2026-09-27,Money Management,Financial Accounts,,0,0
2025-11-24,2025-11-25,Money Management,Bridge,0,0,0
2026-08-24,2026-08-28,Money Management,Financial Accounts,,0,0
2026-11-30,2026-12-05,Money Management,Money Management Stretch,,62996.05707,0
2026-07-06,2026-07-08,Money Management,Money Management Stretch,,58531.61449,0
2025-12-08,2025-12-12,Money Management,Bridge,0,0,0
2026-11-16,2026-11-22,Money Management,Mass Payouts,,0,0
2026-09-07,2026-09-07,Money Management,Money Management Stretch,,62366.64627,0
2026-06-22,2026-06-22,Money Management,Financial Accounts,,0,0
2025-04-21,2025-04-22,Money Management,Bridge,0,0,0
2026-10-05,2026-10-11,Money Management,Faster Payouts,,0,0
2025-12-29,2025-12-29,Money Management,Bridge,0,0,0
2026-11-09,2026-11-13,Money Management,Bridge,,0,0
2026-11-09,2026-11-14,Money Management,Financial Accounts,,0,0
2026-05-11,2026-05-12,Money Management,Bridge,,0,0
2026-05-18,2026-05-19,Money Management,Financial Accounts,,0,0
2026-09-28,2026-10-01,Money Management,Financial Accounts,,0,0
2026-04-06,2026-04-11,Money Management,Bridge,0,0,0
2026-11-16,2026-11-17,Money Management,Bridge,,0,0
2025-08-11,2025-08-12,Money Management,Faster Payouts,20822.9086,0,0
2025-06-23,2025-06-29,Money Management,Other BaaS Products,-2047.76,0,0
2023-11-20,2023-11-23,Money Management,Other BaaS Products,-6922.37,,
2023-12-25,2023-12-31,Money Management,Financial Accounts,1223490.21,,
2021-07-12,2021-07-13,Money Management,Other BaaS Products,-8610.45,,
2023-09-18,2023-09-18,Money Management,Other BaaS Products,-5215.75,,
2025-05-19,2025-05-24,Money Management,Mass Payouts,50.88,0,0
2025-06-23,2025-06-25,Money Management,Financial Accounts,-5020.781535,0,0
2026-03-30,2026-03-30,Money Management,Mass Payouts,22500.21354,0,0
2026-03-30,2026-04-01,Money Management,Other BaaS Products,-10557.45,0,0
2025-11-24,2025-11-28,Money Management,Financial Accounts,231509.2807,0,0
2022-11-14,2022-11-20,Money Management,Other BaaS Products,-6733.85,,
2021-07-26,2021-07-29,Money Management,Other BaaS Products,-8606.4,,
2025-01-20,2025-01-20,Money Management,Other BaaS Products,-2699.81,0,0
2024-02-19,2024-02-21,Money Management,Other BaaS Products,-6530.34,,
2025-12-01,2025-12-07,Money Management,Other BaaS Products,-2214.35,0,0
2023-01-09,2023-01-12,Money Management,Financial Accounts,4142.63,,
2023-09-25,2023-10-01,Money Management,Financial Accounts,-102114.85,,
2025-02-03,2025-02-04,Money Management,Mass Payouts,527,0,0
2025-01-06,2025-01-10,Money Management,Faster Payouts,-165301.2728,0,0
2024-07-01,2024-07-04,Money Management,Mass Payouts,4,,
2025-01-13,2025-01-16,Money Management,Financial Accounts,0,0,0
2025-07-14,2025-07-19,Money Management,Faster Payouts,14646.32717,0,0
2021-10-18,2021-10-20,Money Management,Other BaaS Products,-11216.24,,
2023-12-25,2023-12-25,Money Management,Other BaaS Products,-3416.37,,
2022-10-10,2022-10-15,Money Management,Other BaaS Products,-18864.38,,
2025-07-21,2025-07-24,Money Management,Financial Accounts,-4505.705535,0,0
2024-11-25,2024-11-26,Money Management,Mass Payouts,421,,
2025-12-08,2025-12-12,Money Management,Mass Payouts,6516.205029,0,0
2024-06-10,2024-06-13,Money Management,Other BaaS Products,-6439.55,,
2025-03-31,2025-03-31,Money Management,Bridge,1621506.118,1621506.118,1621506.118
2025-01-27,2025-02-02,Money Management,Other BaaS Products,-16610.67,0,0
2025-06-30,2025-07-05,Money Management,Other BaaS Products,-1782.53,0,0
2025-11-10,2025-11-11,Money Management,Other BaaS Products,-3656.77,0,0
2025-09-15,2025-09-20,Money Management,Financial Accounts,-5036.701415,0,0
2022-12-26,2022-12-28,Money Management,Other BaaS Products,-7367.71,,
2025-08-25,2025-08-29,Money Management,Faster Payouts,30713.68841,0,0
2026-03-09,2026-03-14,Money Management,Mass Payouts,14691.04335,0,0
2024-07-22,2024-07-22,Money Management,Other BaaS Products,-4397.3,,
2024-12-23,2024-12-26,Money Management,Other BaaS Products,-1799.7,,
2025-12-22,2025-12-22,Money Management,Other BaaS Products,-1486.75,0,0
2022-01-10,2022-01-12,Money Management,Financial Accounts,-640464.4,,
2026-11-23,2026-11-27,Money Management,Mass Payouts,,0,0
2026-05-18,2026-05-21,Money Management,Bridge,,0,0
2025-02-17,2025-02-18,Money Management,Faster Payouts,0,0,0
2026-12-14,2026-12-15,Money Management,Other BaaS Products,,0,0
2026-10-05,2026-10-08,Money Management,Financial Accounts,,0,0
2026-12-14,2026-12-17,Money Management,Faster Payouts,,0,0
2026-05-18,2026-05-23,Money Management,Mass Payouts,,0,0
2025-12-08,2025-12-08,Money Management,Bridge,0,0,0
2026-08-10,2026-08-10,Money Management,Mass Payouts,,0,0
2025-12-22,2025-12-23,Money Management,Bridge,0,0,0
2026-12-07,2026-12-09,Money Management,Other BaaS Products,,0,0
2026-11-30,2026-12-06,Money Management,Bridge,,0,0
2025-11-24,2025-11-24,Money Management,Bridge,0,0,0
2026-05-04,2026-05-10,Money Management,Bridge,,0,0
2026-05-04,2026-05-06,Money Management,Mass Payouts,,0,0
2026-08-17,2026-08-19,Money Management,Faster Payouts,,0,0
2026-03-30,2026-03-31,Money Management,Faster Payouts,405066.1275,1590883.13,1704244.98
2024-04-15,2024-04-18,Money Management,Other BaaS Products,-5807.53,,
2024-03-11,2024-03-11,Money Management,Other BaaS Products,-7046.14,,
2025-06-30,2025-07-01,Money Management,Faster Payouts,50021.63371,0,0
2025-06-30,2025-07-03,Money Management,Mass Payouts,3416.089097,0,0
2022-10-17,2022-10-22,Money Management,Other BaaS Products,-8707.74,,
2021-09-27,2021-09-28,Money Management,Other BaaS Products,-9004.11,,
2023-06-05,2023-06-05,Money Management,Other BaaS Products,-4336.45,,
2023-09-11,2023-09-13,Money Management,Other BaaS Products,-8173.75,,
2025-04-28,2025-05-04,Money Management,Other BaaS Products,-3272.74,0,0
2024-08-05,2024-08-07,Money Management,Financial Accounts,-480180.48,,
2025-08-11,2025-08-13,Money Management,Mass Payouts,2937.039657,0,0
2025-02-03,2025-02-06,Money Management,Other BaaS Products,-5723.76,0,0
2025-12-01,2025-12-03,Money Management,Financial Accounts,-4271.856122,0,0
2024-01-22,2024-01-24,Money Management,Other BaaS Products,-6512.26,,
2025-07-21,2025-07-23,Money Management,Faster Payouts,19096.22567,0,0
2022-02-21,2022-02-22,Money Management,Other BaaS Products,-10366.74,,
2026-02-23,2026-02-23,Money Management,Financial Accounts,-4733.56067,0,0
2025-04-14,2025-04-18,Money Management,Financial Accounts,-4128.39,0,0
2025-06-23,2025-06-28,Money Management,Other BaaS Products,-3167.89,0,0
2022-01-31,2022-01-31,Money Management,Financial Accounts,-38374.98,,
2023-09-25,2023-09-25,Money Management,Financial Accounts,-101.46,,
2025-03-17,2025-03-20,Money Management,Other BaaS Products,-5306.32,0,0
2024-10-07,2024-10-07,Money Management,Other BaaS Products,-4810.6,,
2026-04-20,2026-04-25,Money Management,Faster Payouts,44117.57537,0,0
2026-02-09,2026-02-09,Money Management,Mass Payouts,72920.60948,0,0
2022-11-21,2022-11-24,Money Management,Other BaaS Products,-8322.17,,
2025-07-07,2025-07-10,Money Management,Other BaaS Products,-3511.6,0,0
2025-06-16,2025-06-20,Money Management,Mass Payouts,3090.284452,0,0
2025-05-26,2025-05-30,Money Management,Faster Payouts,23552.17289,0,0
2026-01-26,2026-01-27,Money Management,Other BaaS Products,-2940.6,0,0
2025-09-01,2025-09-02,Money Management,Financial Accounts,-4934.979117,0,0
2025-06-23,2025-06-23,Money Management,Bridge,0,0,0
2026-10-12,2026-10-14,Money Management,Other BaaS Products,,0,0
2026-02-16,2026-02-18,Money Management,Bridge,0,0,0
2025-11-10,2025-11-14,Money Management,Bridge,0,0,0
2026-03-02,2026-03-02,Money Management,Bridge,0,0,0
2025-02-17,2025-02-23,Money Management,Mass Payouts,0,0,0
2025-12-15,2025-12-17,Money Management,Bridge,0,0,0
2026-06-15,2026-06-18,Money Management,Money Management Stretch,,61733.51194,0
2026-11-09,2026-11-11,Money Management,Bridge,,0,0
2026-12-21,2026-12-21,Money Management,Bridge,,0,0
2025-11-24,2025-11-27,Money Management,Bridge,0,0,0
2026-07-06,2026-07-11,Money Management,Faster Payouts,,0,0
2026-04-06,2026-04-08,Money Management,Money Management Stretch,0,59526.40594,0
2026-12-21,2026-12-24,Money Management,Mass Payouts,,0,0
2026-08-17,2026-08-18,Money Management,Money Management Stretch,,55698.44481,0
2025-11-24,2025-11-26,Money Management,Bridge,0,0,0
2026-06-08,2026-06-10,Money Management,Bridge,,0,0
2026-09-28,2026-09-28,Money Management,Faster Payouts,,0,0
2025-10-20,2025-10-23,Money Management,Faster Payouts,31550.15279,0,0
2026-03-09,2026-03-11,Money Management,Faster Payouts,44559.74614,0,0
2026-01-05,2026-01-09,Money Management,Financial Accounts,-280402.8177,0,0
2021-06-28,2021-07-01,Money Management,Other BaaS Products,109890.42,,
2025-06-16,2025-06-18,Money Management,Faster Payouts,19015.10842,0,0
2026-02-02,2026-02-04,Money Management,Mass Payouts,34195.94118,0,0
2024-01-29,2024-02-03,Money Management,Other BaaS Products,-9778.38,,
2025-09-08,2025-09-11,Money Management,Financial Accounts,-1440827.214,0,0
2025-07-21,2025-07-25,Money Management,Mass Payouts,4124.950674,0,0
2025-09-29,2025-10-04,Money Management,Other BaaS Products,-2732.82,0,0
2024-12-09,2024-12-15,Money Management,Other BaaS Products,-2716.8,,
2023-01-09,2023-01-10,Money Management,Other BaaS Products,-14402.64,,
2023-04-17,2023-04-19,Money Management,Other BaaS Products,-8142.55,,
2022-06-27,2022-06-28,Money Management,Other BaaS Products,-8192.01,,
2025-04-28,2025-05-01,Money Management,Faster Payouts,44701.57176,0,0
2026-02-09,2026-02-13,Money Management,Financial Accounts,-3803.429899,0,0
2026-01-26,2026-01-28,Money Management,Mass Payouts,12973.65373,0,0
2022-08-22,2022-08-27,Money Management,Other BaaS Products,-9255.44,,
2024-06-10,2024-06-16,Money Management,Other BaaS Products,-3765.19,,
2022-10-17,2022-10-20,Money Management,Other BaaS Products,-10623.79,,
2026-03-23,2026-03-23,Money Management,Other BaaS Products,-1591.51,0,0
2022-08-29,2022-09-02,Money Management,Financial Accounts,0,,
2021-10-25,2021-10-25,Money Management,Other BaaS Products,-5030.51,,
2023-07-31,2023-08-02,Money Management,Other BaaS Products,-15496.41,,
2024-05-27,2024-05-31,Money Management,Faster Payouts,-0.1278496289,,
2025-09-29,2025-10-03,Money Management,Financial Accounts,-5600.113443,0,0
2023-09-25,2023-10-01,Money Management,Other BaaS Products,-13410.88,,
2025-05-19,2025-05-21,Money Management,Mass Payouts,727.8871984,0,0
2024-10-21,2024-10-26,Money Management,Mass Payouts,2,,
2023-04-17,2023-04-20,Money Management,Other BaaS Products,-7979.86,,
2023-09-11,2023-09-16,Money Management,Other BaaS Products,-4999.4,,
2025-05-26,2025-05-29,Money Management,Financial Accounts,-4625.333584,0,0
2025-12-15,2025-12-20,Money Management,Mass Payouts,7573.238867,0,0
2024-10-28,2024-11-02,Money Management,Financial Accounts,0,,
2024-09-30,2024-10-01,Money Management,Financial Accounts,-624460.12,,
2025-12-22,2025-12-22,Money Management,Faster Payouts,34339.20305,0,0
2025-09-29,2025-09-29,Money Management,Other BaaS Products,-2110.18,0,0
2023-08-28,2023-08-31,Money Management,Financial Accounts,1121120.25,,
2023-12-25,2023-12-27,Money Management,Other BaaS Products,-4390.03,,
2022-11-28,2022-12-01,Money Management,Other BaaS Products,-10973.87,,
2024-10-21,2024-10-23,Money Management,Other BaaS Products,-6423.85,,
2026-04-27,2026-05-01,Money Management,Bridge,,0,0
2026-08-24,2026-08-26,Money Management,Other BaaS Products,,0,0
2026-11-23,2026-11-29,Money Management,Other BaaS Products,,0,0
2026-07-27,2026-07-31,Money Management,Financial Accounts,,1095227.97,1044543.44
2026-08-24,2026-08-30,Money Management,Other BaaS Products,,0,0
2026-06-01,2026-06-05,Money Management,Financial Accounts,,0,0
2026-07-20,2026-07-20,Money Management,Faster Payouts,,0,0
2025-01-06,2025-01-07,Money Management,Financial Accounts,0,0,0
2026-10-05,2026-10-10,Money Management,Money Management Stretch,,61959.00061,0
2025-10-20,2025-10-20,Money Management,Bridge,0,0,0
2026-07-06,2026-07-12,Money Management,Bridge,,0,0
2026-10-12,2026-10-13,Money Management,Mass Payouts,,0,0
2026-08-24,2026-08-29,Money Management,Financial Accounts,,0,0
2026-09-28,2026-09-29,Money Management,Bridge,,0,0
2025-03-03,2025-03-04,Money Management,Faster Payouts,0,0,0
2025-02-24,2025-03-01,Money Management,Bridge,0,0,0
2026-12-07,2026-12-13,Money Management,Money Management Stretch,,62996.05707,0
2026-06-15,2026-06-19,Money Management,Other BaaS Products,,0,0
2026-10-05,2026-10-10,Money Management,Bridge,,0,0
2025-08-04,2025-08-10,Money Management,Financial Accounts,-5304.003459,0,0
2025-05-19,2025-05-23,Money Management,Financial Accounts,-4167.13,0,0
2025-06-02,2025-06-05,Money Management,Financial Accounts,-11317.07,0,0
2026-02-02,2026-02-02,Money Management,Financial Accounts,-44047.50368,0,0
2022-05-30,2022-05-31,Money Management,Other BaaS Products,504108.1497,,
2022-12-26,2022-12-29,Money Management,Other BaaS Products,-6907.01,,
2023-05-22,2023-05-27,Money Management,Financial Accounts,-19.59,,
2025-12-15,2025-12-20,Money Management,Financial Accounts,-5521.383619,0,0
2023-09-25,2023-09-26,Money Management,Financial Accounts,0,,
2023-11-20,2023-11-24,Money Management,Other BaaS Products,-5563.3,,
2021-07-12,2021-07-14,Money Management,Other BaaS Products,-8349.47,,
2025-11-03,2025-11-08,Money Management,Mass Payouts,210.3757855,0,0
2025-02-03,2025-02-05,Money Management,Financial Accounts,0,0,0
2025-09-29,2025-10-03,Money Management,Mass Payouts,3162.111786,0,0
2025-10-27,2025-10-29,Money Management,Mass Payouts,2608.924474,0,0
2023-08-07,2023-08-13,Money Management,Other BaaS Products,-3180.66,,
2025-06-30,2025-06-30,Money Management,Bridge,2412629.129,2412629.129,2412629.129
2025-04-14,2025-04-16,Money Management,Financial Accounts,-3910.348578,0,0
2025-05-05,2025-05-08,Money Management,Faster Payouts,12866.21712,0,0
2025-06-16,2025-06-21,Money Management,Financial Accounts,-5549.91,0,0
2022-01-17,2022-01-21,Money Management,Other BaaS Products,-13915.36,,
2024-08-12,2024-08-17,Money Management,Other BaaS Products,-4997.64,,
2022-10-31,2022-11-02,Money Management,Other BaaS Products,-21116.43,,
2025-02-10,2025-02-11,Money Management,Financial Accounts,0,0,0
2025-12-29,2026-01-01,Money Management,Other BaaS Products,-12341.38,0,0
2026-02-23,2026-02-23,Money Management,Other BaaS Products,-2210.52,0,0
2023-01-02,2023-01-07,Money Management,Financial Accounts,25022.72,,
2024-08-19,2024-08-25,Money Management,Other BaaS Products,-3229.92,,
2024-08-12,2024-08-15,Money Management,Mass Payouts,61,,
2024-05-27,2024-06-01,Money Management,Financial Accounts,-443428.04,,
2026-01-26,2026-01-27,Money Management,Faster Payouts,52235.63538,0,0
2021-11-08,2021-11-11,Money Management,Other BaaS Products,-13016.62,,
2026-01-05,2026-01-11,Money Management,Financial Accounts,-5919.022211,0,0
2026-05-04,2026-05-09,Money Management,Financial Accounts,,0,0
2025-11-17,2025-11-19,Money Management,Bridge,0,0,0
2026-06-29,2026-06-30,Money Management,Other BaaS Products,,121920,121040
2026-03-23,2026-03-25,Money Management,Bridge,0,0,0
2026-10-12,2026-10-13,Money Management,Financial Accounts,,0,0
2026-01-26,2026-02-01,Money Management,Bridge,0,0,0
2026-06-29,2026-07-03,Money Management,Mass Payouts,,0,0
2026-12-07,2026-12-07,Money Management,Money Management Stretch,,62996.05707,0
2026-08-03,2026-08-08,Money Management,Other BaaS Products,,0,0
2025-04-28,2025-05-02,Money Management,Bridge,0,0,0
2026-08-10,2026-08-16,Money Management,Money Management Stretch,,55698.44481,0
2026-12-07,2026-12-08,Money Management,Financial Accounts,,0,0
2026-12-07,2026-12-11,Money Management,Faster Payouts,,0,0
2026-12-28,2026-12-30,Money Management,Other BaaS Products,,0,0
2025-08-25,2025-08-30,Money Management,Bridge,0,0,0
2025-09-22,2025-09-25,Money Management,Bridge,0,0,0
2023-10-30,2023-11-01,Money Management,Other BaaS Products,-14450.33,,
2025-12-08,2025-12-13,Money Management,Faster Payouts,22260.48445,0,0
2025-09-08,2025-09-11,Money Management,Mass Payouts,2500.498225,0,0
2024-07-29,2024-08-04,Money Management,Other BaaS Products,-3018.14,,
2025-04-28,2025-04-28,Money Management,Other BaaS Products,-4733.16,0,0
2025-06-30,2025-07-02,Money Management,Mass Payouts,1853.330696,0,0
2025-09-29,2025-10-02,Money Management,Other BaaS Products,-15396.36,0,0
2024-04-08,2024-04-11,Money Management,Other BaaS Products,-6698.4,,
2022-12-19,2022-12-20,Money Management,Other BaaS Products,-7256.88,,
2021-11-29,2021-11-30,Money Management,Financial Accounts,-62372.81,,
2021-04-26,2021-04-30,Money Management,Financial Accounts,8714.83,,
2025-05-26,2025-05-29,Money Management,Faster Payouts,19743.08295,0,0
2022-11-28,2022-12-02,Money Management,Other BaaS Products,-17006.67,,
2025-10-06,2025-10-08,Money Management,Mass Payouts,1902.05347,0,0
2023-06-12,2023-06-12,Money Management,Other BaaS Products,-4905.19,,
2023-10-02,2023-10-04,Money Management,Financial Accounts,-0.04,,
2023-05-15,2023-05-16,Money Management,Other BaaS Products,-9800.9,,
2026-03-09,2026-03-15,Money Management,Other BaaS Products,-2317.3,0,0
2024-03-04,2024-03-05,Money Management,Other BaaS Products,-8211.41,,
2025-11-17,2025-11-21,Money Management,Faster Payouts,34405.86138,0,0
2025-07-21,2025-07-25,Money Management,Financial Accounts,-4639.17,0,0
2022-07-04,2022-07-10,Money Management,Other BaaS Products,-7363.19,,
2026-01-05,2026-01-09,Money Management,Mass Payouts,9706.690086,0,0
2025-12-08,2025-12-10,Money Management,Financial Accounts,-3954.363918,0,0
2024-04-29,2024-05-01,Money Management,Faster Payouts,90322.35429,,
2025-08-25,2025-08-31,Money Management,Bridge,6221788.484,6221788.484,6221788.484
2025-08-25,2025-08-26,Money Management,Faster Payouts,23729.90808,0,0
2026-02-23,2026-02-24,Money Management,Financial Accounts,-5252.375413,0,0
2024-12-23,2024-12-28,Money Management,Other BaaS Products,-3211.06,,
2025-08-04,2025-08-08,Money Management,Other BaaS Products,-2667.82,0,0
2023-05-22,2023-05-25,Money Management,Other BaaS Products,-12033.51,,
2024-11-04,2024-11-06,Money Management,Mass Payouts,148,,
2021-07-26,2021-07-28,Money Management,Other BaaS Products,-10401.75,,
2026-03-09,2026-03-14,Money Management,Faster Payouts,38321.95871,0,0
2024-08-26,2024-09-01,Money Management,Faster Payouts,128319.2074,,
2026-11-30,2026-11-30,Money Management,Bridge,,7233215,7302000
2025-04-07,2025-04-10,Money Management,Bridge,0,0,0
2026-06-08,2026-06-13,Money Management,Mass Payouts,,0,0
2026-07-20,2026-07-22,Money Management,Faster Payouts,,0,0
2025-02-24,2025-02-26,Money Management,Financial Accounts,0,0,0
2026-07-06,2026-07-12,Money Management,Other BaaS Products,,0,0
2026-08-17,2026-08-23,Money Management,Bridge,,0,0
2026-09-21,2026-09-24,Money Management,Other BaaS Products,,0,0
2025-03-10,2025-03-14,Money Management,Faster Payouts,0,0,0
2025-09-29,2025-10-04,Money Management,Bridge,0,0,0
2026-12-07,2026-12-13,Money Management,Other BaaS Products,,0,0
2026-06-22,2026-06-27,Money Management,Mass Payouts,,0,0
2026-07-27,2026-07-31,Money Management,Faster Payouts,,1402196.57,1601243.86
2026-05-11,2026-05-13,Money Management,Mass Payouts,,0,0
2026-05-11,2026-05-16,Money Management,Other BaaS Products,,0,0
2026-09-07,2026-09-10,Money Management,Bridge,,0,0
2025-03-17,2025-03-23,Money Management,Faster Payouts,0,0,0
2026-05-25,2026-05-26,Money Management,Money Management Stretch,,58666.88449,0
2026-10-26,2026-10-28,Money Management,Faster Payouts,,0,0
2026-08-10,2026-08-15,Money Management,Mass Payouts,,0,0
2026-04-13,2026-04-18,Money Management,Money Management Stretch,0,59526.40594,0
2026-12-21,2026-12-25,Money Management,Financial Accounts,,0,0
2026-08-24,2026-08-29,Money Management,Faster Payouts,,0,0
2025-05-05,2025-05-10,Money Management,Bridge,0,0,0
2025-02-17,2025-02-22,Money Management,Faster Payouts,0,0,0
2026-08-03,2026-08-05,Money Management,Faster Payouts,,0,0
2025-07-21,2025-07-21,Money Management,Bridge,0,0,0
2026-07-27,2026-07-27,Money Management,Bridge,,0,0
2026-05-11,2026-05-17,Money Management,Faster Payouts,,0,0
2025-04-07,2025-04-07,Money Management,Mass Payouts,0,0,0
2026-12-14,2026-12-14,Money Management,Other BaaS Products,,0,0
2025-01-13,2025-01-18,Money Management,Faster Payouts,0,0,0
2021-09-20,2021-09-22,Money Management,Other BaaS Products,-11212.36,,
2024-06-24,2024-06-29,Money Management,Other BaaS Products,-6177.99,,
2024-12-16,2024-12-19,Money Management,Financial Accounts,0,,
2025-07-28,2025-07-28,Money Management,Faster Payouts,19604.37319,0,0
2023-03-13,2023-03-16,Money Management,Other BaaS Products,-8135.83,,
2025-12-29,2025-12-31,Money Management,Other BaaS Products,141648.01,32601.86,32601.86
2021-11-08,2021-11-10,Money Management,Other BaaS Products,-12617.38,,
2022-09-26,2022-09-30,Money Management,Financial Accounts,175424.93,,
2025-05-05,2025-05-06,Money Management,Other BaaS Products,-5986.65,0,0
2023-01-23,2023-01-25,Money Management,Other BaaS Products,-9236.63,,
2025-08-04,2025-08-10,Money Management,Mass Payouts,582.6967235,0,0
2023-08-28,2023-09-02,Money Management,Other BaaS Products,-15524.66,,
2024-12-30,2024-12-31,Money Management,Faster Payouts,-5334.199796,,
2026-03-02,2026-03-02,Money Management,Mass Payouts,19559.04113,0,0
2022-01-24,2022-01-27,Money Management,Other BaaS Products,-11252.65,,
2025-05-26,2025-05-31,Money Management,Mass Payouts,34.5,10783.22175,10783.22175
2024-10-07,2024-10-08,Money Management,Mass Payouts,102.25,,
2024-06-17,2024-06-20,Money Management,Other BaaS Products,-6038.19,,
2024-11-25,2024-11-28,Money Management,Mass Payouts,50,,
2025-08-25,2025-08-25,Money Management,Financial Accounts,-5002.632383,0,0
2025-06-02,2025-06-03,Money Management,Faster Payouts,24306.96758,0,0
2025-05-05,2025-05-09,Money Management,Other BaaS Products,-6270.1,0,0
2022-03-07,2022-03-11,Money Management,Other BaaS Products,-14151.44,,
2025-06-09,2025-06-09,Money Management,Financial Accounts,-5926.51,0,0
2021-05-31,2021-05-31,Money Management,Financial Accounts,-7281.11,,
2026-04-13,2026-04-18,Money Management,Financial Accounts,-6143.910631,0,0
2023-04-03,2023-04-04,Money Management,Other BaaS Products,-9981.63,,
2021-12-13,2021-12-15,Money Management,Other BaaS Products,-20414.37,,
2023-06-05,2023-06-07,Money Management,Other BaaS Products,-1310.02,,
2025-12-08,2025-12-14,Money Management,Financial Accounts,-4830.296039,0,0
2023-03-13,2023-03-17,Money Management,Other BaaS Products,-7390.09,,
2025-12-15,2025-12-16,Money Management,Other BaaS Products,-4131.37,0,0
2024-12-09,2024-12-09,Money Management,Other BaaS Products,-3749.31,,
2024-12-23,2024-12-26,Money Management,Mass Payouts,495.5,,
2023-10-02,2023-10-02,Money Management,Financial Accounts,0,,
2026-07-27,2026-07-29,Money Management,Bridge,,0,0
2026-10-05,2026-10-07,Money Management,Faster Payouts,,0,0
2026-11-02,2026-11-05,Money Management,Mass Payouts,,0,0
2026-10-05,2026-10-09,Money Management,Faster Payouts,,0,0
2026-09-07,2026-09-12,Money Management,Mass Payouts,,0,0
2026-06-01,2026-06-06,Money Management,Other BaaS Products,,0,0
2025-12-15,2025-12-21,Money Management,Bridge,0,0,0
2026-01-19,2026-01-20,Money Management,Money Management Stretch,0,81627.68351,0
2025-02-10,2025-02-14,Money Management,Faster Payouts,0,0,0
2025-04-21,2025-04-22,Money Management,Mass Payouts,0,0,0
2025-11-17,2025-11-22,Money Management,Bridge,0,0,0
2026-05-18,2026-05-24,Money Management,Money Management Stretch,,58666.88449,0
2025-05-19,2025-05-20,Money Management,Bridge,0,0,0
2026-06-08,2026-06-10,Money Management,Mass Payouts,,0,0
2026-12-21,2026-12-21,Money Management,Mass Payouts,,0,0
2025-08-11,2025-08-13,Money Management,Bridge,0,0,0
2026-12-07,2026-12-09,Money Management,Money Management Stretch,,62996.05707,0
2025-02-17,2025-02-17,Money Management,Bridge,0,0,0
2024-05-20,2024-05-24,Money Management,Other BaaS Products,-6759.97,,
2021-09-06,2021-09-08,Money Management,Other BaaS Products,-9748.2,,
2024-05-27,2024-06-02,Money Management,Other BaaS Products,-18168.73,,
2025-09-01,2025-09-05,Money Management,Mass Payouts,3159.441173,0,0
2026-01-05,2026-01-06,Money Management,Other BaaS Products,-6806.25,0,0
2025-07-28,2025-07-28,Money Management,Other BaaS Products,-3168.17,0,0
2023-05-08,2023-05-13,Money Management,Other BaaS Products,-7083.21,,
2026-02-23,2026-03-01,Money Management,Faster Payouts,73532.61917,0,0
2023-05-15,2023-05-17,Money Management,Other BaaS Products,-8434.5,,
2026-01-19,2026-01-20,Money Management,Mass Payouts,15814.76159,0,0
2025-06-16,2025-06-18,Money Management,Other BaaS Products,-4049.5,0,0
2023-11-06,2023-11-08,Money Management,Other BaaS Products,-8322.87,,
2023-04-03,2023-04-09,Money Management,Financial Accounts,-0.28,,
2024-11-25,2024-11-25,Money Management,Financial Accounts,0,,
2024-11-11,2024-11-15,Money Management,Other BaaS Products,-6384.3,,
2024-10-28,2024-11-03,Money Management,Other BaaS Products,-3719.43,,
2025-06-23,2025-06-29,Money Management,Financial Accounts,-5733.29,0,0
2023-12-18,2023-12-20,Money Management,Financial Accounts,-26797.46,,
2024-10-28,2024-10-31,Money Management,Financial Accounts,1686843.38,,
2022-10-03,2022-10-07,Money Management,Financial Accounts,35009.55,,
2024-07-15,2024-07-21,Money Management,Other BaaS Products,-4936.11,,
2024-12-02,2024-12-02,Money Management,Mass Payouts,523.75,,
2026-04-13,2026-04-13,Money Management,Faster Payouts,54911.7586,0,0
2025-05-05,2025-05-06,Money Management,Faster Payouts,12750.86627,0,0
2026-03-23,2026-03-23,Money Management,Faster Payouts,47252.20676,0,0
2025-08-11,2025-08-11,Money Management,Faster Payouts,20121.37641,0,0
2025-08-25,2025-08-30,Money Management,Mass Payouts,83.01,0,0
2023-10-30,2023-11-01,Money Management,Faster Payouts,14364,,
2025-06-23,2025-06-25,Money Management,Other BaaS Products,-7175.81,0,0
2025-05-19,2025-05-19,Money Management,Faster Payouts,14645.0802,0,0
2025-11-17,2025-11-21,Money Management,Other BaaS Products,-3466.12,0,0
2022-02-28,2022-02-28,Money Management,Other BaaS Products,512765.226,,
2024-08-26,2024-08-28,Money Management,Other BaaS Products,-7362.45,,
2025-08-18,2025-08-20,Money Management,Other BaaS Products,-3553.76,0,0
2025-11-10,2025-11-16,Money Management,Financial Accounts,-6772.74,0,0
2022-12-12,2022-12-14,Money Management,Other BaaS Products,-7784.9,,
2025-12-08,2025-12-13,Money Management,Bridge,0,0,0
2025-03-17,2025-03-17,Money Management,Financial Accounts,0,0,0
2026-02-02,2026-02-07,Money Management,Bridge,0,0,0
2025-06-16,2025-06-19,Money Management,Bridge,0,0,0
2026-06-08,2026-06-12,Money Management,Money Management Stretch,,61733.51194,0
2026-08-31,2026-09-05,Money Management,Financial Accounts,,0,0
2026-07-20,2026-07-20,Money Management,Money Management Stretch,,58531.61449,0
2026-09-14,2026-09-14,Money Management,Other BaaS Products,,0,0
2026-10-12,2026-10-16,Money Management,Financial Accounts,,0,0
2025-04-28,2025-05-02,Money Management,Mass Payouts,0,0,0
2026-11-30,2026-12-05,Money Management,Financial Accounts,,0,0
2025-12-29,2026-01-04,Money Management,Money Management Stretch,0,81627.68351,0
2025-10-06,2025-10-11,Money Management,Other BaaS Products,-2726.8,0,0
2022-08-22,2022-08-28,Money Management,Other BaaS Products,-5094.82,,
2025-09-01,2025-09-07,Money Management,Financial Accounts,-7123.4,0,0
2024-10-07,2024-10-11,Money Management,Mass Payouts,758.5,,
2025-06-23,2025-06-24,Money Management,Faster Payouts,16289.03506,0,0
2025-09-08,2025-09-10,Money Management,Financial Accounts,-25863.50316,0,0
2025-09-22,2025-09-24,Money Management,Other BaaS Products,-3286.7,0,0
2025-01-20,2025-01-20,Money Management,Mass Payouts,1.726497068,0,0
2026-03-09,2026-03-11,Money Management,Financial Accounts,-1428224.657,0,0
2025-06-09,2025-06-09,Money Management,Mass Payouts,1198.401491,0,0
2025-11-10,2025-11-11,Money Management,Mass Payouts,630.9406649,0,0
2026-01-05,2026-01-09,Money Management,Faster Payouts,59972.47922,0,0
2024-09-16,2024-09-16,Money Management,Other BaaS Products,-4457.39,,
2024-10-14,2024-10-18,Money Management,Mass Payouts,1026.75,,
2024-10-07,2024-10-08,Money Management,Financial Accounts,0,,
2025-04-14,2025-04-15,Money Management,Faster Payouts,22174.24744,0,0
2025-06-23,2025-06-23,Money Management,Financial Accounts,-5634.03014,0,0
2025-07-14,2025-07-16,Money Management,Faster Payouts,22334.44761,0,0
2021-10-11,2021-10-13,Money Management,Other BaaS Products,-14502.09,,
2025-02-03,2025-02-07,Money Management,Financial Accounts,1202801.43,0,0
2025-12-22,2025-12-24,Money Management,Mass Payouts,31409.82367,0,0
2025-09-29,2025-09-30,Money Management,Financial Accounts,885260.4571,830392.2677,830392.2677
2021-07-05,2021-07-07,Money Management,Other BaaS Products,83509.46,,
2024-10-14,2024-10-15,Money Management,Other BaaS Products,-5836.51,,
2022-12-05,2022-12-07,Money Management,Other BaaS Products,-5653.1,,
2025-01-20,2025-01-26,Money Management,Other BaaS Products,-2471.55,0,0
2024-08-05,2024-08-08,Money Management,Other BaaS Products,-12332.84,,
2024-01-22,2024-01-25,Money Management,Other BaaS Products,-6121.49,,
2021-08-23,2021-08-23,Money Management,Other BaaS Products,-5667.02,,
2023-12-25,2023-12-31,Money Management,Other BaaS Products,253754.35,,
2026-04-13,2026-04-19,Money Management,Faster Payouts,31542.36815,0,0
2025-12-15,2025-12-17,Money Management,Faster Payouts,37207.1398,0,0
2026-02-09,2026-02-11,Money Management,Other BaaS Products,-3847.92,0,0
2022-03-21,2022-03-21,Money Management,Other BaaS Products,-7193.98,,
2024-08-19,2024-08-22,Money Management,Other BaaS Products,-6781.95,,
2022-02-07,2022-02-11,Money Management,Other BaaS Products,-10774.12,,
2026-03-02,2026-03-02,Money Management,Financial Accounts,-4161.114223,0,0
2025-09-15,2025-09-20,Money Management,Other BaaS Products,-2657.8,0,0
2023-08-21,2023-08-22,Money Management,Other BaaS Products,-6712.37,,
2025-05-05,2025-05-10,Money Management,Faster Payouts,10302.3118,0,0
2026-03-23,2026-03-27,Money Management,Other BaaS Products,-4519.54,0,0
2024-12-23,2024-12-26,Money Management,Financial Accounts,0,,
2026-06-29,2026-06-29,Money Management,Bridge,,0,0
2026-05-18,2026-05-18,Money Management,Faster Payouts,,0,0
2025-08-25,2025-08-27,Money Management,Bridge,0,0,0
2025-05-26,2025-05-28,Money Management,Bridge,0,0,0
2026-07-20,2026-07-22,Money Management,Bridge,,0,0
2026-10-05,2026-10-11,Money Management,Money Management Stretch,,61959.00061,0
2026-08-10,2026-08-15,Money Management,Faster Payouts,,0,0
2026-08-31,2026-09-02,Money Management,Bridge,,0,0
2026-09-28,2026-09-30,Money Management,Financial Accounts,,1209348.51,1190330.41
2026-11-16,2026-11-16,Money Management,Financial Accounts,,0,0
2026-03-16,2026-03-18,Money Management,Bridge,0,0,0
2025-08-25,2025-08-25,Money Management,Bridge,0,0,0
2026-01-05,2026-01-08,Money Management,Money Management Stretch,0,81627.68351,0
2026-12-21,2026-12-21,Money Management,Financial Accounts,,0,0
2026-07-27,2026-07-29,Money Management,Financial Accounts,,0,0
2025-01-06,2025-01-12,Money Management,Financial Accounts,0,0,0
2026-10-12,2026-10-17,Money Management,Bridge,,0,0
2026-04-20,2026-04-20,Money Management,Money Management Stretch,0,59526.40594,0
2026-05-18,2026-05-19,Money Management,Faster Payouts,,0,0
2026-06-29,2026-06-30,Money Management,Money Management Stretch,,61733.51194,0
2025-03-24,2025-03-30,Money Management,Faster Payouts,0,0,0
2026-12-07,2026-12-09,Money Management,Financial Accounts,,0,0
2026-06-08,2026-06-10,Money Management,Financial Accounts,,0,0
2026-06-22,2026-06-27,Money Management,Money Management Stretch,,61733.51194,0
2026-11-23,2026-11-28,Money Management,Mass Payouts,,0,0
2026-07-20,2026-07-22,Money Management,Mass Payouts,,0,0
2025-12-01,2025-12-03,Money Management,Bridge,0,0,0
2026-11-23,2026-11-28,Money Management,Bridge,,0,0
2026-09-28,2026-10-03,Money Management,Bridge,,0,0
2025-05-05,2025-05-09,Money Management,Mass Payouts,0,0,0
2026-04-20,2026-04-24,Money Management,Other BaaS Products,-3109.14,0,0
2024-11-25,2024-11-27,Money Management,Other BaaS Products,-9294.15,,
2026-03-23,2026-03-25,Money Management,Faster Payouts,51005.88611,0,0
2026-02-16,2026-02-18,Money Management,Other BaaS Products,-4358.55,0,0
2026-03-02,2026-03-03,Money Management,Mass Payouts,5617.196469,0,0
2024-12-16,2024-12-17,Money Management,Mass Payouts,494.25,,
2025-12-15,2025-12-18,Money Management,Financial Accounts,-4343.878628,0,0
2022-10-17,2022-10-18,Money Management,Other BaaS Products,-8988.59,,
2023-05-29,2023-05-31,Money Management,Other BaaS Products,293364.77,,
2024-10-14,2024-10-14,Money Management,Other BaaS Products,-3667.98,,
2025-05-05,2025-05-07,Money Management,Other BaaS Products,-1955.04,0,0
2025-09-22,2025-09-24,Money Management,Faster Payouts,94679.12407,0,0
2020-04-27,2020-04-30,Money Management,Other BaaS Products,-152714.4995,,
2025-05-12,2025-05-15,Money Management,Mass Payouts,1.5,0,0
2023-12-18,2023-12-22,Money Management,Other BaaS Products,-4573.8,,
2025-03-24,2025-03-30,Money Management,Other BaaS Products,-3029.9,0,0
2025-08-04,2025-08-06,Money Management,Financial Accounts,-2127835.541,0,0
2026-01-26,2026-01-27,Money Management,Mass Payouts,14064.29312,0,0
2026-01-19,2026-01-20,Money Management,Financial Accounts,-5467.805593,0,0
2023-11-13,2023-11-19,Money Management,Other BaaS Products,-5271.49,,
2021-01-11,2021-01-14,Money Management,Other BaaS Products,29107.67,,
2025-09-15,2025-09-17,Money Management,Faster Payouts,26563.74642,0,0
2024-09-23,2024-09-26,Money Management,Other BaaS Products,-6993.44,,
2023-07-03,2023-07-08,Money Management,Other BaaS Products,5892.8,,
2022-07-11,2022-07-13,Money Management,Other BaaS Products,-13819.43,,
2023-11-20,2023-11-21,Money Management,Other BaaS Products,-6573.56,,
2024-04-01,2024-04-07,Money Management,Other BaaS Products,-4192.33,,
2025-09-01,2025-09-03,Money Management,Faster Payouts,34520.36154,0,0
2022-03-07,2022-03-12,Money Management,Other BaaS Products,-17835.74,,
2021-11-22,2021-11-25,Money Management,Other BaaS Products,-10448.32,,
2022-04-18,2022-04-21,Money Management,Other BaaS Products,-14279.03,,
2025-01-13,2025-01-19,Money Management,Financial Accounts,0,0,0
2026-10-26,2026-10-26,Money Management,Bridge,,0,0
2025-02-03,2025-02-03,Money Management,Bridge,0,0,0
2026-08-10,2026-08-15,Money Management,Other BaaS Products,,0,0
2026-03-16,2026-03-22,Money Management,Money Management Stretch,0,59782.24803,0
2026-08-17,2026-08-21,Money Management,Money Management Stretch,,55698.44481,0
2025-05-05,2025-05-08,Money Management,Bridge,0,0,0
2025-03-24,2025-03-24,Money Management,Financial Accounts,0,0,0
2026-11-02,2026-11-02,Money Management,Faster Payouts,,0,0
2026-01-26,2026-01-30,Money Management,Bridge,0,0,0
2025-02-03,2025-02-06,Money Management,Bridge,0,0,0
2026-10-05,2026-10-05,Money Management,Other BaaS Products,,0,0
2026-08-17,2026-08-18,Money Management,Other BaaS Products,,0,0
2026-09-21,2026-09-24,Money Management,Mass Payouts,,0,0
2026-09-21,2026-09-27,Money Management,Faster Payouts,,0,0
2026-12-21,2026-12-26,Money Management,Bridge,,0,0
2026-11-30,2026-12-02,Money Management,Faster Payouts,,0,0
2026-09-14,2026-09-15,Money Management,Bridge,,0,0
2025-12-01,2025-12-06,Money Management,Bridge,0,0,0
2025-09-01,2025-09-04,Money Management,Bridge,0,0,0
2025-12-15,2025-12-19,Money Management,Bridge,0,0,0
2025-02-10,2025-02-11,Money Management,Faster Payouts,0,0,0
2026-07-20,2026-07-25,Money Management,Faster Payouts,,0,0
2026-07-13,2026-07-15,Money Management,Other BaaS Products,,0,0
2026-01-05,2026-01-10,Money Management,Money Management Stretch,0,81627.68351,0
2025-03-31,2025-04-06,Money Management,Mass Payouts,0,0,0
2026-07-13,2026-07-13,Money Management,Mass Payouts,,0,0
2026-07-20,2026-07-23,Money Management,Bridge,,0,0
2025-06-16,2025-06-17,Money Management,Faster Payouts,18366.15161,0,0
2025-09-08,2025-09-13,Money Management,Other BaaS Products,-4534.81,0,0
2025-02-10,2025-02-11,Money Management,Other BaaS Products,-4838.95,0,0
2022-09-26,2022-10-02,Money Management,Financial Accounts,0,,
2022-12-12,2022-12-17,Money Management,Other BaaS Products,-7345.38,,
2026-03-30,2026-03-31,Money Management,Financial Accounts,1149472.864,797586.16,827668.28
2023-05-22,2023-05-26,Money Management,Other BaaS Products,-7888.29,,
2025-06-23,2025-06-26,Money Management,Financial Accounts,-5398.99,0,0
2025-12-22,2025-12-22,Money Management,Mass Payouts,11866.27066,0,0
2023-03-06,2023-03-10,Money Management,Other BaaS Products,-9546.51,,
2021-12-27,2021-12-31,Money Management,Other BaaS Products,532326.6405,,
2025-01-06,2025-01-09,Money Management,Mass Payouts,432.2311997,0,0
2021-11-08,2021-11-12,Money Management,Financial Accounts,595604.84,,
2025-01-27,2025-01-31,Money Management,Faster Payouts,109.9170868,283921.4255,283921.4255
2025-11-03,2025-11-04,Money Management,Mass Payouts,2307.986084,0,0
2023-11-27,2023-12-01,Money Management,Other BaaS Products,-11570.16,,
2024-06-03,2024-06-04,Money Management,Financial Accounts,-0.03,,
2025-09-08,2025-09-11,Money Management,Other BaaS Products,-3658.67,0,0
2023-07-31,2023-08-06,Money Management,Other BaaS Products,-4113.5,,
2025-11-24,2025-11-25,Money Management,Other BaaS Products,-2920.31,0,0
2025-04-07,2025-04-12,Money Management,Financial Accounts,-4280.33,0,0
2022-01-17,2022-01-18,Money Management,Other BaaS Products,-8885.17,,
2026-01-19,2026-01-24,Money Management,Financial Accounts,-6756.024664,0,0
2026-03-23,2026-03-28,Money Management,Other BaaS Products,-4843.69,0,0
2023-05-01,2023-05-06,Money Management,Other BaaS Products,-6638.99,,
2021-12-06,2021-12-11,Money Management,Other BaaS Products,-10554.32,,
2025-11-24,2025-11-30,Money Management,Faster Payouts,285794.1135,1072735.675,1072735.675
2025-05-26,2025-05-31,Money Management,Faster Payouts,135514.229,621621.0795,621621.0795
2023-07-03,2023-07-04,Money Management,Other BaaS Products,-6259.93,,
2024-12-09,2024-12-10,Money Management,Mass Payouts,526.75,,
2024-04-15,2024-04-19,Money Management,Other BaaS Products,-7664.53,,
2024-10-07,2024-10-08,Money Management,Faster Payouts,0,,
2025-07-21,2025-07-27,Money Management,Bridge,0,0,0
2026-10-19,2026-10-22,Money Management,Bridge,,0,0
2026-10-05,2026-10-10,Money Management,Faster Payouts,,0,0
2026-03-02,2026-03-05,Money Management,Money Management Stretch,0,59782.24803,0
2026-06-22,2026-06-26,Money Management,Money Management Stretch,,61733.51194,0
2026-05-11,2026-05-12,Money Management,Money Management Stretch,,58666.88449,0
2025-02-17,2025-02-20,Money Management,Financial Accounts,0,0,0
2026-07-13,2026-07-15,Money Management,Financial Accounts,,0,0
2026-09-21,2026-09-23,Money Management,Money Management Stretch,,62366.64627,0
2026-12-21,2026-12-26,Money Management,Mass Payouts,,0,0
2025-12-29,2026-01-03,Money Management,Bridge,0,0,0
2026-09-14,2026-09-20,Money Management,Faster Payouts,,0,0
2025-03-17,2025-03-20,Money Management,Bridge,0,0,0
2026-04-27,2026-05-03,Money Management,Money Management Stretch,,58666.88449,0
2025-05-05,2025-05-05,Money Management,Bridge,0,0,0
2025-02-24,2025-03-02,Money Management,Financial Accounts,0,0,0
2026-09-14,2026-09-14,Money Management,Bridge,,0,0
2026-08-03,2026-08-04,Money Management,Money Management Stretch,,55698.44481,0
2026-02-02,2026-02-06,Money Management,Bridge,0,0,0
2026-11-02,2026-11-03,Money Management,Money Management Stretch,,62240.57827,0
2026-01-26,2026-01-28,Money Management,Bridge,0,0,0
2026-02-02,2026-02-03,Money Management,Money Management Stretch,0,90388.06711,0
2026-11-23,2026-11-26,Money Management,Bridge,,0,0
2026-08-03,2026-08-03,Money Management,Faster Payouts,,0,0
2026-02-16,2026-02-21,Money Management,Other BaaS Products,-4205.33,0,0
2025-12-01,2025-12-06,Money Management,Other BaaS Products,-3657.49,0,0
2025-05-26,2025-06-01,Money Management,Mass Payouts,11,0,0
2024-12-30,2025-01-01,Money Management,Faster Payouts,567992.6978,0,0
2023-10-16,2023-10-21,Money Management,Other BaaS Products,-5416.33,,
2025-12-22,2025-12-27,Money Management,Financial Accounts,-5804.697922,0,0
2025-09-29,2025-10-02,Money Management,Mass Payouts,2479.358006,0,0
2021-08-30,2021-09-03,Money Management,Other BaaS Products,-17678.07,,
2023-10-09,2023-10-09,Money Management,Other BaaS Products,-5320.31,,
2022-07-11,2022-07-17,Money Management,Other BaaS Products,-6026.1,,
2024-02-26,2024-02-28,Money Management,Financial Accounts,-888.53,,
2022-06-20,2022-06-22,Money Management,Other BaaS Products,-8542.15,,
2021-09-20,2021-09-24,Money Management,Financial Accounts,7334.11,,
2025-02-03,2025-02-06,Money Management,Financial Accounts,-1799769.5,0,0
2025-09-22,2025-09-25,Money Management,Faster Payouts,100938.5789,0,0
2022-10-24,2022-10-24,Money Management,Other BaaS Products,-5764.07,,
2022-02-07,2022-02-08,Money Management,Financial Accounts,-33849.65,,
2025-11-03,2025-11-04,Money Management,Faster Payouts,45506.90648,0,0
2025-07-14,2025-07-14,Money Management,Financial Accounts,-5393.88,0,0
2024-03-04,2024-03-10,Money Management,Other BaaS Products,-6492.12,,
2026-04-27,2026-04-30,Money Management,Financial Accounts,,865475.83,851220.13
2025-12-08,2025-12-12,Money Management,Financial Accounts,-1488953.198,0,0
2022-03-28,2022-04-01,Money Management,Other BaaS Products,-14375.72,,
2022-01-17,2022-01-19,Money Management,Other BaaS Products,-9522.45,,
2024-11-18,2024-11-20,Money Management,Other BaaS Products,-6620.67,,
2025-03-31,2025-03-31,Money Management,Faster Payouts,679.0357485,424732.7372,424732.7372
2023-02-06,2023-02-07,Money Management,Financial Accounts,13702.65,,
2025-12-08,2025-12-13,Money Management,Financial Accounts,-5194.144074,0,0
2022-01-03,2022-01-09,Money Management,Other BaaS Products,-6253.27,,
2024-05-20,2024-05-23,Money Management,Other BaaS Products,-6482.56,,
2025-05-26,2025-05-30,Money Management,Other BaaS Products,-4832.66,0,0
2025-12-29,2026-01-04,Money Management,Faster Payouts,24831.42605,0,0
2025-01-13,2025-01-15,Money Management,Other BaaS Products,-5143.14,0,0
2024-11-04,2024-11-10,Money Management,Other BaaS Products,-3050.24,,
2022-08-29,2022-09-01,Money Management,Financial Accounts,0,,
2024-07-01,2024-07-06,Money Management,Mass Payouts,14,,
2026-03-09,2026-03-10,Money Management,Bridge,0,0,0
2026-04-06,2026-04-10,Money Management,Money Management Stretch,0,59526.40594,0
2025-10-20,2025-10-23,Money Management,Bridge,0,0,0
2026-05-25,2026-05-27,Money Management,Financial Accounts,,0,0
2026-05-25,2026-05-31,Money Management,Other BaaS Products,,98880,68240
2026-11-23,2026-11-27,Money Management,Bridge,,0,0
2026-05-25,2026-05-28,Money Management,Faster Payouts,,0,0
2026-08-17,2026-08-23,Money Management,Other BaaS Products,,0,0
2026-12-07,2026-12-12,Money Management,Other BaaS Products,,0,0
2026-10-05,2026-10-07,Money Management,Mass Payouts,,0,0
2026-12-14,2026-12-14,Money Management,Faster Payouts,,0,0
2026-05-25,2026-05-29,Money Management,Money Management Stretch,,58666.88449,0
2026-08-10,2026-08-12,Money Management,Financial Accounts,,0,0
2026-02-02,2026-02-08,Money Management,Money Management Stretch,0,90388.06711,0
2026-06-01,2026-06-04,Money Management,Other BaaS Products,,0,0
2026-07-06,2026-07-10,Money Management,Faster Payouts,,0,0
2026-09-21,2026-09-27,Money Management,Bridge,,0,0
2026-09-28,2026-09-28,Money Management,Financial Accounts,,0,0
2026-05-18,2026-05-20,Money Management,Mass Payouts,,0,0
2026-03-09,2026-03-13,Money Management,Bridge,0,0,0
2026-07-20,2026-07-24,Money Management,Money Management Stretch,,58531.61449,0
2026-05-04,2026-05-06,Money Management,Bridge,,0,0
2026-09-14,2026-09-15,Money Management,Mass Payouts,,0,0
2026-11-16,2026-11-16,Money Management,Faster Payouts,,0,0
2026-09-21,2026-09-26,Money Management,Money Management Stretch,,62366.64627,0
2025-04-07,2025-04-11,Money Management,Bridge,0,0,0
2024-07-22,2024-07-22,Money Management,Mass Payouts,111,,
2023-01-16,2023-01-19,Money Management,Financial Accounts,0,,
2024-09-30,2024-09-30,Money Management,Faster Payouts,-720.8173252,,
2025-11-03,2025-11-06,Money Management,Faster Payouts,33397.16758,0,0
2024-12-30,2025-01-01,Money Management,Other BaaS Products,-8194.53,0,0
2025-02-24,2025-02-27,Money Management,Mass Payouts,666.9811997,0,0
2025-09-22,2025-09-27,Money Management,Faster Payouts,90742.18293,0,0
2026-01-19,2026-01-21,Money Management,Mass Payouts,11874.88777,0,0
2025-09-22,2025-09-22,Money Management,Financial Accounts,-5005.741993,0,0
2025-05-19,2025-05-24,Money Management,Other BaaS Products,-3017.13,0,0
2025-03-03,2025-03-09,Money Management,Other BaaS Products,-3607.12,0,0
2025-06-02,2025-06-05,Money Management,Mass Payouts,2239.330798,0,0
2026-04-06,2026-04-12,Money Management,Financial Accounts,-5357.407462,0,0
2025-06-23,2025-06-25,Money Management,Faster Payouts,18766.00595,0,0
2025-10-06,2025-10-12,Money Management,Other BaaS Products,-2370.25,0,0
2025-10-20,2025-10-21,Money Management,Financial Accounts,-6930.744336,0,0
2025-05-26,2025-05-27,Money Management,Other BaaS Products,-8924.64,0,0
2025-09-01,2025-09-07,Money Management,Faster Payouts,12027.46337,0,0
2022-05-23,2022-05-28,Money Management,Other BaaS Products,-11131.75,,
2025-01-27,2025-01-29,Money Management,Mass Payouts,582.5,0,0
2025-03-24,2025-03-26,Money Management,Other BaaS Products,-5950.79,0,0
2022-11-21,2022-11-21,Money Management,Other BaaS Products,-6136.88,,
2025-11-17,2025-11-22,Money Management,Faster Payouts,21789.37582,0,0
2024-12-09,2024-12-13,Money Management,Mass Payouts,1364.5,,
2025-09-08,2025-09-10,Money Management,Other BaaS Products,-5331.92,0,0
2026-03-02,2026-03-06,Money Management,Mass Payouts,35868.53179,0,0
2026-01-26,2026-02-01,Money Management,Faster Payouts,54487.19993,0,0
2025-09-15,2025-09-19,Money Management,Faster Payouts,37408.76319,0,0
2022-09-26,2022-09-29,Money Management,Other BaaS Products,-23657.89,,
2022-09-12,2022-09-17,Money Management,Other BaaS Products,-7847.05,,
2025-07-14,2025-07-19,Money Management,Financial Accounts,-4722.063355,0,0
2024-09-16,2024-09-16,Money Management,Financial Accounts,0,,
2023-04-17,2023-04-19,Money Management,Financial Accounts,-49016.98,,
2025-11-17,2025-11-20,Money Management,Mass Payouts,4008.012025,0,0
2026-01-12,2026-01-17,Money Management,Financial Accounts,-5860.757488,0,0
2026-04-20,2026-04-23,Money Management,Financial Accounts,-3679.842007,0,0
2024-11-04,2024-11-07,Money Management,Mass Payouts,599.5,,
2024-07-08,2024-07-08,Money Management,Other BaaS Products,-5295.37,,
2026-03-09,2026-03-14,Money Management,Other BaaS Products,-3050.07,0,0
2025-09-29,2025-10-04,Money Management,Financial Accounts,-6235.611229,0,0
2021-10-25,2021-10-28,Money Management,Other BaaS Products,-10613.53,,
2022-09-05,2022-09-05,Money Management,Other BaaS Products,-5300.41,,
2025-06-16,2025-06-20,Money Management,Other BaaS Products,-3106.58,0,0
2026-01-19,2026-01-19,Money Management,Financial Accounts,-5207.271383,0,0
2024-09-30,2024-10-04,Money Management,Mass Payouts,1054,,
2025-03-17,2025-03-22,Money Management,Faster Payouts,0,0,0
2026-06-08,2026-06-14,Money Management,Faster Payouts,,0,0
2026-06-29,2026-07-05,Money Management,Money Management Stretch,,58531.61449,0
2025-08-11,2025-08-11,Money Management,Bridge,0,0,0
2026-12-07,2026-12-07,Money Management,Financial Accounts,,0,0
2026-03-30,2026-04-01,Money Management,Bridge,0,0,0
2025-03-03,2025-03-05,Money Management,Bridge,0,0,0
2026-12-14,2026-12-17,Money Management,Money Management Stretch,,62996.05707,0
2026-06-08,2026-06-09,Money Management,Other BaaS Products,,0,0
2026-08-03,2026-08-04,Money Management,Faster Payouts,,0,0
2026-08-17,2026-08-17,Money Management,Money Management Stretch,,55698.44481,0
2026-12-14,2026-12-20,Money Management,Financial Accounts,,0,0
2026-02-16,2026-02-16,Money Management,Bridge,0,0,0
2026-05-25,2026-05-30,Money Management,Faster Payouts,,0,0
2026-05-04,2026-05-10,Money Management,Other BaaS Products,,0,0
2026-11-02,2026-11-06,Money Management,Faster Payouts,,0,0
2026-07-13,2026-07-17,Money Management,Other BaaS Products,,0,0
2026-07-13,2026-07-14,Money Management,Money Management Stretch,,58531.61449,0
2026-10-12,2026-10-18,Money Management,Bridge,,0,0
2025-11-17,2025-11-20,Money Management,Bridge,0,0,0
2026-06-01,2026-06-01,Money Management,Financial Accounts,,0,0
2026-05-18,2026-05-24,Money Management,Other BaaS Products,,0,0
2025-08-11,2025-08-14,Money Management,Bridge,0,0,0
2025-03-17,2025-03-18,Money Management,Bridge,0,0,0
2026-08-10,2026-08-12,Money Management,Bridge,,0,0
2024-02-12,2024-02-15,Money Management,Other BaaS Products,-5752.46,,
2026-05-04,2026-05-04,Money Management,Mass Payouts,,0,0
2024-07-15,2024-07-20,Money Management,Other BaaS Products,-4920.86,,
2021-07-05,2021-07-08,Money Management,Other BaaS Products,9305.03,,
2022-09-19,2022-09-25,Money Management,Other BaaS Products,-6496.84,,
2025-06-02,2025-06-07,Money Management,Other BaaS Products,-5736.47,0,0
2025-11-24,2025-11-28,Money Management,Faster Payouts,34911.72136,0,0
2023-05-01,2023-05-05,Money Management,Other BaaS Products,-3799.48,,
2023-07-17,2023-07-17,Money Management,Other BaaS Products,-4517.69,,
2025-12-08,2025-12-10,Money Management,Other BaaS Products,-2567.32,0,0
2025-02-17,2025-02-18,Money Management,Financial Accounts,0,0,0
2026-03-16,2026-03-22,Money Management,Faster Payouts,29412.27926,0,0
2025-02-03,2025-02-06,Money Management,Mass Payouts,455,0,0
2023-08-21,2023-08-26,Money Management,Other BaaS Products,-5163.86,,
2026-04-20,2026-04-26,Money Management,Financial Accounts,-5699.953472,0,0
2022-12-26,2022-12-31,Money Management,Financial Accounts,271438,,
2023-09-25,2023-09-28,Money Management,Other BaaS Products,-7323.13,,
2024-09-02,2024-09-05,Money Management,Other BaaS Products,-3973.5,,
2024-10-28,2024-11-02,Money Management,Other BaaS Products,-21702.14,,
2023-08-14,2023-08-16,Money Management,Other BaaS Products,-6287.71,,
2025-10-27,2025-11-02,Money Management,Other BaaS Products,-10732.56,0,0
2024-04-08,2024-04-08,Money Management,Financial Accounts,-832335.79,,
2021-08-23,2021-08-26,Money Management,Other BaaS Products,-13157.32,,
2025-02-03,2025-02-04,Money Management,Other BaaS Products,-7777.09,0,0
2025-10-13,2025-10-19,Money Management,Other BaaS Products,-2053.05,0,0
2026-03-16,2026-03-17,Money Management,Other BaaS Products,-3758.34,0,0
2025-07-28,2025-08-02,Money Management,Mass Payouts,62.21,0,0
2025-01-20,2025-01-23,Money Management,Mass Payouts,2246.244408,0,0
2026-03-16,2026-03-16,Money Management,Financial Accounts,-4482.783043,0,0
2024-05-27,2024-05-30,Money Management,Other BaaS Products,-6702.58,,
2024-07-15,2024-07-19,Money Management,Faster Payouts,0,,
2025-10-27,2025-10-30,Money Management,Financial Accounts,-4615.563678,0,0
2024-06-03,2024-06-07,Money Management,Mass Payouts,14.25,,
2026-07-20,2026-07-23,Money Management,Mass Payouts,,0,0
2026-08-10,2026-08-14,Money Management,Other BaaS Products,,0,0
2026-12-07,2026-12-11,Money Management,Mass Payouts,,0,0
2025-02-03,2025-02-08,Money Management,Bridge,0,0,0
2026-09-21,2026-09-26,Money Management,Other BaaS Products,,0,0
2025-05-05,2025-05-08,Money Management,Mass Payouts,0,0,0
2026-11-16,2026-11-20,Money Management,Other BaaS Products,,0,0
2025-03-31,2025-04-04,Money Management,Bridge,0,0,0
2026-03-02,2026-03-03,Money Management,Bridge,0,0,0
2025-01-27,2025-02-02,Money Management,Mass Payouts,0,0,0
2026-11-16,2026-11-18,Money Management,Money Management Stretch,,62240.57827,0
2025-05-26,2025-05-26,Money Management,Bridge,0,0,0
2026-11-23,2026-11-27,Money Management,Other BaaS Products,,0,0
2025-09-29,2025-10-01,Money Management,Bridge,0,0,0
2026-10-19,2026-10-19,Money Management,Bridge,,0,0
2026-12-14,2026-12-14,Money Management,Financial Accounts,,0,0
2026-08-17,2026-08-21,Money Management,Faster Payouts,,0,0
2025-04-14,2025-04-20,Money Management,Mass Payouts,0,0,0
2026-05-04,2026-05-06,Money Management,Other BaaS Products,,0,0
2025-04-14,2025-04-18,Money Management,Mass Payouts,0,0,0
2026-05-11,2026-05-15,Money Management,Financial Accounts,,0,0
2026-01-12,2026-01-14,Money Management,Bridge,0,0,0
2024-09-16,2024-09-17,Money Management,Other BaaS Products,-7193.25,,
2026-04-06,2026-04-07,Money Management,Other BaaS Products,-3092.31,0,0
2024-07-29,2024-07-31,Money Management,Financial Accounts,1882821.81,,
2024-01-29,2024-02-01,Money Management,Other BaaS Products,-11292.73,,
2025-10-06,2025-10-10,Money Management,Financial Accounts,-1436220.05,0,0
2026-02-02,2026-02-08,Money Management,Other BaaS Products,-5017.39,0,0
2025-12-15,2025-12-21,Money Management,Financial Accounts,-5763.781141,0,0
2022-03-21,2022-03-23,Money Management,Other BaaS Products,-11802.24,,
2026-03-02,2026-03-06,Money Management,Other BaaS Products,-4947.88,0,0
2024-04-22,2024-04-25,Money Management,Other BaaS Products,-6442.47,,
2025-03-24,2025-03-26,Money Management,Mass Payouts,857.35,0,0
2025-10-13,2025-10-13,Money Management,Other BaaS Products,-1959.04,0,0
2023-05-01,2023-05-04,Money Management,Other BaaS Products,-10102.23,,
2022-01-03,2022-01-05,Money Management,Other BaaS Products,-10265.85,,
2025-08-11,2025-08-13,Money Management,Financial Accounts,-4212.367882,0,0
2024-07-29,2024-08-02,Money Management,Other BaaS Products,-19650.6,,
2022-02-28,2022-03-03,Money Management,Other BaaS Products,-24796.47,,
2025-04-14,2025-04-17,Money Management,Financial Accounts,20902.28,0,0
2023-09-11,2023-09-15,Money Management,Other BaaS Products,-6705.64,,
2023-04-17,2023-04-18,Money Management,Other BaaS Products,-5445.48,,
2024-06-24,2024-06-28,Money Management,Financial Accounts,0,,
2023-12-04,2023-12-10,Money Management,Other BaaS Products,-4323.07,,
2025-08-18,2025-08-18,Money Management,Mass Payouts,2498.043724,0,0
2024-01-29,2024-02-04,Money Management,Other BaaS Products,-3520.06,,
2024-07-08,2024-07-08,Money Management,Mass Payouts,28.5,,
2025-06-09,2025-06-14,Money Management,Other BaaS Products,-3007.85,0,0
2026-04-06,2026-04-12,Money Management,Other BaaS Products,-1765.32,0,0
2022-08-15,2022-08-18,Money Management,Other BaaS Products,-8901.01,,
2023-06-05,2023-06-11,Money Management,Other BaaS Products,-3698.84,,
2024-10-07,2024-10-12,Money Management,Mass Payouts,2,,
2023-04-03,2023-04-07,Money Management,Financial Accounts,49016.98,,
2026-10-12,2026-10-16,Money Management,Bridge,,0,0
2026-08-31,2026-08-31,Money Management,Faster Payouts,,1680100.68,1651131.2
2026-09-21,2026-09-22,Money Management,Other BaaS Products,,0,0
2025-07-14,2025-07-15,Money Management,Bridge,0,0,0
2026-07-13,2026-07-18,Money Management,Faster Payouts,,0,0
2026-05-18,2026-05-22,Money Management,Financial Accounts,,0,0
2026-11-16,2026-11-20,Money Management,Money Management Stretch,,62240.57827,0
2026-07-27,2026-08-02,Money Management,Mass Payouts,,0,0
2026-11-23,2026-11-23,Money Management,Faster Payouts,,0,0
2026-04-13,2026-04-18,Money Management,Bridge,0,0,0
2026-07-13,2026-07-19,Money Management,Money Management Stretch,,58531.61449,0
2025-12-08,2025-12-14,Money Management,Bridge,0,0,0
2025-06-09,2025-06-15,Money Management,Bridge,0,0,0
2026-10-19,2026-10-25,Money Management,Mass Payouts,,0,0
2025-08-18,2025-08-21,Money Management,Bridge,0,0,0
2025-03-24,2025-03-29,Money Management,Faster Payouts,0,0,0
2026-02-16,2026-02-20,Money Management,Bridge,0,0,0
2023-05-08,2023-05-14,Money Management,Other BaaS Products,-3294.66,,
2026-03-09,2026-03-15,Money Management,Faster Payouts,41819.67008,0,0
2021-10-25,2021-10-29,Money Management,Other BaaS Products,-10898.2,,
2025-09-15,2025-09-15,Money Management,Faster Payouts,33589.57645,0,0
2023-03-06,2023-03-07,Money Management,Other BaaS Products,3659.78,,
2023-03-06,2023-03-06,Money Management,Other BaaS Products,-4329.69,,
2022-11-28,2022-11-28,Money Management,Other BaaS Products,-9414.36,,
2023-06-05,2023-06-06,Money Management,Financial Accounts,-308150.08,,
2026-02-16,2026-02-20,Money Management,Financial Accounts,-5945.912612,0,0
2026-04-27,2026-04-27,Money Management,Financial Accounts,-2569.81277,0,0
2023-01-30,2023-01-31,Money Management,Financial Accounts,353689.66,,
2025-04-21,2025-04-24,Money Management,Financial Accounts,-4512.284324,0,0
2026-02-02,2026-02-08,Money Management,Mass Payouts,16802.76484,0,0
2025-12-29,2026-01-02,Money Management,Faster Payouts,61742.13989,0,0
2023-12-04,2023-12-04,Money Management,Other BaaS Products,-5040.68,,
2026-04-20,2026-04-24,Money Management,Faster Payouts,58718.95555,0,0
2023-11-13,2023-11-18,Money Management,Other BaaS Products,-5911.68,,
2025-05-19,2025-05-23,Money Management,Other BaaS Products,-3526.74,0,0
2025-10-20,2025-10-23,Money Management,Mass Payouts,1882.534195,0,0
2024-07-29,2024-08-02,Money Management,Mass Payouts,39.5,,
2025-06-30,2025-07-05,Money Management,Financial Accounts,-5615.87,0,0
2021-11-01,2021-11-04,Money Management,Other BaaS Products,-16271.48,,
2024-10-28,2024-10-31,Money Management,Mass Payouts,-0.6599914338,,
2025-12-15,2025-12-21,Money Management,Faster Payouts,17692.62309,0,0
2023-11-13,2023-11-15,Money Management,Other BaaS Products,-14098.65,,
2026-04-06,2026-04-06,Money Management,Mass Payouts,22775.25134,0,0
2022-11-21,2022-11-22,Money Management,Other BaaS Products,-15615,,
2026-02-02,2026-02-05,Money Management,Financial Accounts,-59542.3939,0,0
2025-10-13,2025-10-13,Money Management,Faster Payouts,26390.27004,0,0
2023-10-23,2023-10-27,Money Management,Other BaaS Products,-6110.76,,
2024-04-15,2024-04-15,Money Management,Other BaaS Products,-4714.4,,
2022-12-19,2022-12-23,Money Management,Other BaaS Products,-6927.57,,
2022-09-26,2022-09-28,Money Management,Other BaaS Products,-778.5,,
2024-06-17,2024-06-21,Money Management,Mass Payouts,2.25,,
2026-02-23,2026-02-24,Money Management,Faster Payouts,44226.45125,0,0
2026-02-09,2026-02-12,Money Management,Mass Payouts,42374.01345,0,0
2025-06-23,2025-06-29,Money Management,Mass Payouts,400.4843505,0,0
2026-02-02,2026-02-08,Money Management,Bridge,0,0,0
2026-06-22,2026-06-26,Money Management,Bridge,,0,0
2026-04-06,2026-04-07,Money Management,Money Management Stretch,0,59526.40594,0
2026-06-08,2026-06-11,Money Management,Mass Payouts,,0,0
2026-12-28,2026-12-29,Money Management,Other BaaS Products,,0,0
2026-12-07,2026-12-13,Money Management,Bridge,,0,0
2025-04-28,2025-05-04,Money Management,Mass Payouts,0,0,0
2026-11-09,2026-11-11,Money Management,Other BaaS Products,,0,0
2026-07-06,2026-07-07,Money Management,Financial Accounts,,0,0
2026-05-11,2026-05-16,Money Management,Bridge,,0,0
2026-05-18,2026-05-22,Money Management,Money Management Stretch,,58666.88449,0
2026-09-07,2026-09-10,Money Management,Other BaaS Products,,0,0
2026-12-14,2026-12-15,Money Management,Money Management Stretch,,62996.05707,0
2026-09-07,2026-09-13,Money Management,Money Management Stretch,,62366.64627,0
2025-03-10,2025-03-16,Money Management,Mass Payouts,0,0,0
2026-05-04,2026-05-08,Money Management,Other BaaS Products,,0,0
2025-02-17,2025-02-17,Money Management,Faster Payouts,0,0,0
2026-09-21,2026-09-23,Money Management,Faster Payouts,,0,0
2023-02-27,2023-03-01,Money Management,Financial Accounts,-0.39,,
2025-06-30,2025-07-05,Money Management,Faster Payouts,15015.27619,0,0
2026-01-12,2026-01-15,Money Management,Mass Payouts,11278.99792,0,0
2025-12-15,2025-12-17,Money Management,Mass Payouts,5328.241101,0,0
2026-03-23,2026-03-25,Money Management,Financial Accounts,-3520.042142,0,0
2025-11-24,2025-11-29,Money Management,Faster Payouts,24466.96185,0,0
2022-05-09,2022-05-10,Money Management,Other BaaS Products,-13995.98,,
2023-02-13,2023-02-14,Money Management,Other BaaS Products,-7411.3,,
2023-12-18,2023-12-24,Money Management,Other BaaS Products,-3219.91,,
2024-09-23,2024-09-28,Money Management,Other BaaS Products,-6113.9,,
2022-06-06,2022-06-12,Money Management,Other BaaS Products,-8889.6,,
2025-01-13,2025-01-16,Money Management,Mass Payouts,457.75,0,0
2024-06-24,2024-06-25,Money Management,Other BaaS Products,-7126.88,,
2024-02-05,2024-02-08,Money Management,Financial Accounts,339905.82,,
2022-11-21,2022-11-25,Money Management,Other BaaS Products,-3729.72,,
2024-09-16,2024-09-20,Money Management,Mass Payouts,1033,,
2022-09-12,2022-09-15,Money Management,Other BaaS Products,-19366.77,,
2025-11-17,2025-11-20,Money Management,Financial Accounts,-5828.107797,0,0
2024-04-15,2024-04-21,Money Management,Other BaaS Products,-3441.9,,
2022-01-24,2022-01-25,Money Management,Other BaaS Products,-8283.68,,
2024-11-11,2024-11-13,Money Management,Other BaaS Products,-8026.68,,
2025-06-23,2025-06-24,Money Management,Mass Payouts,1199.621114,0,0
2025-03-10,2025-03-15,Money Management,Mass Payouts,26,0,0
2025-11-10,2025-11-15,Money Management,Other BaaS Products,-2693.17,0,0
2024-06-03,2024-06-09,Money Management,Other BaaS Products,-4090.1,,
2026-12-28,2026-12-28,Money Management,Financial Accounts,,0,0
2026-06-22,2026-06-25,Money Management,Other BaaS Products,,0,0
2026-09-28,2026-10-04,Money Management,Other BaaS Products,,0,0
2026-11-09,2026-11-14,Money Management,Faster Payouts,,0,0
2026-08-03,2026-08-07,Money Management,Bridge,,0,0
2025-08-18,2025-08-20,Money Management,Bridge,0,0,0
2026-08-03,2026-08-08,Money Management,Faster Payouts,,0,0
2026-08-10,2026-08-15,Money Management,Bridge,,0,0
2026-11-09,2026-11-13,Money Management,Money Management Stretch,,62240.57827,0
2026-05-04,2026-05-07,Money Management,Other BaaS Products,,0,0
2026-04-06,2026-04-11,Money Management,Money Management Stretch,0,59526.40594,0
2026-11-23,2026-11-23,Money Management,Bridge,,0,0
2026-08-31,2026-09-01,Money Management,Other BaaS Products,,0,0
2026-08-10,2026-08-13,Money Management,Other BaaS Products,,0,0
2026-03-30,2026-04-02,Money Management,Bridge,0,0,0
2026-06-01,2026-06-04,Money Management,Money Management Stretch,,61733.51194,0
2026-08-31,2026-08-31,Money Management,Bridge,,6216043,6695100
2025-04-14,2025-04-15,Money Management,Bridge,0,0,0
2026-01-19,2026-01-22,Money Management,Money Management Stretch,0,81627.68351,0
2026-07-06,2026-07-07,Money Management,Mass Payouts,,0,0
2026-07-27,2026-07-30,Money Management,Financial Accounts,,0,0
2026-09-28,2026-10-01,Money Management,Faster Payouts,,0,0
2026-11-30,2026-12-03,Money Management,Mass Payouts,,0,0
2026-06-15,2026-06-18,Money Management,Faster Payouts,,0,0
2026-08-24,2026-08-30,Money Management,Bridge,,0,0
2026-04-27,2026-05-03,Money Management,Faster Payouts,,0,0
2025-01-13,2025-01-17,Money Management,Other BaaS Products,-9077.35,0,0
2023-06-19,2023-06-24,Money Management,Other BaaS Products,-5709.48,,
2025-10-13,2025-10-15,Money Management,Financial Accounts,-14393.58682,0,0
2021-09-06,2021-09-09,Money Management,Other BaaS Products,-11421.48,,
2025-05-26,2025-05-28,Money Management,Other BaaS Products,-3699.35,0,0
2023-10-30,2023-11-05,Money Management,Other BaaS Products,-431.5,,
2023-07-17,2023-07-21,Money Management,Financial Accounts,-105155.83,,
2021-08-16,2021-08-17,Money Management,Other BaaS Products,-9272.99,,
2025-04-07,2025-04-07,Money Management,Financial Accounts,1201699.73,0,0
2022-08-22,2022-08-22,Money Management,Other BaaS Products,-6948.85,,
2026-03-16,2026-03-20,Money Management,Financial Accounts,-4217.108526,0,0
2025-02-03,2025-02-05,Money Management,Other BaaS Products,-2156.03,0,0
2024-07-22,2024-07-24,Money Management,Mass Payouts,93,,
2025-06-02,2025-06-06,Money Management,Mass Payouts,2103.049987,0,0
2025-10-27,2025-11-01,Money Management,Mass Payouts,231.7311777,0,0
2023-05-08,2023-05-11,Money Management,Other BaaS Products,-7538.04,,
2025-09-29,2025-09-30,Money Management,Faster Payouts,289478.3216,1398338.415,1398338.415
2025-08-18,2025-08-19,Money Management,Other BaaS Products,-6240.34,0,0
2025-09-29,2025-10-01,Money Management,Financial Accounts,-4790.180934,0,0
2023-10-09,2023-10-10,Money Management,Financial Accounts,-276.58,,
2025-05-12,2025-05-16,Money Management,Financial Accounts,-4365.22,0,0
2025-01-06,2025-01-11,Money Management,Financial Accounts,0.18,0,0
2026-04-13,2026-04-18,Money Management,Mass Payouts,18016.90799,0,0
2025-10-13,2025-10-18,Money Management,Financial Accounts,-5046.803584,0,0
2025-10-20,2025-10-26,Money Management,Financial Accounts,-6191.84,0,0
2024-10-28,2024-10-29,Money Management,Financial Accounts,0,,
2026-03-30,2026-04-02,Money Management,Financial Accounts,-3478.477811,0,0
2024-04-08,2024-04-13,Money Management,Other BaaS Products,-5390.14,,
2026-02-16,2026-02-17,Money Management,Faster Payouts,44664.08503,0,0
2026-03-23,2026-03-24,Money Management,Financial Accounts,-3889.157183,0,0
2025-12-08,2025-12-14,Money Management,Mass Payouts,3858.512908,0,0
2026-10-26,2026-11-01,Money Management,Faster Payouts,,0,0
2026-12-14,2026-12-20,Money Management,Faster Payouts,,0,0
2026-11-16,2026-11-21,Money Management,Other BaaS Products,,0,0
2026-05-11,2026-05-17,Money Management,Other BaaS Products,,0,0
2025-02-17,2025-02-20,Money Management,Bridge,0,0,0
2025-05-05,2025-05-07,Money Management,Mass Payouts,0,0,0
2025-11-03,2025-11-05,Money Management,Bridge,0,0,0
2026-05-11,2026-05-14,Money Management,Mass Payouts,,0,0
2025-11-10,2025-11-13,Money Management,Bridge,0,0,0
2026-05-04,2026-05-05,Money Management,Mass Payouts,,0,0
2026-09-14,2026-09-17,Money Management,Mass Payouts,,0,0
2026-08-31,2026-08-31,Money Management,Financial Accounts,,1159414.49,1142584.49
2026-12-28,2026-12-28,Money Management,Bridge,,0,0
2026-06-15,2026-06-17,Money Management,Bridge,,0,0
2026-04-20,2026-04-24,Money Management,Bridge,0,0,0
2026-12-07,2026-12-12,Money Management,Bridge,,0,0
2026-06-22,2026-06-26,Money Management,Faster Payouts,,0,0
2025-02-17,2025-02-17,Money Management,Financial Accounts,0,0,0
2026-04-27,2026-05-03,Money Management,Financial Accounts,,0,0
2025-08-18,2025-08-21,Money Management,Mass Payouts,2301.854269,0,0
2022-09-26,2022-09-30,Money Management,Other BaaS Products,370598.1103,,
2021-07-19,2021-07-21,Money Management,Other BaaS Products,-8557.53,,
2024-06-24,2024-06-28,Money Management,Other BaaS Products,-6229.6,,
2023-05-01,2023-05-07,Money Management,Other BaaS Products,-4181.83,,
2024-09-02,2024-09-02,Money Management,Other BaaS Products,-16916.59,,
2025-09-01,2025-09-04,Money Management,Faster Payouts,35666.50749,0,0
2026-01-12,2026-01-13,Money Management,Faster Payouts,53648.66666,0,0
2026-04-06,2026-04-08,Money Management,Mass Payouts,25006.02261,0,0
2024-04-08,2024-04-12,Money Management,Other BaaS Products,-5719.9,,
2024-09-16,2024-09-19,Money Management,Mass Payouts,42.75,,
2025-07-14,2025-07-20,Money Management,Mass Payouts,642.1907182,0,0
2023-01-23,2023-01-29,Money Management,Other BaaS Products,-5955.15,,
2024-08-05,2024-08-09,Money Management,Mass Payouts,30.25,,
2025-08-18,2025-08-20,Money Management,Faster Payouts,23989.26202,0,0
2021-12-27,2021-12-27,Money Management,Other BaaS Products,-4593.7,,
2020-11-30,2020-11-30,Money Management,Other BaaS Products,72946.85974,,
2024-09-02,2024-09-04,Money Management,Other BaaS Products,-9536.58,,
2024-11-25,2024-11-29,Money Management,Other BaaS Products,-3874.18,,
2025-09-08,2025-09-12,Money Management,Other BaaS Products,-2993.29,0,0
2023-04-03,2023-04-07,Money Management,Other BaaS Products,5303.33,,
2022-01-03,2022-01-08,Money Management,Other BaaS Products,-10488.6,,
2025-06-02,2025-06-04,Money Management,Other BaaS Products,-6446.55,0,0
2026-02-16,2026-02-21,Money Management,Faster Payouts,36606.34078,0,0
2025-09-29,2025-10-03,Money Management,Faster Payouts,50894.70518,0,0
2025-12-01,2025-12-07,Money Management,Financial Accounts,-5473.408011,0,0
2026-01-12,2026-01-14,Money Management,Faster Payouts,53332.10641,0,0
2023-09-04,2023-09-04,Money Management,Other BaaS Products,-4075.02,,
2024-12-16,2024-12-20,Money Management,Mass Payouts,2094.5,,
2025-04-14,2025-04-20,Money Management,Financial Accounts,-4369.63,0,0
2022-01-03,2022-01-06,Money Management,Other BaaS Products,-10332.68,,
2025-04-21,2025-04-26,Money Management,Other BaaS Products,-4125.52,0,0
2025-08-11,2025-08-14,Money Management,Other BaaS Products,-3820.49,0,0
2026-03-30,2026-04-05,Money Management,Financial Accounts,-6050.648948,0,0
2021-11-01,2021-11-03,Money Management,Other BaaS Products,-24263.55,,
2024-02-12,2024-02-16,Money Management,Other BaaS Products,-6260.92,,
2024-07-15,2024-07-19,Money Management,Other BaaS Products,-5540.5,,
2025-05-12,2025-05-17,Money Management,Financial Accounts,-4465.97,0,0
2022-01-17,2022-01-23,Money Management,Other BaaS Products,-7192.74,,
2026-12-07,2026-12-11,Money Management,Financial Accounts,,0,0
2026-08-24,2026-08-30,Money Management,Faster Payouts,,0,0
2026-10-12,2026-10-16,Money Management,Mass Payouts,,0,0
2026-07-27,2026-07-31,Money Management,Mass Payouts,,353351.16,859085.95
2026-04-27,2026-04-27,Money Management,Money Management Stretch,0,59526.40594,0
2026-12-14,2026-12-17,Money Management,Financial Accounts,,0,0
2026-08-31,2026-09-01,Money Management,Faster Payouts,,0,0
2026-05-04,2026-05-05,Money Management,Financial Accounts,,0,0
2026-05-04,2026-05-08,Money Management,Mass Payouts,,0,0
2025-03-31,2025-04-04,Money Management,Faster Payouts,0,0,0
2026-07-27,2026-08-02,Money Management,Bridge,,0,0
2026-01-12,2026-01-17,Money Management,Money Management Stretch,0,81627.68351,0
2025-03-03,2025-03-09,Money Management,Mass Payouts,0,0,0
2026-07-06,2026-07-08,Money Management,Faster Payouts,,0,0
2026-09-28,2026-10-04,Money Management,Faster Payouts,,0,0
2026-08-10,2026-08-10,Money Management,Other BaaS Products,,0,0
2026-01-19,2026-01-24,Money Management,Money Management Stretch,0,81627.68351,0
2025-04-07,2025-04-07,Money Management,Faster Payouts,0,0,0
2026-12-14,2026-12-16,Money Management,Mass Payouts,,0,0
2026-12-21,2026-12-22,Money Management,Bridge,,0,0
2026-08-17,2026-08-17,Money Management,Financial Accounts,,0,0
2026-08-17,2026-08-21,Money Management,Other BaaS Products,,0,0
2026-08-03,2026-08-07,Money Management,Faster Payouts,,0,0
2024-12-16,2024-12-17,Money Management,Other BaaS Products,-4861.84,,
2026-04-27,2026-04-27,Money Management,Mass Payouts,24083.91761,0,0
2023-08-07,2023-08-10,Money Management,Other BaaS Products,-7200.98,,
2024-11-04,2024-11-08,Money Management,Mass Payouts,1103.25,,
2025-06-30,2025-07-04,Money Management,Other BaaS Products,-3524.6,0,0
2025-02-24,2025-02-26,Money Management,Other BaaS Products,-4679.71,0,0
2026-02-23,2026-02-27,Money Management,Mass Payouts,19336.66042,0,0
2025-09-08,2025-09-14,Money Management,Mass Payouts,396.0223576,0,0
2024-06-17,2024-06-19,Money Management,Mass Payouts,3,,
2023-06-19,2023-06-23,Money Management,Other BaaS Products,-8558.1,,
2023-09-25,2023-09-25,Money Management,Other BaaS Products,-6992.4,,
2025-11-10,2025-11-13,Money Management,Financial Accounts,-1498756.064,0,0
2022-06-20,2022-06-21,Money Management,Other BaaS Products,-7362.66,,
2026-03-30,2026-04-02,Money Management,Mass Payouts,25094.25231,0,0
2023-03-06,2023-03-11,Money Management,Other BaaS Products,-9495.19,,
2026-03-30,2026-04-03,Money Management,Faster Payouts,60159.10248,0,0
2024-09-09,2024-09-10,Money Management,Other BaaS Products,-7153.08,,
2022-07-11,2022-07-15,Money Management,Other BaaS Products,-26494.39,,
2025-07-21,2025-07-25,Money Management,Other BaaS Products,-3994.94,0,0
2026-04-13,2026-04-13,Money Management,Financial Accounts,-3797.37525,0,0
2024-05-06,2024-05-11,Money Management,Other BaaS Products,-5105.4,,
2026-03-23,2026-03-24,Money Management,Mass Payouts,17651.9145,0,0
2025-03-03,2025-03-04,Money Management,Other BaaS Products,-7561.03,0,0
2021-11-01,2021-11-07,Money Management,Other BaaS Products,-7455.45,,
2022-10-17,2022-10-17,Money Management,Other BaaS Products,-4925.97,,
2024-05-27,2024-05-31,Money Management,Other BaaS Products,286486.54,,
2024-07-08,2024-07-11,Money Management,Other BaaS Products,-11962.86,,
2022-07-11,2022-07-14,Money Management,Other BaaS Products,-9849.37,,
2024-08-12,2024-08-18,Money Management,Other BaaS Products,-3995.93,,
2024-11-18,2024-11-24,Money Management,Other BaaS Products,-2642.54,,
2025-02-24,2025-02-28,Money Management,Financial Accounts,2480782.549,730751.3889,730751.3889
2025-03-10,2025-03-11,Money Management,Other BaaS Products,-5506.6,0,0
2026-06-01,2026-06-05,Money Management,Money Management Stretch,,61733.51194,0
2025-04-21,2025-04-25,Money Management,Bridge,0,0,0
2025-10-13,2025-10-19,Money Management,Bridge,0,0,0
2026-12-14,2026-12-18,Money Management,Money Management Stretch,,62996.05707,0
2026-06-15,2026-06-16,Money Management,Other BaaS Products,,0,0
2026-12-07,2026-12-13,Money Management,Financial Accounts,,0,0
2026-06-29,2026-06-30,Money Management,Bridge,,6418162,6265200
2026-09-21,2026-09-25,Money Management,Faster Payouts,,0,0
2026-12-07,2026-12-08,Money Management,Mass Payouts,,0,0
2026-03-23,2026-03-24,Money Management,Bridge,0,0,0
2025-07-14,2025-07-19,Money Management,Bridge,0,0,0
2026-10-19,2026-10-25,Money Management,Money Management Stretch,,61959.00061,0
2025-03-24,2025-03-30,Money Management,Bridge,0,0,0
2026-06-15,2026-06-17,Money Management,Financial Accounts,,0,0
2026-11-09,2026-11-11,Money Management,Mass Payouts,,0,0
2025-01-20,2025-01-22,Money Management,Financial Accounts,0,0,0
2026-08-10,2026-08-14,Money Management,Bridge,,0,0
2026-11-23,2026-11-29,Money Management,Money Management Stretch,,62240.57827,0
2026-05-18,2026-05-19,Money Management,Mass Payouts,,0,0
2026-08-03,2026-08-05,Money Management,Money Management Stretch,,55698.44481,0
2024-06-10,2024-06-10,Money Management,Mass Payouts,17.25,,
2023-03-20,2023-03-26,Money Management,Other BaaS Products,-5359.33,,
2023-12-04,2023-12-07,Money Management,Financial Accounts,-284322.76,,
2022-02-14,2022-02-16,Money Management,Other BaaS Products,-10633.43,,
2021-08-09,2021-08-12,Money Management,Other BaaS Products,-9553.35,,
2021-01-25,2021-01-31,Money Management,Financial Accounts,-1831.96,,
2024-10-07,2024-10-10,Money Management,Mass Payouts,77,,
2021-11-29,2021-12-02,Money Management,Other BaaS Products,-17645.37,,
2021-07-12,2021-07-15,Money Management,Other BaaS Products,-9535.51,,
2025-09-01,2025-09-06,Money Management,Financial Accounts,-7140.54,0,0
2025-09-01,2025-09-07,Money Management,Mass Payouts,346.2852331,0,0
2023-02-06,2023-02-09,Money Management,Other BaaS Products,-8159.12,,
2026-01-19,2026-01-21,Money Management,Financial Accounts,-29015.73963,0,0
2022-05-30,2022-06-03,Money Management,Other BaaS Products,-23381.02,,
2025-06-09,2025-06-15,Money Management,Faster Payouts,19570.38888,0,0
2023-07-17,2023-07-22,Money Management,Other BaaS Products,-4953.89,,
2025-12-08,2025-12-09,Money Management,Other BaaS Products,-4033.19,0,0
2021-08-30,2021-09-04,Money Management,Other BaaS Products,-17397.74,,
2024-07-22,2024-07-24,Money Management,Financial Accounts,0.75,,
2024-06-24,2024-06-24,Money Management,Mass Payouts,26,,
2025-07-07,2025-07-13,Money Management,Financial Accounts,-5396.93,0,0
2025-08-18,2025-08-23,Money Management,Other BaaS Products,-2099.16,0,0
2025-03-03,2025-03-06,Money Management,Mass Payouts,449.3207998,0,0
2023-07-17,2023-07-23,Money Management,Financial Accounts,-4536.9,,
2026-04-27,2026-05-01,Money Management,Other BaaS Products,,0,0
2026-04-06,2026-04-08,Money Management,Faster Payouts,52609.80655,0,0
2025-10-13,2025-10-18,Money Management,Faster Payouts,21480.07777,0,0
2025-04-07,2025-04-08,Money Management,Faster Payouts,116.0265462,0,0
2025-04-14,2025-04-18,Money Management,Other BaaS Products,-4540.88,0,0
2026-04-06,2026-04-09,Money Management,Other BaaS Products,-4666.46,0,0
2022-03-21,2022-03-27,Money Management,Other BaaS Products,-10344.8,,
2020-10-26,2020-10-31,Money Management,Other BaaS Products,19240.39562,,
2026-03-30,2026-03-30,Money Management,Financial Accounts,-3162.086555,0,0
2023-04-24,2023-04-26,Money Management,Other BaaS Products,-13955.62,,
2026-04-13,2026-04-17,Money Management,Financial Accounts,-4238.630151,0,0
2025-11-17,2025-11-18,Money Management,Faster Payouts,27820.34708,0,0
2024-07-15,2024-07-17,Money Management,Mass Payouts,53,,
2025-09-01,2025-09-05,Money Management,Financial Accounts,-35917.38712,0,0
2026-07-13,2026-07-19,Money Management,Mass Payouts,,0,0
2026-09-14,2026-09-19,Money Management,Other BaaS Products,,0,0
2026-08-17,2026-08-22,Money Management,Other BaaS Products,,0,0
2026-07-06,2026-07-12,Money Management,Financial Accounts,,0,0
2025-09-01,2025-09-07,Money Management,Bridge,0,0,0
2026-03-09,2026-03-14,Money Management,Money Management Stretch,0,59782.24803,0
2025-01-13,2025-01-19,Money Management,Faster Payouts,0,0,0
2025-02-10,2025-02-13,Money Management,Bridge,0,0,0
2026-12-07,2026-12-07,Money Management,Mass Payouts,,0,0
2026-07-20,2026-07-26,Money Management,Faster Payouts,,0,0
2026-08-10,2026-08-13,Money Management,Financial Accounts,,0,0
2026-06-22,2026-06-24,Money Management,Money Management Stretch,,61733.51194,0
2026-12-07,2026-12-07,Money Management,Bridge,,0,0
2026-06-01,2026-06-01,Money Management,Mass Payouts,,0,0
2025-12-29,2026-01-01,Money Management,Money Management Stretch,0,81627.68351,0
2026-10-12,2026-10-13,Money Management,Other BaaS Products,,0,0
2025-04-21,2025-04-25,Money Management,Mass Payouts,0,0,0
2026-11-16,2026-11-20,Money Management,Mass Payouts,,0,0
2026-06-22,2026-06-22,Money Management,Faster Payouts,,0,0
2025-08-18,2025-08-19,Money Management,Bridge,0,0,0
2026-03-30,2026-04-01,Money Management,Financial Accounts,-2064.901449,0,0
2023-06-19,2023-06-25,Money Management,Other BaaS Products,-3821.35,,
2022-02-07,2022-02-07,Money Management,Financial Accounts,29053.25,,
2025-12-29,2026-01-01,Money Management,Financial Accounts,-13193.19417,0,0
2024-05-27,2024-06-01,Money Management,Other BaaS Products,-11277.29,,
2021-12-27,2021-12-28,Money Management,Other BaaS Products,-6263.76,,
2025-12-15,2025-12-20,Money Management,Faster Payouts,25897.71059,0,0
2025-02-17,2025-02-20,Money Management,Other BaaS Products,-5176.89,0,0
2021-09-20,2021-09-26,Money Management,Other BaaS Products,-6317.75,,
2024-08-05,2024-08-05,Money Management,Other BaaS Products,-842.74,,
2024-11-25,2024-12-01,Money Management,Other BaaS Products,-8053.92,,
2025-11-24,2025-11-25,Money Management,Financial Accounts,-14792.59851,0,0
2023-10-23,2023-10-26,Money Management,Other BaaS Products,-6274.67,,
2022-05-02,2022-05-06,Money Management,Other BaaS Products,-4236.97,,
2024-06-10,2024-06-11,Money Management,Other BaaS Products,-6773.38,,
2022-03-21,2022-03-25,Money Management,Other BaaS Products,-20389.62,,
2025-12-29,2025-12-29,Money Management,Financial Accounts,-3697.93193,0,0
2022-04-25,2022-04-25,Money Management,Other BaaS Products,-7724,,
2026-03-09,2026-03-10,Money Management,Faster Payouts,47002.72038,0,0
2023-10-16,2023-10-19,Money Management,Other BaaS Products,-7050,,
2025-06-02,2025-06-02,Money Management,Mass Payouts,1195.738794,0,0
2021-08-02,2021-08-05,Money Management,Other BaaS Products,-11180.51,,
2025-06-09,2025-06-12,Money Management,Mass Payouts,1330.191344,0,0
2025-12-01,2025-12-02,Money Management,Mass Payouts,5158.043821,0,0
2024-04-01,2024-04-03,Money Management,Financial Accounts,0,,
2025-05-19,2025-05-25,Money Management,Other BaaS Products,-2007.28,0,0
2025-12-29,2026-01-02,Money Management,Mass Payouts,10949.31306,0,0
2022-12-12,2022-12-18,Money Management,Other BaaS Products,-5712.94,,
2024-11-25,2024-11-26,Money Management,Other BaaS Products,-4728.95,,
2026-04-20,2026-04-23,Money Management,Faster Payouts,54999.47289,0,0
2023-06-26,2023-06-29,Money Management,Other BaaS Products,-5869.63,,
2023-07-03,2023-07-09,Money Management,Other BaaS Products,-3180.59,,
2025-02-03,2025-02-04,Money Management,Bridge,0,0,0
2026-04-13,2026-04-17,Money Management,Money Management Stretch,0,59526.40594,0
2026-08-03,2026-08-09,Money Management,Money Management Stretch,,55698.44481,0
2025-10-20,2025-10-24,Money Management,Bridge,0,0,0
2026-06-29,2026-07-01,Money Management,Mass Payouts,,0,0
2026-07-27,2026-08-01,Money Management,Mass Payouts,,0,0
2026-12-14,2026-12-14,Money Management,Bridge,,0,0
2026-03-02,2026-03-02,Money Management,Money Management Stretch,0,59782.24803,0
2026-03-23,2026-03-27,Money Management,Bridge,0,0,0
2026-11-16,2026-11-22,Money Management,Money Management Stretch,,62240.57827,0
2026-07-13,2026-07-14,Money Management,Faster Payouts,,0,0
2026-09-28,2026-10-01,Money Management,Bridge,,0,0
2025-02-10,2025-02-14,Money Management,Bridge,0,0,0
2025-08-04,2025-08-08,Money Management,Bridge,0,0,0
2025-04-07,2025-04-09,Money Management,Bridge,0,0,0
2025-08-04,2025-08-07,Money Management,Bridge,0,0,0
2026-12-21,2026-12-21,Money Management,Money Management Stretch,,62996.05707,0
2025-10-13,2025-10-15,Money Management,Bridge,0,0,0
2026-06-08,2026-06-10,Money Management,Money Management Stretch,,61733.51194,0
2025-07-28,2025-08-01,Money Management,Bridge,0,0,0
2026-11-02,2026-11-08,Money Management,Financial Accounts,,0,0
2026-11-09,2026-11-14,Money Management,Bridge,,0,0
2025-09-29,2025-10-02,Money Management,Bridge,0,0,0
2026-06-29,2026-07-05,Money Management,Bridge,,0,0
2026-05-11,2026-05-12,Money Management,Financial Accounts,,0,0
2026-10-26,2026-10-30,Money Management,Financial Accounts,,0,0
2025-12-29,2026-01-04,Money Management,Bridge,0,0,0
2022-01-24,2022-01-30,Money Management,Other BaaS Products,-11850.09,,
2025-06-23,2025-06-25,Money Management,Mass Payouts,1244.155115,0,0
2026-02-09,2026-02-13,Money Management,Mass Payouts,20871.86969,0,0
2023-09-11,2023-09-17,Money Management,Other BaaS Products,-4730.8,,
2022-09-19,2022-09-23,Money Management,Other BaaS Products,-10758.22,,
2021-07-26,2021-07-31,Money Management,Other BaaS Products,-303292.5747,,
2025-07-07,2025-07-10,Money Management,Financial Accounts,-5038.6,0,0
2025-11-17,2025-11-22,Money Management,Other BaaS Products,-4780.92,0,0
2025-02-17,2025-02-18,Money Management,Mass Payouts,647.6415996,0,0
2024-01-15,2024-01-20,Money Management,Other BaaS Products,-4303.11,,
2025-12-22,2025-12-28,Money Management,Other BaaS Products,-2353.86,0,0
2024-08-26,2024-08-28,Money Management,Mass Payouts,35.5,,
2022-11-14,2022-11-18,Money Management,Other BaaS Products,-8152.14,,
2025-07-07,2025-07-08,Money Management,Other BaaS Products,-4669.4,0,0
2026-01-19,2026-01-23,Money Management,Other BaaS Products,-2655.22,0,0
2025-04-07,2025-04-07,Money Management,Other BaaS Products,-5038.54,0,0
2025-11-17,2025-11-21,Money Management,Mass Payouts,4669.58299,0,0
2021-08-02,2021-08-04,Money Management,Other BaaS Products,-20461.09,,
2025-09-22,2025-09-27,Money Management,Financial Accounts,-5148.46,0,0
2021-08-16,2021-08-19,Money Management,Other BaaS Products,-8786.96,,
2026-01-26,2026-01-29,Money Management,Other BaaS Products,-3136.27,0,0
2026-02-02,2026-02-06,Money Management,Financial Accounts,1694311.811,0,0
2022-07-11,2022-07-12,Money Management,Financial Accounts,10.25,,
2024-01-08,2024-01-08,Money Management,Financial Accounts,-312600.46,,
2025-11-03,2025-11-05,Money Management,Faster Payouts,41935.64167,0,0
2026-02-09,2026-02-09,Money Management,Faster Payouts,44991.6414,0,0
2024-12-02,2024-12-03,Money Management,Financial Accounts,-43024.32,,
2024-01-15,2024-01-21,Money Management,Other BaaS Products,-3087.38,,
2026-02-16,2026-02-19,Money Management,Mass Payouts,17147.08028,0,0
2025-04-14,2025-04-20,Money Management,Faster Payouts,8081.995259,0,0
2025-04-28,2025-05-02,Money Management,Other BaaS Products,-24112.9,0,0
2022-02-21,2022-02-25,Money Management,Other BaaS Products,-21396.6,,
2021-04-26,2021-04-30,Money Management,Other BaaS Products,111648.8778,,
2026-07-13,2026-07-18,Money Management,Financial Accounts,,0,0
2026-06-08,2026-06-13,Money Management,Financial Accounts,,0,0
2026-04-20,2026-04-26,Money Management,Money Management Stretch,0,59526.40594,0
2026-08-10,2026-08-16,Money Management,Other BaaS Products,,0,0
2026-08-03,2026-08-05,Money Management,Bridge,,0,0
2026-09-21,2026-09-22,Money Management,Mass Payouts,,0,0
2025-09-08,2025-09-09,Money Management,Bridge,0,0,0
2026-10-05,2026-10-06,Money Management,Bridge,,0,0
2026-10-12,2026-10-18,Money Management,Faster Payouts,,0,0
2025-03-24,2025-03-25,Money Management,Bridge,0,0,0
2026-11-02,2026-11-03,Money Management,Mass Payouts,,0,0
2025-08-25,2025-08-29,Money Management,Bridge,0,0,0
2026-09-21,2026-09-27,Money Management,Other BaaS Products,,0,0
2026-09-07,2026-09-10,Money Management,Faster Payouts,,0,0
2026-11-09,2026-11-10,Money Management,Money Management Stretch,,62240.57827,0
2026-07-27,2026-07-27,Money Management,Faster Payouts,,0,0
2026-04-06,2026-04-12,Money Management,Money Management Stretch,0,59526.40594,0
2026-06-29,2026-07-01,Money Management,Bridge,,0,0
2026-08-03,2026-08-07,Money Management,Other BaaS Products,,0,0
2026-12-21,2026-12-26,Money Management,Money Management Stretch,,62996.05707,0
2026-07-06,2026-07-11,Money Management,Other BaaS Products,,0,0
2026-08-03,2026-08-06,Money Management,Mass Payouts,,0,0
2026-12-14,2026-12-20,Money Management,Mass Payouts,,0,0
2025-06-23,2025-06-26,Money Management,Bridge,0,0,0
2026-11-16,2026-11-19,Money Management,Mass Payouts,,0,0
2024-12-30,2024-12-31,Money Management,Mass Payouts,33.7400395,,
2025-10-13,2025-10-15,Money Management,Other BaaS Products,-8599.32,0,0
2024-09-23,2024-09-24,Money Management,Mass Payouts,53.25,,
2025-03-31,2025-03-31,Money Management,Other BaaS Products,240325.27,62118.06,62118.06
2022-06-06,2022-06-09,Money Management,Other BaaS Products,-15404.12,,
2023-09-18,2023-09-24,Money Management,Other BaaS Products,-3696.88,,
2025-02-10,2025-02-14,Money Management,Other BaaS Products,-5390.25,0,0
2024-07-29,2024-07-30,Money Management,Mass Payouts,74,,
2025-09-29,2025-09-30,Money Management,Bridge,3867043.426,3867043.426,3867043.426
2024-07-01,2024-07-04,Money Management,Financial Accounts,0,,
2026-01-05,2026-01-09,Money Management,Other BaaS Products,-3123.7,0,0
2024-07-08,2024-07-10,Money Management,Other BaaS Products,-8939.42,,
2025-09-22,2025-09-28,Money Management,Faster Payouts,84571.52692,0,0
2026-02-09,2026-02-15,Money Management,Mass Payouts,16842.45549,0,0
2024-01-15,2024-01-17,Money Management,Other BaaS Products,-5676.75,,
2022-04-25,2022-04-27,Money Management,Other BaaS Products,-9230.81,,
2023-08-07,2023-08-12,Money Management,Other BaaS Products,-7115.3,,
2025-06-30,2025-07-02,Money Management,Other BaaS Products,-16680.55,0,0
2021-10-11,2021-10-11,Money Management,Other BaaS Products,-5386.11,,
2024-09-30,2024-10-03,Money Management,Other BaaS Products,-4344.65,,
2020-09-28,2020-10-01,Money Management,Other BaaS Products,0,,
2024-08-12,2024-08-15,Money Management,Other BaaS Products,-7127.93,,
2025-01-06,2025-01-11,Money Management,Mass Payouts,69,0,0
2026-03-23,2026-03-26,Money Management,Financial Accounts,-3080.976326,0,0
2025-07-07,2025-07-11,Money Management,Other BaaS Products,-4127.31,0,0
2025-01-27,2025-01-30,Money Management,Mass Payouts,472.25,0,0
2025-09-01,2025-09-01,Money Management,Financial Accounts,-4496.066933,0,0
2024-09-02,2024-09-07,Money Management,Financial Accounts,-1426705.87,,
2024-02-12,2024-02-14,Money Management,Other BaaS Products,-10313.82,,
2025-10-20,2025-10-25,Money Management,Other BaaS Products,-3208.96,0,0
2025-06-02,2025-06-08,Money Management,Mass Payouts,2,0,0
2024-09-16,2024-09-19,Money Management,Other BaaS Products,-6675.11,,
2025-07-07,2025-07-12,Money Management,Mass Payouts,21.5,0,0
2024-10-28,2024-11-01,Money Management,Faster Payouts,280882.018,,
2023-07-24,2023-07-24,Money Management,Other BaaS Products,-4278.99,,
2022-05-30,2022-06-02,Money Management,Other BaaS Products,-20097.99,,
2026-02-16,2026-02-19,Money Management,Other BaaS Products,-4333.52,0,0
2025-11-03,2025-11-07,Money Management,Other BaaS Products,-3250.24,0,0
2025-07-07,2025-07-13,Money Management,Mass Payouts,602.3035198,0,0
2026-01-26,2026-01-26,Money Management,Bridge,0,0,0
2026-04-27,2026-04-30,Money Management,Money Management Stretch,,59526.40594,0
2025-03-10,2025-03-11,Money Management,Bridge,0,0,0
2026-01-05,2026-01-07,Money Management,Money Management Stretch,0,81627.68351,0
2025-06-02,2025-06-05,Money Management,Bridge,0,0,0
2026-06-01,2026-06-07,Money Management,Bridge,,0,0
2026-06-29,2026-07-03,Money Management,Other BaaS Products,,0,0
2026-09-07,2026-09-12,Money Management,Other BaaS Products,,0,0
2026-09-21,2026-09-23,Money Management,Other BaaS Products,,0,0
2025-01-13,2025-01-15,Money Management,Faster Payouts,0,0,0
2026-09-14,2026-09-18,Money Management,Other BaaS Products,,0,0
2025-05-19,2025-05-25,Money Management,Bridge,0,0,0
2026-09-14,2026-09-16,Money Management,Mass Payouts,,0,0
2026-07-13,2026-07-13,Money Management,Faster Payouts,,0,0
2026-11-02,2026-11-03,Money Management,Bridge,,0,0
2025-11-03,2025-11-09,Money Management,Bridge,0,0,0
2026-10-12,2026-10-15,Money Management,Bridge,,0,0
2025-03-17,2025-03-21,Money Management,Bridge,0,0,0
2026-12-14,2026-12-17,Money Management,Mass Payouts,,0,0
2026-11-02,2026-11-07,Money Management,Bridge,,0,0
2026-12-14,2026-12-18,Money Management,Bridge,,0,0
2025-03-17,2025-03-20,Money Management,Faster Payouts,0,0,0
2026-11-30,2026-12-03,Money Management,Faster Payouts,,0,0
2026-12-07,2026-12-11,Money Management,Money Management Stretch,,62996.05707,0
2026-06-15,2026-06-19,Money Management,Financial Accounts,,0,0
2024-01-01,2024-01-02,Money Management,Other BaaS Products,-17153.47,,
2022-06-20,2022-06-25,Money Management,Other BaaS Products,-8727.28,,
2026-01-05,2026-01-08,Money Management,Mass Payouts,29276.67952,0,0
2025-12-01,2025-12-02,Money Management,Other BaaS Products,-16473.01,0,0
2022-09-12,2022-09-15,Money Management,Financial Accounts,0.25,,
2022-03-14,2022-03-14,Money Management,Other BaaS Products,-4190.17,,
2023-12-18,2023-12-18,Money Management,Other BaaS Products,-4107.7,,
2023-10-23,2023-10-28,Money Management,Other BaaS Products,-6866.1,,
2025-11-03,2025-11-04,Money Management,Other BaaS Products,-6253.32,0,0
2025-07-28,2025-07-30,Money Management,Mass Payouts,3620.781852,0,0
2025-06-16,2025-06-18,Money Management,Financial Accounts,-4982.57,0,0
2026-02-16,2026-02-22,Money Management,Faster Payouts,28605.98661,0,0
2024-02-05,2024-02-07,Money Management,Financial Accounts,-685612.54,,
2022-10-03,2022-10-07,Money Management,Other BaaS Products,-2764.58,,
2023-11-13,2023-11-17,Money Management,Other BaaS Products,-6544.66,,
2026-02-02,2026-02-02,Money Management,Other BaaS Products,-9066.01,0,0
2025-02-17,2025-02-21,Money Management,Mass Payouts,2119.5,0,0
2023-02-27,2023-03-04,Money Management,Other BaaS Products,-14752.68,,
2025-04-21,2025-04-22,Money Management,Financial Accounts,-4543.518578,0,0
2022-10-24,2022-10-26,Money Management,Other BaaS Products,-10242.36,,
2025-04-21,2025-04-27,Money Management,Other BaaS Products,-2607.82,0,0
2024-10-14,2024-10-16,Money Management,Other BaaS Products,-7490.85,,
2025-10-27,2025-11-01,Money Management,Faster Payouts,59552.9981,0,0
2024-04-08,2024-04-08,Money Management,Other BaaS Products,-10122.2,,
2021-07-19,2021-07-20,Money Management,Other BaaS Products,-7233.35,,
2024-11-25,2024-12-01,Money Management,Faster Payouts,703181.8126,,
2025-08-11,2025-08-15,Money Management,Other BaaS Products,-3476.99,0,0
2025-10-13,2025-10-14,Money Management,Other BaaS Products,-3757.38,0,0
2025-12-29,2026-01-04,Money Management,Other BaaS Products,-1683.28,0,0
2022-05-16,2022-05-17,Money Management,Other BaaS Products,-10473.23,,
2025-07-28,2025-07-29,Money Management,Financial Accounts,-3621.639091,0,0
2025-05-19,2025-05-20,Money Management,Financial Accounts,-4656.05,0,0
2025-03-03,2025-03-07,Money Management,Mass Payouts,2046.5,0,0
2026-05-04,2026-05-06,Money Management,Financial Accounts,,0,0
2026-10-26,2026-10-29,Money Management,Bridge,,0,0
2026-08-03,2026-08-09,Money Management,Financial Accounts,,0,0
2026-09-14,2026-09-17,Money Management,Faster Payouts,,0,0
2026-09-21,2026-09-26,Money Management,Financial Accounts,,0,0
2025-03-31,2025-04-05,Money Management,Bridge,0,0,0
2025-07-28,2025-07-30,Money Management,Bridge,0,0,0
2026-05-11,2026-05-11,Money Management,Other BaaS Products,,0,0
2026-10-26,2026-11-01,Money Management,Bridge,,0,0
2026-06-01,2026-06-02,Money Management,Bridge,,0,0
2026-08-31,2026-09-02,Money Management,Money Management Stretch,,62366.64627,0
2026-12-14,2026-12-19,Money Management,Bridge,,0,0
2026-11-09,2026-11-12,Money Management,Faster Payouts,,0,0
2026-03-16,2026-03-18,Money Management,Money Management Stretch,0,59782.24803,0
2026-01-19,2026-01-24,Money Management,Bridge,0,0,0
2025-11-17,2025-11-23,Money Management,Bridge,0,0,0
2026-10-26,2026-10-29,Money Management,Mass Payouts,,0,0
2026-06-01,2026-06-02,Money Management,Mass Payouts,,0,0
2026-10-05,2026-10-06,Money Management,Mass Payouts,,0,0
2024-12-30,2025-01-05,Money Management,Faster Payouts,0,0,0
2026-06-08,2026-06-08,Money Management,Bridge,,0,0
2025-08-11,2025-08-11,Money Management,Other BaaS Products,-2538.55,0,0
2025-11-24,2025-11-24,Money Management,Other BaaS Products,-2088.62,0,0
2023-05-15,2023-05-19,Money Management,Other BaaS Products,-7319.38,,
2025-08-04,2025-08-09,Money Management,Mass Payouts,82.65,0,0
2025-01-13,2025-01-15,Money Management,Financial Accounts,-157108.99,0,0
2025-11-10,2025-11-14,Money Management,Mass Payouts,3086.326524,0,0
2025-10-27,2025-10-29,Money Management,Faster Payouts,33088.42683,0,0
2025-06-02,2025-06-06,Money Management,Other BaaS Products,-21.08,0,0
2025-11-10,2025-11-12,Money Management,Faster Payouts,26851.23055,0,0
2024-12-23,2024-12-23,Money Management,Mass Payouts,552.75,,
2023-01-09,2023-01-09,Money Management,Other BaaS Products,2334.84,,
2020-04-13,2020-04-17,Money Management,Other BaaS Products,35337.06,,
2022-08-29,2022-09-01,Money Management,Other BaaS Products,-8058.04,,
2022-04-18,2022-04-18,Money Management,Other BaaS Products,-6989.74,,
2024-06-17,2024-06-21,Money Management,Financial Accounts,0,,
2025-04-21,2025-04-27,Money Management,Financial Accounts,-4531.24,0,0
2024-02-12,2024-02-17,Money Management,Other BaaS Products,-5177.81,,
2024-06-03,2024-06-04,Money Management,Other BaaS Products,-9544.22,,
2022-06-27,2022-06-29,Money Management,Other BaaS Products,-10138.39,,
2025-03-17,2025-03-19,Money Management,Other BaaS Products,-5252.36,0,0
2025-02-03,2025-02-03,Money Management,Mass Payouts,456.5,0,0
2023-05-22,2023-05-22,Money Management,Other BaaS Products,-4939.98,,
2024-09-16,2024-09-18,Money Management,Mass Payouts,40,,
2025-08-04,2025-08-09,Money Management,Other BaaS Products,-3123.42,0,0
2023-11-20,2023-11-26,Money Management,Other BaaS Products,-3437.52,,
2024-07-22,2024-07-24,Money Management,Other BaaS Products,-6663.49,,
2025-12-22,2025-12-26,Money Management,Other BaaS Products,-1365.11,0,0
2024-09-09,2024-09-11,Money Management,Other BaaS Products,-10808.81,,
2024-12-09,2024-12-14,Money Management,Mass Payouts,74.5,,
2023-09-25,2023-09-27,Money Management,Financial Accounts,-207.59,,
2026-01-26,2026-02-01,Money Management,Financial Accounts,-14655.64915,0,0
2022-07-11,2022-07-12,Money Management,Other BaaS Products,-12038.67,,
2025-11-10,2025-11-15,Money Management,Mass Payouts,254.059578,0,0
2020-02-24,2020-02-29,Money Management,Other BaaS Products,473750.8943,,
2025-06-09,2025-06-14,Money Management,Faster Payouts,13884.83037,0,0
2025-07-14,2025-07-17,Money Management,Faster Payouts,22508.72211,0,0
2025-08-18,2025-08-19,Money Management,Mass Payouts,2466.94705,0,0
2024-06-10,2024-06-12,Money Management,Mass Payouts,18.25,,
2025-09-22,2025-09-22,Money Management,Faster Payouts,31142.23204,0,0
2023-11-06,2023-11-07,Money Management,Financial Accounts,-608427.71,,
2026-06-15,2026-06-20,Money Management,Financial Accounts,,0,0
2026-10-19,2026-10-24,Money Management,Financial Accounts,,0,0
2025-06-09,2025-06-10,Money Management,Bridge,0,0,0
2026-11-02,2026-11-05,Money Management,Other BaaS Products,,0,0
2026-11-16,2026-11-22,Money Management,Other BaaS Products,,0,0
2026-11-23,2026-11-26,Money Management,Faster Payouts,,0,0
2026-07-06,2026-07-07,Money Management,Bridge,,0,0
2026-05-25,2026-05-27,Money Management,Other BaaS Products,,0,0
2026-05-25,2026-05-27,Money Management,Mass Payouts,,0,0
2025-10-06,2025-10-06,Money Management,Bridge,0,0,0
2026-06-08,2026-06-09,Money Management,Bridge,,0,0
2026-02-02,2026-02-05,Money Management,Bridge,0,0,0
2026-09-14,2026-09-20,Money Management,Money Management Stretch,,62366.64627,0
2026-11-23,2026-11-29,Money Management,Faster Payouts,,0,0
2026-10-05,2026-10-07,Money Management,Financial Accounts,,0,0
2025-01-27,2025-01-30,Money Management,Financial Accounts,0,0,0
2026-12-07,2026-12-09,Money Management,Bridge,,0,0
2026-10-19,2026-10-19,Money Management,Mass Payouts,,0,0
2025-03-03,2025-03-03,Money Management,Bridge,0,0,0
2025-10-06,2025-10-07,Money Management,Bridge,0,0,0
2026-07-27,2026-07-28,Money Management,Money Management Stretch,,58531.61449,0
2025-01-27,2025-02-01,Money Management,Bridge,0,0,0
2025-09-29,2025-10-05,Money Management,Other BaaS Products,-2819.47,0,0
2024-11-25,2024-11-25,Money Management,Mass Payouts,536.5,,
2021-08-09,2021-08-14,Money Management,Other BaaS Products,-11758.36,,
2024-12-16,2024-12-16,Money Management,Other BaaS Products,-2598.47,,
2025-12-29,2026-01-02,Money Management,Financial Accounts,-4478.67252,0,0
2024-04-01,2024-04-02,Money Management,Other BaaS Products,-19080.35,,
2024-12-02,2024-12-03,Money Management,Other BaaS Products,-8095.34,,
2026-04-20,2026-04-25,Money Management,Financial Accounts,-5848.251516,0,0
2023-08-21,2023-08-21,Money Management,Other BaaS Products,-4945.53,,
2023-09-18,2023-09-21,Money Management,Financial Accounts,0,,
2024-07-08,2024-07-12,Money Management,Financial Accounts,-544002.47,,
2023-11-06,2023-11-08,Money Management,Financial Accounts,-276487.52,,
2019-09-30,2019-09-30,Money Management,Other BaaS Products,61823.46498,,
2025-10-06,2025-10-12,Money Management,Faster Payouts,17485.76638,0,0
2025-05-19,2025-05-24,Money Management,Faster Payouts,12418.02603,0,0
2025-11-24,2025-11-24,Money Management,Financial Accounts,-8282.07009,0,0
2025-05-26,2025-05-31,Money Management,Other BaaS Products,206469.72,50858.64,50858.64
2023-07-31,2023-08-05,Money Management,Financial Accounts,-1212645.32,,
2021-11-01,2021-11-05,Money Management,Other BaaS Products,-11758.3,,
2025-04-28,2025-05-04,Money Management,Financial Accounts,-4429.65,0,0
2025-02-24,2025-02-24,Money Management,Other BaaS Products,-3898.03,0,0
2022-08-15,2022-08-19,Money Management,Other BaaS Products,-8390.46,,
2021-10-18,2021-10-18,Money Management,Other BaaS Products,-5719.17,,
2023-06-05,2023-06-05,Money Management,Financial Accounts,-89.47,,
2025-07-14,2025-07-20,Money Management,Faster Payouts,13414.83562,0,0
2025-06-02,2025-06-06,Money Management,Financial Accounts,1374124.53,0,0
2023-05-01,2023-05-01,Money Management,Financial Accounts,-50862.92,,
2025-08-25,2025-08-25,Money Management,Faster Payouts,21249.51031,0,0
2025-06-16,2025-06-17,Money Management,Other BaaS Products,-4657.76,0,0
2026-10-05,2026-10-10,Money Management,Other BaaS Products,,0,0
2025-07-14,2025-07-16,Money Management,Bridge,0,0,0
2025-09-08,2025-09-14,Money Management,Bridge,0,0,0
2026-11-16,2026-11-19,Money Management,Financial Accounts,,0,0
2026-08-03,2026-08-04,Money Management,Other BaaS Products,,0,0
2026-08-31,2026-08-31,Money Management,Mass Payouts,,465463.44,933392.85
2026-06-15,2026-06-21,Money Management,Bridge,,0,0
2026-07-06,2026-07-06,Money Management,Money Management Stretch,,58531.61449,0
2026-05-25,2026-05-26,Money Management,Faster Payouts,,0,0
2025-08-11,2025-08-17,Money Management,Bridge,0,0,0
2026-06-22,2026-06-28,Money Management,Other BaaS Products,,0,0
2026-01-12,2026-01-15,Money Management,Bridge,0,0,0
2026-10-19,2026-10-24,Money Management,Money Management Stretch,,61959.00061,0
2025-05-12,2025-05-14,Money Management,Bridge,0,0,0
2026-02-16,2026-02-20,Money Management,Money Management Stretch,0,90388.06711,0
2026-04-27,2026-05-02,Money Management,Bridge,,0,0
2026-10-12,2026-10-17,Money Management,Money Management Stretch,,61959.00061,0
2026-09-14,2026-09-17,Money Management,Money Management Stretch,,62366.64627,0
2026-11-23,2026-11-23,Money Management,Mass Payouts,,0,0
2026-11-23,2026-11-28,Money Management,Money Management Stretch,,62240.57827,0
2026-10-05,2026-10-11,Money Management,Bridge,,0,0
2026-08-24,2026-08-29,Money Management,Money Management Stretch,,55698.44481,0
2026-12-21,2026-12-27,Money Management,Bridge,,0,0
2026-07-27,2026-07-30,Money Management,Other BaaS Products,,0,0
2026-05-25,2026-05-25,Money Management,Faster Payouts,,0,0
2026-10-05,2026-10-07,Money Management,Other BaaS Products,,0,0
2025-05-26,2025-05-28,Money Management,Faster Payouts,17855.44311,0,0
2023-02-27,2023-02-28,Money Management,Financial Accounts,225118.3,,
2025-05-19,2025-05-23,Money Management,Faster Payouts,18993.36349,0,0
2025-07-07,2025-07-11,Money Management,Financial Accounts,-1308295.2,0,0
2025-01-20,2025-01-23,Money Management,Other BaaS Products,-5621.1,0,0
2025-04-28,2025-04-29,Money Management,Other BaaS Products,-9672.65,0,0
2025-02-24,2025-03-01,Money Management,Financial Accounts,161406.3325,0,0
2024-07-29,2024-07-30,Money Management,Other BaaS Products,-5532.62,,
2025-06-23,2025-06-28,Money Management,Financial Accounts,141387.35,0,0
2024-05-27,2024-05-30,Money Management,Mass Payouts,0,,
2026-02-09,2026-02-10,Money Management,Faster Payouts,44762.51827,0,0
2025-08-25,2025-08-27,Money Management,Faster Payouts,23814.45079,0,0
2025-06-30,2025-07-04,Money Management,Financial Accounts,1289.59,0,0
2025-10-13,2025-10-19,Money Management,Mass Payouts,174.4289761,0,0
2026-04-27,2026-04-29,Money Management,Faster Payouts,62976.29626,0,0
2026-03-16,2026-03-16,Money Management,Other BaaS Products,-2670.31,0,0
2025-02-24,2025-03-01,Money Management,Other BaaS Products,-8720.87,0,0
2025-06-02,2025-06-03,Money Management,Financial Accounts,-6432.69,0,0
2024-12-30,2025-01-03,Money Management,Financial Accounts,0.03,0,0
2024-12-09,2024-12-09,Money Management,Mass Payouts,682,,
2025-06-02,2025-06-07,Money Management,Mass Payouts,26,0,0
2025-09-15,2025-09-15,Money Management,Other BaaS Products,-6082.84,0,0
2022-10-03,2022-10-09,Money Management,Other BaaS Products,-6147.68,,
2024-06-17,2024-06-17,Money Management,Other BaaS Products,-4953.39,,
2023-10-02,2023-10-02,Money Management,Other BaaS Products,-16228.98,,
2025-06-16,2025-06-19,Money Management,Mass Payouts,593.8343284,0,0
2024-09-23,2024-09-23,Money Management,Mass Payouts,73,,
2025-12-29,2025-12-30,Money Management,Faster Payouts,97073.34123,0,0
2024-09-30,2024-10-01,Money Management,Mass Payouts,58.25,,
2023-12-11,2023-12-14,Money Management,Financial Accounts,0,,
2025-12-22,2025-12-24,Money Management,Faster Payouts,26750.34219,0,0
2025-05-19,2025-05-21,Money Management,Other BaaS Products,995.23,0,0
2023-02-13,2023-02-18,Money Management,Other BaaS Products,-7530.08,,
2025-04-14,2025-04-19,Money Management,Faster Payouts,10457.63618,0,0
2025-12-22,2025-12-23,Money Management,Faster Payouts,35115.74434,0,0
2022-04-04,2022-04-04,Money Management,Other BaaS Products,-15907.6,,
2024-08-26,2024-08-27,Money Management,Other BaaS Products,-5597.71,,
2025-01-27,2025-01-31,Money Management,Other BaaS Products,200646.32,46622.63,46622.63
2026-01-05,2026-01-11,Money Management,Other BaaS Products,-2014.96,0,0
2025-07-28,2025-08-02,Money Management,Other BaaS Products,-8833.93,0,0
2021-09-27,2021-09-29,Money Management,Other BaaS Products,-12982.11,,
2025-11-10,2025-11-13,Money Management,Other BaaS Products,-3472.72,0,0
2025-10-27,2025-10-31,Money Management,Bridge,3885862.343,3885862.343,3885862.343
2024-07-01,2024-07-05,Money Management,Mass Payouts,10,,
2026-02-16,2026-02-22,Money Management,Money Management Stretch,0,90388.06711,0
2025-06-30,2025-07-02,Money Management,Bridge,0,0,0
2026-08-03,2026-08-07,Money Management,Mass Payouts,,0,0
2026-02-23,2026-02-25,Money Management,Money Management Stretch,0,90388.06711,0
2026-11-09,2026-11-15,Money Management,Faster Payouts,,0,0
2026-03-23,2026-03-26,Money Management,Bridge,0,0,0
2026-07-20,2026-07-21,Money Management,Other BaaS Products,,0,0
2026-09-07,2026-09-09,Money Management,Bridge,,0,0
2026-12-28,2026-12-29,Money Management,Faster Payouts,,0,0
2026-06-15,2026-06-17,Money Management,Other BaaS Products,,0,0
2026-09-28,2026-10-03,Money Management,Faster Payouts,,0,0
2026-08-24,2026-08-25,Money Management,Faster Payouts,,0,0
2026-06-15,2026-06-19,Money Management,Money Management Stretch,,61733.51194,0
2026-11-30,2026-11-30,Money Management,Mass Payouts,,793411.9,1065090.21
2025-01-13,2025-01-17,Money Management,Faster Payouts,0,0,0
2026-10-19,2026-10-24,Money Management,Faster Payouts,,0,0
2026-10-05,2026-10-05,Money Management,Mass Payouts,,0,0
2026-01-05,2026-01-09,Money Management,Bridge,0,0,0
2026-11-30,2026-12-03,Money Management,Bridge,,0,0
2026-05-18,2026-05-19,Money Management,Bridge,,0,0
2025-10-13,2025-10-17,Money Management,Bridge,0,0,0
2025-06-23,2025-06-25,Money Management,Bridge,0,0,0
2026-01-05,2026-01-06,Money Management,Bridge,0,0,0
2026-08-24,2026-08-30,Money Management,Mass Payouts,,0,0
2026-04-13,2026-04-16,Money Management,Bridge,0,0,0
2025-05-12,2025-05-18,Money Management,Mass Payouts,0,0,0
2026-04-13,2026-04-19,Money Management,Bridge,0,0,0
2023-04-24,2023-04-24,Money Management,Other BaaS Products,-4666.29,,
2025-07-28,2025-08-01,Money Management,Faster Payouts,62096.0813,0,0
2021-05-31,2021-05-31,Money Management,Other BaaS Products,208257.6225,,
2021-11-15,2021-11-17,Money Management,Other BaaS Products,-10363.29,,
2024-07-01,2024-07-01,Money Management,Other BaaS Products,-12147.83,,
2022-09-19,2022-09-21,Money Management,Other BaaS Products,-9706.73,,
2021-11-01,2021-11-02,Money Management,Other BaaS Products,-19479.86,,
2024-09-30,2024-10-06,Money Management,Other BaaS Products,-2698.56,,
2025-02-03,2025-02-08,Money Management,Financial Accounts,-304880.72,0,0
2021-07-26,2021-07-30,Money Management,Other BaaS Products,-8077.8,,
2026-01-05,2026-01-08,Money Management,Financial Accounts,2089688.838,0,0
2024-08-26,2024-09-01,Money Management,Financial Accounts,-672432.66,,
2025-08-04,2025-08-10,Money Management,Faster Payouts,11912.50227,0,0
2023-07-24,2023-07-26,Money Management,Other BaaS Products,-8200.51,,
2022-07-18,2022-07-21,Money Management,Other BaaS Products,-9933.31,,
2023-11-27,2023-12-03,Money Management,Other BaaS Products,-13613.81,,
2024-01-22,2024-01-26,Money Management,Other BaaS Products,-5764.3,,
2023-06-05,2023-06-09,Money Management,Other BaaS Products,-6442,,
2026-03-09,2026-03-13,Money Management,Mass Payouts,18515.99931,0,0
2026-02-02,2026-02-02,Money Management,Faster Payouts,54231.84853,0,0
2022-04-11,2022-04-16,Money Management,Other BaaS Products,-12714.87,,
2025-10-27,2025-10-28,Money Management,Mass Payouts,2271.794144,0,0
2026-01-19,2026-01-19,Money Management,Mass Payouts,13115.21972,0,0
2023-03-27,2023-04-02,Money Management,Other BaaS Products,-10463.62,,
2025-10-13,2025-10-17,Money Management,Other BaaS Products,-2955.73,0,0
2022-03-28,2022-04-02,Money Management,Other BaaS Products,-20924.3,,
2022-02-14,2022-02-20,Money Management,Other BaaS Products,-6919.01,,
2025-09-22,2025-09-26,Money Management,Other BaaS Products,-3169.33,0,0
2026-03-16,2026-03-21,Money Management,Faster Payouts,37795.34344,0,0
2025-12-22,2025-12-26,Money Management,Faster Payouts,61013.62837,0,0
2025-07-21,2025-07-26,Money Management,Financial Accounts,-4825.867448,0,0
2023-10-30,2023-11-03,Money Management,Other BaaS Products,-11297.17,,
2025-12-01,2025-12-01,Money Management,Financial Accounts,-13027.73,0,0
2022-01-31,2022-02-02,Money Management,Other BaaS Products,-22735.24,,
2026-01-19,2026-01-23,Money Management,Faster Payouts,60852.05875,0,0
2025-10-20,2025-10-26,Money Management,Faster Payouts,17467.29208,0,0
2025-06-09,2025-06-14,Money Management,Financial Accounts,-5665.550066,0,0
2024-07-22,2024-07-28,Money Management,Other BaaS Products,-3475.31,,
2023-08-07,2023-08-07,Money Management,Other BaaS Products,-5383.4,,
2025-08-18,2025-08-22,Money Management,Mass Payouts,4106.148173,0,0
2023-02-06,2023-02-06,Money Management,Financial Accounts,-156308.06,,
2021-06-28,2021-07-04,Money Management,Other BaaS Products,14565.37,,
2023-07-24,2023-07-30,Money Management,Other BaaS Products,-3891.14,,
2023-07-03,2023-07-06,Money Management,Financial Accounts,-304822.99,,
2024-01-08,2024-01-13,Money Management,Financial Accounts,0,,
2023-05-22,2023-05-28,Money Management,Other BaaS Products,-3760.66,,
2026-02-16,2026-02-19,Money Management,Bridge,0,0,0
2025-09-15,2025-09-16,Money Management,Bridge,0,0,0
2026-11-02,2026-11-04,Money Management,Mass Payouts,,0,0
2026-05-18,2026-05-18,Money Management,Other BaaS Products,,0,0
2025-09-15,2025-09-18,Money Management,Bridge,0,0,0
2026-06-29,2026-07-04,Money Management,Money Management Stretch,,58531.61449,0
2026-05-11,2026-05-15,Money Management,Mass Payouts,,0,0
2026-07-13,2026-07-14,Money Management,Other BaaS Products,,0,0
2025-03-10,2025-03-12,Money Management,Bridge,0,0,0
2026-09-21,2026-09-22,Money Management,Money Management Stretch,,62366.64627,0
2026-05-04,2026-05-09,Money Management,Other BaaS Products,,0,0
2025-02-17,2025-02-18,Money Management,Bridge,0,0,0
2026-08-10,2026-08-10,Money Management,Financial Accounts,,0,0
2024-05-06,2024-05-12,Money Management,Other BaaS Products,-3644.79,,
2025-11-24,2025-11-27,Money Management,Other BaaS Products,-2612.99,0,0
2024-06-17,2024-06-17,Money Management,Mass Payouts,21,,
2024-07-22,2024-07-25,Money Management,Financial Accounts,0,,
2025-11-17,2025-11-17,Money Management,Faster Payouts,27839.62552,0,0
2026-03-02,2026-03-04,Money Management,Faster Payouts,53581.56521,0,0
2025-03-17,2025-03-19,Money Management,Mass Payouts,725.4103999,0,0
2024-12-16,2024-12-20,Money Management,Financial Accounts,0,,
2025-04-14,2025-04-19,Money Management,Financial Accounts,-3721.11,0,0
2022-03-28,2022-03-28,Money Management,Other BaaS Products,-8858.98,,
2026-02-02,2026-02-07,Money Management,Faster Payouts,34112.64974,0,0
2022-07-25,2022-07-28,Money Management,Other BaaS Products,-10281.94,,
2023-01-30,2023-02-04,Money Management,Other BaaS Products,-8334.41,,
2025-12-22,2025-12-25,Money Management,Mass Payouts,4315.49977,0,0
2025-08-04,2025-08-04,Money Management,Other BaaS Products,-2610.92,0,0
2024-01-08,2024-01-14,Money Management,Other BaaS Products,-3319.85,,
2023-03-06,2023-03-12,Money Management,Other BaaS Products,-6624.46,,
2024-09-16,2024-09-20,Money Management,Other BaaS Products,-7220.26,,
2026-03-02,2026-03-08,Money Management,Mass Payouts,26149.42876,0,0
2025-11-24,2025-11-26,Money Management,Other BaaS Products,-3343.99,0,0
2025-06-23,2025-06-27,Money Management,Mass Payouts,2840.127132,0,0
2025-04-14,2025-04-14,Money Management,Faster Payouts,12694.47673,0,0
2025-10-20,2025-10-21,Money Management,Faster Payouts,34026.22016,0,0
2025-06-30,2025-07-01,Money Management,Financial Accounts,-5559.399741,0,0
2025-10-06,2025-10-07,Money Management,Other BaaS Products,-3876.89,0,0
2022-01-03,2022-01-04,Money Management,Other BaaS Products,-15341.97,,
2025-12-22,2025-12-27,Money Management,Mass Payouts,6245.820715,0,0
2025-09-15,2025-09-20,Money Management,Faster Payouts,24457.95767,0,0
2025-12-01,2025-12-07,Money Management,Mass Payouts,5156.132871,0,0
2022-07-04,2022-07-06,Money Management,Other BaaS Products,-9560.97,,
2022-07-25,2022-07-30,Money Management,Other BaaS Products,-9826.13,,
2024-10-21,2024-10-22,Money Management,Financial Accounts,0,,
2026-09-28,2026-10-04,Money Management,Bridge,,0,0
2026-07-06,2026-07-10,Money Management,Other BaaS Products,,0,0
2026-02-09,2026-02-15,Money Management,Bridge,0,0,0
2026-10-19,2026-10-19,Money Management,Other BaaS Products,,0,0
2026-01-26,2026-01-27,Money Management,Bridge,0,0,0
2025-11-10,2025-11-15,Money Management,Bridge,0,0,0
2026-06-29,2026-07-05,Money Management,Mass Payouts,,0,0
2026-07-06,2026-07-08,Money Management,Mass Payouts,,0,0
2026-11-30,2026-12-01,Money Management,Mass Payouts,,0,0
2026-12-21,2026-12-22,Money Management,Financial Accounts,,0,0
2026-08-17,2026-08-19,Money Management,Financial Accounts,,0,0
2026-11-16,2026-11-21,Money Management,Bridge,,0,0
2026-07-27,2026-07-28,Money Management,Faster Payouts,,0,0
2026-05-11,2026-05-14,Money Management,Money Management Stretch,,58666.88449,0
2026-06-15,2026-06-15,Money Management,Money Management Stretch,,61733.51194,0
2026-10-12,2026-10-17,Money Management,Financial Accounts,,0,0
2025-05-12,2025-05-15,Money Management,Bridge,0,0,0
2026-12-07,2026-12-11,Money Management,Bridge,,0,0
2025-02-24,2025-02-24,Money Management,Financial Accounts,0,0,0
2025-04-28,2025-04-29,Money Management,Bridge,0,0,0
2025-12-01,2025-12-07,Money Management,Bridge,0,0,0
2025-09-01,2025-09-01,Money Management,Other BaaS Products,-12870.91,0,0
2022-09-12,2022-09-13,Money Management,Other BaaS Products,-11244.7,,
2025-04-07,2025-04-10,Money Management,Other BaaS Products,-6853.66,0,0
2025-12-08,2025-12-13,Money Management,Other BaaS Products,-3307.41,0,0
2025-10-27,2025-10-31,Money Management,Financial Accounts,911951.079,847462.0729,847462.0729
2024-11-18,2024-11-21,Money Management,Mass Payouts,520,,
2025-12-08,2025-12-08,Money Management,Faster Payouts,28870.97853,0,0
2023-01-09,2023-01-11,Money Management,Other BaaS Products,-8010.17,,
2023-12-04,2023-12-05,Money Management,Other BaaS Products,-6476.57,,
2024-12-02,2024-12-04,Money Management,Financial Accounts,-0.02,,
2024-11-25,2024-11-30,Money Management,Mass Payouts,7,,
2022-11-14,2022-11-16,Money Management,Other BaaS Products,-10147.09,,
2025-05-05,2025-05-10,Money Management,Other BaaS Products,-5173.94,0,0
2024-12-30,2025-01-02,Money Management,Other BaaS Products,-17074.98,0,0
2026-04-06,2026-04-12,Money Management,Mass Payouts,20963.01166,0,0
2023-12-18,2023-12-21,Money Management,Other BaaS Products,-5069.73,,
2023-12-11,2023-12-12,Money Management,Other BaaS Products,-5885,,
2022-04-04,2022-04-08,Money Management,Other BaaS Products,-12604.94,,
2025-12-15,2025-12-16,Money Management,Financial Accounts,-4957.995698,0,0
2021-12-20,2021-12-21,Money Management,Other BaaS Products,-9633.45,,
2024-12-16,2024-12-18,Money Management,Mass Payouts,548,,
2023-05-29,2023-05-31,Money Management,Financial Accounts,298150.34,,
2021-12-27,2021-12-30,Money Management,Other BaaS Products,-9815.71,,
2025-08-11,2025-08-15,Money Management,Mass Payouts,3487.088483,0,0
2025-12-08,2025-12-11,Money Management,Financial Accounts,-4030.247882,0,0
2024-09-16,2024-09-21,Money Management,Other BaaS Products,-5078.94,,
2025-05-05,2025-05-09,Money Management,Financial Accounts,-4171.15,0,0
2026-02-16,2026-02-22,Money Management,Other BaaS Products,-2753.22,0,0
2021-12-27,2021-12-31,Money Management,Financial Accounts,-734560.21,,
2025-11-24,2025-11-30,Money Management,Mass Payouts,3659.610393,73387.96426,73387.96426
2025-05-12,2025-05-17,Money Management,Other BaaS Products,-3909.12,0,0
2026-02-16,2026-02-17,Money Management,Money Management Stretch,0,90388.06711,0
2026-08-24,2026-08-28,Money Management,Faster Payouts,,0,0
2026-09-14,2026-09-20,Money Management,Bridge,,0,0
2026-09-28,2026-09-29,Money Management,Faster Payouts,,0,0
2026-11-02,2026-11-05,Money Management,Bridge,,0,0
2026-07-06,2026-07-09,Money Management,Mass Payouts,,0,0
2026-05-18,2026-05-20,Money Management,Faster Payouts,,0,0
2026-10-26,2026-10-29,Money Management,Financial Accounts,,0,0
2026-10-26,2026-10-28,Money Management,Other BaaS Products,,0,0
2026-10-05,2026-10-11,Money Management,Financial Accounts,,0,0
2025-09-15,2025-09-20,Money Management,Bridge,0,0,0
2025-09-22,2025-09-28,Money Management,Bridge,0,0,0
2025-10-20,2025-10-25,Money Management,Bridge,0,0,0
2026-02-09,2026-02-11,Money Management,Money Management Stretch,0,90388.06711,0
2026-07-27,2026-08-01,Money Management,Faster Payouts,,0,0
2026-07-20,2026-07-22,Money Management,Other BaaS Products,,0,0
2026-03-16,2026-03-19,Money Management,Money Management Stretch,0,59782.24803,0
2026-12-21,2026-12-26,Money Management,Faster Payouts,,0,0
2025-06-02,2025-06-06,Money Management,Bridge,0,0,0
2026-03-09,2026-03-11,Money Management,Bridge,0,0,0
2026-11-30,2026-12-06,Money Management,Faster Payouts,,0,0
2026-04-27,2026-04-28,Money Management,Bridge,0,0,0
2026-04-06,2026-04-06,Money Management,Other BaaS Products,-3263.73,0,0
2026-03-02,2026-03-08,Money Management,Other BaaS Products,-4543.06,0,0
2025-12-22,2025-12-24,Money Management,Financial Accounts,-4606.336902,0,0
2022-04-11,2022-04-12,Money Management,Financial Accounts,8685.11,,
2026-01-19,2026-01-25,Money Management,Faster Payouts,23165.68571,0,0
2022-05-30,2022-06-05,Money Management,Other BaaS Products,-9112.19,,
2022-04-25,2022-04-29,Money Management,Other BaaS Products,-12045.16,,
2024-09-30,2024-10-05,Money Management,Faster Payouts,-0.5811519224,,
2026-03-23,2026-03-23,Money Management,Mass Payouts,23575.24641,0,0
2025-06-09,2025-06-09,Money Management,Faster Payouts,15550.59016,0,0
2026-03-02,2026-03-03,Money Management,Other BaaS Products,-4161.59,0,0
2021-11-29,2021-11-30,Money Management,Other BaaS Products,521354.4624,,
2026-04-27,2026-04-30,Money Management,Faster Payouts,,1304828.7,1408973.57
2023-01-23,2023-01-28,Money Management,Other BaaS Products,-7424.17,,
2024-12-30,2025-01-04,Money Management,Mass Payouts,54,0,0
2025-11-17,2025-11-23,Money Management,Other BaaS Products,-2383.17,0,0
2024-03-11,2024-03-12,Money Management,Other BaaS Products,-6538.92,,
2023-03-27,2023-03-30,Money Management,Other BaaS Products,-6950.35,,
2024-04-29,2024-05-05,Money Management,Other BaaS Products,-3860.7,,
2023-02-13,2023-02-15,Money Management,Other BaaS Products,-7627.85,,
2025-08-04,2025-08-08,Money Management,Financial Accounts,-218658.7026,0,0
2024-01-01,2024-01-07,Money Management,Other BaaS Products,-2862.2,,
2024-05-20,2024-05-26,Money Management,Other BaaS Products,-3537.4,,
2021-08-09,2021-08-15,Money Management,Other BaaS Products,-7090.17,,
2025-01-06,2025-01-07,Money Management,Faster Payouts,-6269.403149,0,0
2022-07-04,2022-07-08,Money Management,Other BaaS Products,-2291.54,,
2026-04-27,2026-04-28,Money Management,Mass Payouts,28404.18747,0,0
2025-11-17,2025-11-18,Money Management,Financial Accounts,-7362.618904,0,0
2026-03-09,2026-03-13,Money Management,Financial Accounts,-4554.154664,0,0
2025-07-07,2025-07-08,Money Management,Financial Accounts,1421226.847,0,0
2025-09-29,2025-10-02,Money Management,Financial Accounts,-17569.70398,0,0
2023-08-21,2023-08-25,Money Management,Other BaaS Products,-5815.49,,
2025-10-13,2025-10-14,Money Management,Mass Payouts,3034.581986,0,0
2023-07-17,2023-07-18,Money Management,Other BaaS Products,-7379.88,,
2024-07-15,2024-07-16,Money Management,Other BaaS Products,-5860.69,,
2025-06-09,2025-06-11,Money Management,Faster Payouts,16251.69598,0,0
2023-01-16,2023-01-21,Money Management,Other BaaS Products,-7432.73,,
2026-01-05,2026-01-10,Money Management,Other BaaS Products,-2962.49,0,0
2021-11-01,2021-11-04,Money Management,Financial Accounts,31091.36,,
2025-02-03,2025-02-03,Money Management,Other BaaS Products,-5699.94,0,0
2024-05-27,2024-05-27,Money Management,Other BaaS Products,-2992.22,,
2025-11-03,2025-11-03,Money Management,Other BaaS Products,-3447.25,0,0
2025-11-24,2025-11-26,Money Management,Mass Payouts,5753.465581,0,0
2024-10-28,2024-11-01,Money Management,Mass Payouts,1175.5,,
2024-10-07,2024-10-07,Money Management,Mass Payouts,131.75,,
2026-09-21,2026-09-22,Money Management,Faster Payouts,,0,0
2026-09-21,2026-09-25,Money Management,Money Management Stretch,,62366.64627,0
2026-12-14,2026-12-19,Money Management,Other BaaS Products,,0,0
2025-04-28,2025-05-03,Money Management,Mass Payouts,0,0,0
2026-05-11,2026-05-11,Money Management,Bridge,,0,0
2026-02-09,2026-02-09,Money Management,Bridge,0,0,0
2026-11-02,2026-11-04,Money Management,Financial Accounts,,0,0
2026-07-13,2026-07-17,Money Management,Mass Payouts,,0,0
2026-03-30,2026-04-03,Money Management,Money Management Stretch,0,59526.40594,0
2025-02-10,2025-02-14,Money Management,Financial Accounts,0,0,0
2026-09-28,2026-10-02,Money Management,Other BaaS Products,,0,0
2026-06-15,2026-06-16,Money Management,Bridge,,0,0
2026-08-31,2026-09-06,Money Management,Mass Payouts,,0,0
2026-11-09,2026-11-12,Money Management,Financial Accounts,,0,0
2026-06-29,2026-07-05,Money Management,Other BaaS Products,,0,0
2025-02-03,2025-02-07,Money Management,Bridge,0,0,0
2026-04-06,2026-04-07,Money Management,Bridge,0,0,0
2025-03-17,2025-03-19,Money Management,Bridge,0,0,0
2026-12-21,2026-12-24,Money Management,Other BaaS Products,,0,0
2026-05-25,2026-05-27,Money Management,Bridge,,0,0
2026-08-17,2026-08-17,Money Management,Mass Payouts,,0,0
2025-12-22,2025-12-27,Money Management,Bridge,0,0,0
2026-12-07,2026-12-09,Money Management,Mass Payouts,,0,0
2026-06-15,2026-06-21,Money Management,Other BaaS Products,,0,0
2025-03-31,2025-04-02,Money Management,Mass Payouts,0,0,0
2026-02-23,2026-03-01,Money Management,Other BaaS Products,-10305.82,0,0
2022-08-22,2022-08-26,Money Management,Other BaaS Products,-10051.45,,
2024-12-30,2025-01-02,Money Management,Mass Payouts,464,0,0
2025-03-03,2025-03-09,Money Management,Faster Payouts,0,0,0
2025-05-26,2025-05-27,Money Management,Faster Payouts,15887.22859,0,0
2022-11-28,2022-12-03,Money Management,Other BaaS Products,-16974.24,,
2023-01-09,2023-01-15,Money Management,Other BaaS Products,-4219.48,,
2025-08-18,2025-08-20,Money Management,Mass Payouts,2438.118547,0,0
2025-03-31,2025-04-01,Money Management,Other BaaS Products,-16322.29,0,0
2026-01-19,2026-01-22,Money Management,Faster Payouts,56346.26105,0,0
2025-05-05,2025-05-07,Money Management,Financial Accounts,1528420.16,0,0
2025-04-14,2025-04-15,Money Management,Mass Payouts,-1.58,0,0
2025-05-05,2025-05-09,Money Management,Faster Payouts,13686.38715,0,0
2022-12-12,2022-12-13,Money Management,Other BaaS Products,-8256.57,,
2023-07-31,2023-08-04,Money Management,Other BaaS Products,-8407.68,,
2022-11-28,2022-12-04,Money Management,Other BaaS Products,-10028.02,,
2025-11-24,2025-11-27,Money Management,Mass Payouts,2601.715479,0,0
2026-03-23,2026-03-28,Money Management,Mass Payouts,19288.77527,0,0
2025-04-28,2025-05-03,Money Management,Other BaaS Products,-6230.48,0,0
2025-07-14,2025-07-14,Money Management,Mass Payouts,2244.763406,0,0
2023-08-14,2023-08-20,Money Management,Other BaaS Products,-3458.65,,
2024-12-09,2024-12-11,Money Management,Other BaaS Products,-8537.82,,
2023-12-04,2023-12-08,Money Management,Other BaaS Products,-14008.14,,
2021-11-29,2021-12-05,Money Management,Other BaaS Products,-7059.91,,
2024-11-04,2024-11-04,Money Management,Mass Payouts,163,,
2022-10-24,2022-10-29,Money Management,Other BaaS Products,-15873.48,,
2025-12-08,2025-12-08,Money Management,Financial Accounts,-287972.1038,0,0
2024-07-01,2024-07-03,Money Management,Mass Payouts,19.25,,
2026-05-18,2026-05-18,Money Management,Mass Payouts,,0,0
2025-03-31,2025-04-02,Money Management,Bridge,0,0,0
2025-06-23,2025-06-24,Money Management,Bridge,0,0,0
2025-02-10,2025-02-10,Money Management,Financial Accounts,0,0,0
2026-06-01,2026-06-06,Money Management,Bridge,,0,0
2026-11-02,2026-11-08,Money Management,Mass Payouts,,0,0
2026-03-23,2026-03-23,Money Management,Bridge,0,0,0
2026-07-13,2026-07-18,Money Management,Mass Payouts,,0,0
2025-03-31,2025-04-05,Money Management,Mass Payouts,0,0,0
2026-11-30,2026-12-06,Money Management,Financial Accounts,,0,0
2025-07-21,2025-07-22,Money Management,Bridge,0,0,0
2026-06-08,2026-06-11,Money Management,Other BaaS Products,,0,0
2026-06-22,2026-06-26,Money Management,Other BaaS Products,,0,0
2026-10-19,2026-10-25,Money Management,Faster Payouts,,0,0
2025-02-17,2025-02-21,Money Management,Bridge,0,0,0
2026-04-13,2026-04-14,Money Management,Bridge,0,0,0
2026-05-25,2026-05-30,Money Management,Other BaaS Products,,0,0
2026-11-09,2026-11-09,Money Management,Other BaaS Products,,0,0
2025-09-22,2025-09-23,Money Management,Bridge,0,0,0
2026-07-06,2026-07-11,Money Management,Financial Accounts,,0,0
2026-07-13,2026-07-16,Money Management,Money Management Stretch,,58531.61449,0
2025-05-26,2025-05-30,Money Management,Financial Accounts,-5326.45,0,0
2022-11-14,2022-11-14,Money Management,Other BaaS Products,-5106.88,,
2022-12-12,2022-12-13,Money Management,Financial Accounts,-45703.97,,
2025-10-20,2025-10-24,Money Management,Faster Payouts,34107.57318,0,0
2026-02-02,2026-02-03,Money Management,Financial Accounts,-5482.685795,0,0
2025-08-11,2025-08-17,Money Management,Mass Payouts,696.4903161,0,0
2026-02-23,2026-02-28,Money Management,Faster Payouts,673401.5566,1249083.62,1776195.736
2024-01-22,2024-01-27,Money Management,Other BaaS Products,-4234.7,,
2021-09-20,2021-09-25,Money Management,Other BaaS Products,-9941.19,,
2023-12-11,2023-12-11,Money Management,Other BaaS Products,-4573.77,,
2022-10-17,2022-10-19,Money Management,Other BaaS Products,-8588.19,,
2025-01-20,2025-01-24,Money Management,Faster Payouts,0,0,0
2023-10-16,2023-10-22,Money Management,Other BaaS Products,-2980.01,,
2026-01-05,2026-01-05,Money Management,Financial Accounts,-4740.017079,0,0
2023-01-30,2023-02-03,Money Management,Other BaaS Products,-17844.63,,
2022-03-14,2022-03-16,Money Management,Other BaaS Products,-11827.89,,
2024-09-16,2024-09-22,Money Management,Other BaaS Products,-4398.21,,
2024-11-18,2024-11-20,Money Management,Mass Payouts,439.5,,
2025-03-24,2025-03-25,Money Management,Financial Accounts,-5162.09834,0,0
2022-10-31,2022-11-04,Money Management,Financial Accounts,-780.02,,
2026-04-20,2026-04-24,Money Management,Financial Accounts,-4412.338248,0,0
2022-11-28,2022-11-30,Money Management,Financial Accounts,134844.38,,
2022-09-12,2022-09-18,Money Management,Other BaaS Products,-7320.07,,
2021-09-20,2021-09-24,Money Management,Other BaaS Products,18491.76,,
2022-06-06,2022-06-10,Money Management,Other BaaS Products,-22784.32,,
2026-02-02,2026-02-07,Money Management,Financial Accounts,-5929.40229,0,0
2026-02-09,2026-02-12,Money Management,Other BaaS Products,-3326.25,0,0
2024-12-02,2024-12-06,Money Management,Mass Payouts,1256.25,,
2023-03-20,2023-03-23,Money Management,Other BaaS Products,-6960.22,,
2025-12-01,2025-12-03,Money Management,Faster Payouts,43930.45608,0,0
2023-11-27,2023-12-02,Money Management,Other BaaS Products,-13654.6,,
2025-11-03,2025-11-08,Money Management,Other BaaS Products,-4800.36,0,0
2026-03-09,2026-03-12,Money Management,Faster Payouts,31988.81239,0,0
2025-04-14,2025-04-14,Money Management,Financial Accounts,-4047.658002,0,0
2026-01-19,2026-01-25,Money Management,Money Management Stretch,0,81627.68351,0
2026-03-30,2026-04-01,Money Management,Money Management Stretch,0,59526.40594,0
2026-11-16,2026-11-17,Money Management,Money Management Stretch,,62240.57827,0
2026-08-17,2026-08-20,Money Management,Mass Payouts,,0,0
2025-07-07,2025-07-10,Money Management,Bridge,0,0,0
2026-05-25,2026-05-31,Money Management,Financial Accounts,,925449.73,942229.8
2025-04-21,2025-04-24,Money Management,Mass Payouts,0,0,0
2026-02-09,2026-02-13,Money Management,Money Management Stretch,0,90388.06711,0
2025-06-30,2025-07-03,Money Management,Bridge,0,0,0
2026-10-26,2026-10-30,Money Management,Money Management Stretch,,61959.00061,0
2025-02-10,2025-02-15,Money Management,Faster Payouts,0,0,0
2026-03-30,2026-03-31,Money Management,Money Management Stretch,0,59782.24803,0
2026-06-22,2026-06-23,Money Management,Financial Accounts,,0,0
2025-07-07,2025-07-12,Money Management,Bridge,0,0,0
2026-06-29,2026-06-29,Money Management,Faster Payouts,,0,0
2026-08-03,2026-08-09,Money Management,Other BaaS Products,,0,0
2025-03-24,2025-03-26,Money Management,Faster Payouts,0,0,0
2026-06-22,2026-06-26,Money Management,Financial Accounts,,0,0
2026-06-29,2026-07-03,Money Management,Financial Accounts,,0,0
2026-08-03,2026-08-06,Money Management,Money Management Stretch,,55698.44481,0
2025-08-04,2025-08-04,Money Management,Faster Payouts,27217.97113,0,0
2022-02-07,2022-02-13,Money Management,Other BaaS Products,-9365.43,,
2025-05-12,2025-05-15,Money Management,Faster Payouts,23678.96113,0,0
2025-11-03,2025-11-07,Money Management,Mass Payouts,3331.746539,0,0
2025-10-20,2025-10-25,Money Management,Mass Payouts,170.0663876,0,0
2026-03-30,2026-04-01,Money Management,Faster Payouts,97209.8335,0,0
2024-06-10,2024-06-14,Money Management,Other BaaS Products,-6727.97,,
2022-10-03,2022-10-04,Money Management,Other BaaS Products,-11999.86,,
2023-01-09,2023-01-12,Money Management,Other BaaS Products,-6953.64,,
2024-06-03,2024-06-06,Money Management,Mass Payouts,34,,
2021-03-01,2021-03-05,Money Management,Other BaaS Products,36100.78,,
2021-06-28,2021-07-02,Money Management,Other BaaS Products,76547.98,,
2021-10-25,2021-10-27,Money Management,Other BaaS Products,-20696.77,,
2025-09-01,2025-09-05,Money Management,Other BaaS Products,-2506.1,0,0
2025-07-14,2025-07-19,Money Management,Mass Payouts,49.36,0,0
2025-09-15,2025-09-15,Money Management,Financial Accounts,-5439.492147,0,0
2025-01-06,2025-01-10,Money Management,Other BaaS Products,-5750.69,0,0
2021-10-04,2021-10-06,Money Management,Other BaaS Products,-13676.38,,
2025-07-07,2025-07-11,Money Management,Mass Payouts,2950.64428,0,0
2025-02-24,2025-02-24,Money Management,Mass Payouts,399,0,0
2022-01-10,2022-01-12,Money Management,Other BaaS Products,-13069.92,,
2021-12-13,2021-12-13,Money Management,Financial Accounts,-36961.22,,
2024-08-26,2024-08-31,Money Management,Financial Accounts,1821304.19,,
2024-04-01,2024-04-01,Money Management,Financial Accounts,-503332.64,,
2025-12-15,2025-12-15,Money Management,Mass Payouts,8847.250962,0,0
2025-03-10,2025-03-10,Money Management,Mass Payouts,438,0,0
2025-11-24,2025-11-24,Money Management,Faster Payouts,27184.65185,0,0
2025-05-05,2025-05-07,Money Management,Faster Payouts,11962.60349,0,0
2024-12-23,2024-12-29,Money Management,Other BaaS Products,-2119.95,,
2025-12-08,2025-12-11,Money Management,Other BaaS Products,-3321.21,0,0
2026-01-26,2026-01-30,Money Management,Financial Accounts,-4523.949421,0,0
2023-06-12,2023-06-13,Money Management,Other BaaS Products,-7960.27,,
2025-01-06,2025-01-11,Money Management,Other BaaS Products,-4642.17,0,0
2024-09-30,2024-10-03,Money Management,Mass Payouts,87,,
2024-04-22,2024-04-24,Money Management,Financial Accounts,0.75,,
2026-10-12,2026-10-12,Money Management,Money Management Stretch,,61959.00061,0
2026-03-16,2026-03-16,Money Management,Money Management Stretch,0,59782.24803,0
2026-04-20,2026-04-23,Money Management,Money Management Stretch,0,59526.40594,0
2026-11-23,2026-11-25,Money Management,Money Management Stretch,,62240.57827,0
2026-03-16,2026-03-21,Money Management,Money Management Stretch,0,59782.24803,0
2026-07-13,2026-07-15,Money Management,Faster Payouts,,0,0
2026-04-06,2026-04-10,Money Management,Bridge,0,0,0
2026-06-08,2026-06-14,Money Management,Bridge,,0,0
2026-05-18,2026-05-23,Money Management,Financial Accounts,,0,0
2025-02-17,2025-02-20,Money Management,Faster Payouts,0,0,0
2025-02-03,2025-02-08,Money Management,Faster Payouts,0,0,0
2025-05-12,2025-05-14,Money Management,Mass Payouts,0,0,0
2026-04-20,2026-04-22,Money Management,Money Management Stretch,0,59526.40594,0
2025-06-09,2025-06-11,Money Management,Bridge,0,0,0
2026-11-16,2026-11-22,Money Management,Faster Payouts,,0,0
2026-11-23,2026-11-29,Money Management,Bridge,,0,0
2026-05-25,2026-05-25,Money Management,Financial Accounts,,0,0
2026-10-19,2026-10-21,Money Management,Bridge,,0,0
2026-02-23,2026-02-27,Money Management,Bridge,0,0,0
2025-01-06,2025-01-12,Money Management,Mass Payouts,0,0,0
2026-07-27,2026-08-02,Money Management,Money Management Stretch,,55698.44481,0
2026-04-27,2026-04-27,Money Management,Bridge,0,0,0
2025-03-03,2025-03-03,Money Management,Financial Accounts,0,0,0
2026-05-11,2026-05-13,Money Management,Financial Accounts,,0,0
2026-10-05,2026-10-11,Money Management,Other BaaS Products,,0,0
2026-07-20,2026-07-26,Money Management,Financial Accounts,,0,0
2026-05-11,2026-05-16,Money Management,Financial Accounts,,0,0
2026-09-21,2026-09-23,Money Management,Mass Payouts,,0,0
2025-10-27,2025-10-27,Money Management,Financial Accounts,-44632.56,0,0
2024-12-16,2024-12-22,Money Management,Other BaaS Products,-2415.39,,
2021-06-21,2021-06-25,Money Management,Other BaaS Products,45771.81,,
2024-05-27,2024-05-31,Money Management,Financial Accounts,1629091.29,,
2023-04-03,2023-04-09,Money Management,Other BaaS Products,-4859.99,,
2025-08-04,2025-08-07,Money Management,Financial Accounts,1521023.27,0,0
2026-03-16,2026-03-17,Money Management,Mass Payouts,23510.56316,0,0
2024-07-15,2024-07-18,Money Management,Other BaaS Products,-7290.9,,
2024-07-08,2024-07-14,Money Management,Other BaaS Products,-3739.74,,
2024-10-28,2024-11-01,Money Management,Other BaaS Products,-14364.18,,
2026-02-16,2026-02-18,Money Management,Mass Payouts,47592.64363,0,0
2025-06-16,2025-06-17,Money Management,Financial Accounts,-6830.81,0,0
2025-07-21,2025-07-21,Money Management,Other BaaS Products,-2104.42,0,0
2022-04-04,2022-04-09,Money Management,Other BaaS Products,-10985.67,,
2025-09-29,2025-10-05,Money Management,Financial Accounts,-6404.13,0,0
2025-09-15,2025-09-16,Money Management,Mass Payouts,2183.584106,0,0
2025-03-03,2025-03-04,Money Management,Financial Accounts,-49538.44,0,0
2025-04-28,2025-04-29,Money Management,Financial Accounts,-4458.818578,0,0
2021-07-05,2021-07-06,Money Management,Other BaaS Products,75330.25,,
2026-02-23,2026-02-24,Money Management,Other BaaS Products,-3533.33,0,0
2026-02-23,2026-03-01,Money Management,Mass Payouts,22225.85118,0,0
2025-07-21,2025-07-24,Money Management,Faster Payouts,20306.02024,0,0
2025-10-20,2025-10-23,Money Management,Other BaaS Products,-3513.96,0,0
2024-07-01,2024-07-01,Money Management,Faster Payouts,184203.5325,,
2021-09-13,2021-09-13,Money Management,Other BaaS Products,-6505.37,,
2025-07-14,2025-07-17,Money Management,Financial Accounts,-4252.634088,0,0
2022-09-05,2022-09-10,Money Management,Other BaaS Products,-9299.7,,
2023-02-27,2023-03-02,Money Management,Other BaaS Products,-16337.75,,
2026-02-02,2026-02-05,Money Management,Mass Payouts,16276.8319,0,0
2026-04-13,2026-04-19,Money Management,Other BaaS Products,-2566.2,0,0
2023-05-29,2023-05-30,Money Management,Other BaaS Products,-4793,,
2025-09-22,2025-09-28,Money Management,Mass Payouts,414.6241485,0,0
2026-10-19,2026-10-22,Money Management,Money Management Stretch,,61959.00061,0
2026-02-23,2026-02-28,Money Management,Money Management Stretch,0,90388.06711,0
2026-03-09,2026-03-15,Money Management,Bridge,0,0,0
2026-05-11,2026-05-11,Money Management,Mass Payouts,,0,0
2026-09-14,2026-09-16,Money Management,Faster Payouts,,0,0
2026-11-30,2026-12-01,Money Management,Bridge,,0,0
2026-05-04,2026-05-06,Money Management,Money Management Stretch,,58666.88449,0
2026-08-03,2026-08-08,Money Management,Financial Accounts,,0,0
2025-02-10,2025-02-10,Money Management,Faster Payouts,0,0,0
2026-10-26,2026-10-30,Money Management,Faster Payouts,,0,0
2026-12-07,2026-12-10,Money Management,Faster Payouts,,0,0
2025-10-27,2025-10-30,Money Management,Bridge,0,0,0
2026-09-07,2026-09-12,Money Management,Bridge,,0,0
2026-05-11,2026-05-17,Money Management,Money Management Stretch,,58666.88449,0
2025-02-17,2025-02-23,Money Management,Bridge,0,0,0
2026-06-08,2026-06-13,Money Management,Other BaaS Products,,0,0
2025-08-11,2025-08-15,Money Management,Bridge,0,0,0
2026-06-01,2026-06-03,Money Management,Money Management Stretch,,61733.51194,0
2026-06-08,2026-06-09,Money Management,Mass Payouts,,0,0
2026-05-11,2026-05-13,Money Management,Other BaaS Products,,0,0
2026-10-05,2026-10-08,Money Management,Faster Payouts,,0,0
2025-09-08,2025-09-13,Money Management,Bridge,0,0,0
2023-08-21,2023-08-23,Money Management,Other BaaS Products,-8170.52,,
2025-10-06,2025-10-07,Money Management,Mass Payouts,1881.013343,0,0
2025-09-01,2025-09-04,Money Management,Financial Accounts,-31120.58414,0,0
2024-12-16,2024-12-16,Money Management,Financial Accounts,0,,
2025-11-03,2025-11-07,Money Management,Faster Payouts,-69066.31409,0,0
2023-09-18,2023-09-21,Money Management,Other BaaS Products,-6370.59,,
2025-09-22,2025-09-28,Money Management,Other BaaS Products,-1963.99,0,0
2023-02-13,2023-02-16,Money Management,Other BaaS Products,-6651.27,,
2023-02-06,2023-02-11,Money Management,Other BaaS Products,-9814.45,,
2023-06-12,2023-06-16,Money Management,Other BaaS Products,-5773.76,,
2025-07-14,2025-07-16,Money Management,Mass Payouts,2191.433888,0,0
2025-05-12,2025-05-15,Money Management,Other BaaS Products,-6770.32,0,0
2025-12-29,2025-12-31,Money Management,Faster Payouts,611711.4506,1722187.403,1722187.403
2024-07-01,2024-07-04,Money Management,Other BaaS Products,-7347.27,,
2024-08-05,2024-08-10,Money Management,Other BaaS Products,-4676.68,,
2026-01-12,2026-01-16,Money Management,Faster Payouts,68507.19143,0,0
2022-08-29,2022-09-03,Money Management,Other BaaS Products,-28444,,
2022-03-07,2022-03-08,Money Management,Other BaaS Products,-9970.38,,
2024-10-07,2024-10-10,Money Management,Financial Accounts,-297124.71,,
2022-08-01,2022-08-04,Money Management,Other BaaS Products,-18170.66,,
2022-04-25,2022-05-01,Money Management,Other BaaS Products,-9054.03,,
2025-07-28,2025-07-28,Money Management,Financial Accounts,165876.9816,0,0
2024-03-04,2024-03-08,Money Management,Financial Accounts,0,,
2026-07-06,2026-07-10,Money Management,Money Management Stretch,,58531.61449,0
2026-07-20,2026-07-20,Money Management,Financial Accounts,,0,0
2025-03-10,2025-03-13,Money Management,Faster Payouts,0,0,0
2026-06-15,2026-06-21,Money Management,Mass Payouts,,0,0
2026-07-13,2026-07-15,Money Management,Bridge,,0,0
2026-05-18,2026-05-18,Money Management,Bridge,,0,0
2026-11-02,2026-11-05,Money Management,Money Management Stretch,,62240.57827,0
2026-09-28,2026-09-30,Money Management,Bridge,,7331930,7013900
2026-12-14,2026-12-19,Money Management,Mass Payouts,,0,0
2026-02-09,2026-02-10,Money Management,Money Management Stretch,0,90388.06711,0
2026-07-27,2026-07-27,Money Management,Mass Payouts,,0,0
2026-04-27,2026-04-29,Money Management,Money Management Stretch,0,59526.40594,0
2025-03-24,2025-03-27,Money Management,Bridge,0,0,0
2026-07-13,2026-07-18,Money Management,Other BaaS Products,,0,0
2026-08-31,2026-09-04,Money Management,Financial Accounts,,0,0
2026-09-07,2026-09-10,Money Management,Mass Payouts,,0,0
2025-05-05,2025-05-06,Money Management,Bridge,0,0,0
2025-04-28,2025-04-28,Money Management,Mass Payouts,0,0,0
2026-12-14,2026-12-15,Money Management,Mass Payouts,,0,0
2026-10-19,2026-10-20,Money Management,Mass Payouts,,0,0
2026-08-31,2026-09-05,Money Management,Money Management Stretch,,62366.64627,0
2026-11-30,2026-12-05,Money Management,Other BaaS Products,,0,0
2026-12-28,2026-12-29,Money Management,Money Management Stretch,,62996.05707,0
2026-05-18,2026-05-24,Money Management,Bridge,,0,0
2026-06-08,2026-06-11,Money Management,Financial Accounts,,0,0
2025-01-20,2025-01-21,Money Management,Faster Payouts,0,0,0
2026-05-18,2026-05-22,Money Management,Faster Payouts,,0,0
2022-01-17,2022-01-17,Money Management,Other BaaS Products,-10780.58,,
2025-09-22,2025-09-25,Money Management,Mass Payouts,1962.98991,0,0
2021-12-27,2022-01-02,Money Management,Other BaaS Products,-8730.7,,
2024-04-08,2024-04-09,Money Management,Other BaaS Products,142502.01,,
2024-08-26,2024-09-01,Money Management,Other BaaS Products,-8630.09,,
2025-09-22,2025-09-26,Money Management,Financial Accounts,-5037.028584,0,0
2024-03-25,2024-03-31,Money Management,Other BaaS Products,276583.73,,
2025-11-24,2025-11-27,Money Management,Financial Accounts,-7230.953584,0,0
2022-11-07,2022-11-13,Money Management,Other BaaS Products,-6425.18,,
2024-08-05,2024-08-05,Money Management,Financial Accounts,0,,
2024-07-01,2024-07-03,Money Management,Other BaaS Products,-9696.78,,
2024-04-01,2024-04-06,Money Management,Other BaaS Products,-5040.67,,
2025-01-27,2025-02-01,Money Management,Faster Payouts,494638.8941,0,0
2025-11-03,2025-11-05,Money Management,Financial Accounts,-4207.613357,0,0
2022-06-13,2022-06-19,Money Management,Other BaaS Products,-6822.72,,
2024-11-25,2024-12-01,Money Management,Financial Accounts,-796112.4,,
2023-06-05,2023-06-07,Money Management,Financial Accounts,362694.45,,
2025-05-26,2025-05-26,Money Management,Mass Payouts,2.641599647,0,0
2023-10-02,2023-10-03,Money Management,Financial Accounts,0,,
2025-12-08,2025-12-09,Money Management,Financial Accounts,-6214.515312,0,0
2025-12-29,2025-12-31,Money Management,Financial Accounts,1614924.29,1775677.47,1775677.47
2025-10-13,2025-10-13,Money Management,Mass Payouts,750.2933051,0,0
2022-08-08,2022-08-12,Money Management,Other BaaS Products,-9064.94,,
2025-12-29,2026-01-03,Money Management,Faster Payouts,37599.45587,0,0
2025-09-29,2025-09-29,Money Management,Financial Accounts,3385.74,0,0
2026-02-23,2026-02-25,Money Management,Financial Accounts,-3450.96778,0,0
2026-01-05,2026-01-08,Money Management,Other BaaS Products,-3467.51,0,0
2022-04-04,2022-04-06,Money Management,Other BaaS Products,-6016.46,,
2025-03-31,2025-04-05,Money Management,Other BaaS Products,-8999.31,0,0
2025-06-16,2025-06-17,Money Management,Mass Payouts,1419.618299,0,0
2025-03-17,2025-03-18,Money Management,Faster Payouts,0,0,0
2026-08-31,2026-09-03,Money Management,Financial Accounts,,0,0
2026-09-14,2026-09-19,Money Management,Mass Payouts,,0,0
2026-11-09,2026-11-09,Money Management,Mass Payouts,,0,0
2026-03-30,2026-04-05,Money Management,Money Management Stretch,0,59526.40594,0
2026-05-11,2026-05-16,Money Management,Faster Payouts,,0,0
2025-04-21,2025-04-26,Money Management,Mass Payouts,0,0,0
2025-12-22,2025-12-26,Money Management,Bridge,0,0,0
2026-02-09,2026-02-09,Money Management,Money Management Stretch,0,90388.06711,0
2025-09-22,2025-09-22,Money Management,Bridge,0,0,0
2026-10-12,2026-10-18,Money Management,Financial Accounts,,0,0
2026-08-31,2026-09-03,Money Management,Money Management Stretch,,62366.64627,0
2026-06-22,2026-06-24,Money Management,Other BaaS Products,,0,0
2026-06-01,2026-06-03,Money Management,Bridge,,0,0
2026-10-05,2026-10-10,Money Management,Mass Payouts,,0,0
2026-08-17,2026-08-18,Money Management,Bridge,,0,0
2025-07-28,2025-07-28,Money Management,Bridge,0,0,0
2026-07-20,2026-07-21,Money Management,Faster Payouts,,0,0
2026-07-20,2026-07-20,Money Management,Bridge,,0,0
2026-10-19,2026-10-21,Money Management,Financial Accounts,,0,0
2026-07-27,2026-07-29,Money Management,Mass Payouts,,0,0
2025-05-26,2025-06-01,Money Management,Faster Payouts,34646.12553,0,0
2021-08-30,2021-09-02,Money Management,Other BaaS Products,-15285.4,,
2022-02-28,2022-02-28,Money Management,Financial Accounts,-28850.3,,
2024-10-21,2024-10-22,Money Management,Other BaaS Products,-5983.57,,
2026-03-16,2026-03-18,Money Management,Other BaaS Products,-4742.89,0,0
2025-06-16,2025-06-18,Money Management,Mass Payouts,1693.077028,0,0
2026-04-13,2026-04-17,Money Management,Mass Payouts,21169.32202,0,0
2026-04-13,2026-04-14,Money Management,Financial Accounts,18708.52361,0,0
2023-04-24,2023-04-30,Money Management,Financial Accounts,937015.04,,
2026-03-02,2026-03-02,Money Management,Faster Payouts,61545.1344,0,0
2026-03-16,2026-03-17,Money Management,Financial Accounts,-4733.667687,0,0
2023-03-13,2023-03-16,Money Management,Financial Accounts,-26270.47,,
2026-04-06,2026-04-07,Money Management,Faster Payouts,-102564.0441,0,0
2025-04-07,2025-04-09,Money Management,Faster Payouts,13090.90184,0,0
2025-11-10,2025-11-10,Money Management,Mass Payouts,2510.823774,0,0
2024-11-11,2024-11-13,Money Management,Faster Payouts,0,,
2025-06-16,2025-06-22,Money Management,Faster Payouts,11780.12444,0,0
2025-12-29,2025-12-30,Money Management,Other BaaS Products,-3193.68,0,0
2026-03-02,2026-03-03,Money Management,Financial Accounts,-5207.40947,0,0
2024-12-30,2025-01-04,Money Management,Other BaaS Products,-5254.79,0,0
2025-07-28,2025-07-28,Money Management,Mass Payouts,2347.173047,0,0
2025-04-14,2025-04-19,Money Management,Other BaaS Products,-3811.4,0,0
2024-08-12,2024-08-16,Money Management,Other BaaS Products,-5887.88,,
2026-02-02,2026-02-03,Money Management,Mass Payouts,11741.95019,0,0
2026-02-16,2026-02-22,Money Management,Financial Accounts,-6707.801772,0,0
2025-06-30,2025-07-06,Money Management,Financial Accounts,-5630.29,0,0
2024-06-24,2024-06-26,Money Management,Other BaaS Products,-6837.79,,
2025-01-06,2025-01-06,Money Management,Other BaaS Products,1619.62,0,0
2023-11-06,2023-11-11,Money Management,Other BaaS Products,-6763.58,,
2025-09-22,2025-09-22,Money Management,Mass Payouts,2068.498675,0,0
2024-12-23,2024-12-25,Money Management,Other BaaS Products,-2774.25,,
2023-05-29,2023-05-30,Money Management,Financial Accounts,0.01,,
2023-10-02,2023-10-05,Money Management,Other BaaS Products,-3440.59,,
2021-11-08,2021-11-10,Money Management,Financial Accounts,-31091.36,,
2026-04-06,2026-04-06,Money Management,Faster Payouts,51601.03485,0,0
2025-10-06,2025-10-07,Money Management,Financial Accounts,1670581.07,0,0
2024-10-28,2024-10-28,Money Management,Mass Payouts,200.5,,
2022-06-13,2022-06-13,Money Management,Other BaaS Products,-6845.68,,
2022-04-04,2022-04-05,Money Management,Other BaaS Products,-15228.17,,
2024-09-09,2024-09-13,Money Management,Mass Payouts,517.5,,
2026-01-26,2026-01-28,Money Management,Faster Payouts,59035.1614,0,0
2023-07-24,2023-07-29,Money Management,Other BaaS Products,-4881.48,,
2025-01-27,2025-02-01,Money Management,Other BaaS Products,-9973.97,0,0
2024-03-18,2024-03-23,Money Management,Other BaaS Products,-5198.68,,
2024-11-25,2024-11-29,Money Management,Mass Payouts,185,,
2021-03-29,2021-03-31,Money Management,Other BaaS Products,105686.4054,,
2025-12-15,2025-12-18,Money Management,Other BaaS Products,-4024.72,0,0
2022-10-10,2022-10-10,Money Management,Other BaaS Products,-5418.08,,
2025-12-29,2026-01-02,Money Management,Money Management Stretch,0,81627.68351,0
2026-01-26,2026-01-29,Money Management,Bridge,0,0,0
2026-02-23,2026-02-24,Money Management,Money Management Stretch,0,90388.06711,0
2026-06-29,2026-07-01,Money Management,Faster Payouts,,0,0
2025-02-03,2025-02-07,Money Management,Faster Payouts,0,0,0
2026-07-27,2026-08-02,Money Management,Other BaaS Products,,0,0
2025-11-03,2025-11-04,Money Management,Bridge,0,0,0
2026-07-20,2026-07-20,Money Management,Mass Payouts,,0,0
2026-07-20,2026-07-24,Money Management,Faster Payouts,,0,0
2026-06-08,2026-06-10,Money Management,Faster Payouts,,0,0
2026-05-25,2026-05-28,Money Management,Money Management Stretch,,58666.88449,0
2026-12-28,2026-12-28,Money Management,Mass Payouts,,0,0
2026-05-25,2026-05-28,Money Management,Bridge,,0,0
2025-01-06,2025-01-12,Money Management,Faster Payouts,0,0,0
2026-06-15,2026-06-15,Money Management,Other BaaS Products,,0,0
2026-11-09,2026-11-09,Money Management,Bridge,,0,0
2026-06-01,2026-06-03,Money Management,Mass Payouts,,0,0
2026-06-08,2026-06-12,Money Management,Mass Payouts,,0,0
2026-08-10,2026-08-14,Money Management,Financial Accounts,,0,0
2026-04-27,2026-04-28,Money Management,Money Management Stretch,0,59526.40594,0
2026-04-27,2026-05-01,Money Management,Money Management Stretch,,58666.88449,0
2026-10-19,2026-10-22,Money Management,Mass Payouts,,0,0
2026-08-03,2026-08-09,Money Management,Faster Payouts,,0,0
2026-08-31,2026-09-02,Money Management,Other BaaS Products,,0,0
2025-06-09,2025-06-09,Money Management,Other BaaS Products,-3057.73,0,0
2025-10-13,2025-10-17,Money Management,Financial Accounts,-6611.480474,0,0
2026-02-23,2026-02-27,Money Management,Financial Accounts,-4640.439861,0,0
2025-06-30,2025-07-04,Money Management,Faster Payouts,18980.37887,0,0
2024-07-22,2024-07-26,Money Management,Other BaaS Products,-10516.85,,
2025-08-18,2025-08-21,Money Management,Other BaaS Products,-4851.12,0,0
2023-07-03,2023-07-06,Money Management,Other BaaS Products,-8307.51,,
2022-05-16,2022-05-19,Money Management,Other BaaS Products,-12196.77,,
2023-12-25,2023-12-29,Money Management,Other BaaS Products,-4887.43,,
2023-05-01,2023-05-03,Money Management,Other BaaS Products,-21382.61,,
2022-06-06,2022-06-10,Money Management,Financial Accounts,7135.16,,
2025-06-30,2025-07-01,Money Management,Other BaaS Products,-10553.54,0,0
2025-10-20,2025-10-26,Money Management,Mass Payouts,135.077383,0,0
2024-01-01,2024-01-04,Money Management,Financial Accounts,0.01,,
2025-10-27,2025-11-01,Money Management,Financial Accounts,-5486.94,0,0
2025-07-07,2025-07-07,Money Management,Faster Payouts,-94477.05033,0,0
2026-03-09,2026-03-10,Money Management,Mass Payouts,17275.5709,0,0
2025-08-04,2025-08-04,Money Management,Financial Accounts,-5003.899238,0,0
2025-11-03,2025-11-06,Money Management,Other BaaS Products,-4266.81,0,0
2023-05-15,2023-05-20,Money Management,Other BaaS Products,-5903.01,,
2024-09-23,2024-09-26,Money Management,Financial Accounts,0,,
2025-05-19,2025-05-20,Money Management,Faster Payouts,16014.38353,0,0
2023-10-09,2023-10-13,Money Management,Other BaaS Products,-6593.12,,
2025-12-22,2025-12-28,Money Management,Financial Accounts,262361.4839,0,0
2025-03-31,2025-04-01,Money Management,Mass Payouts,107.2831993,0,0
2025-08-25,2025-08-31,Money Management,Financial Accounts,2817676.893,709752.6295,709752.6295
2026-04-20,2026-04-21,Money Management,Faster Payouts,56224.96577,0,0
2025-08-18,2025-08-22,Money Management,Faster Payouts,25859.65144,0,0
2025-12-01,2025-12-05,Money Management,Financial Accounts,1774418.353,0,0
2025-04-28,2025-05-02,Money Management,Financial Accounts,-5492.07537,0,0
2024-07-29,2024-08-01,Money Management,Faster Payouts,112614.0765,,
2023-07-31,2023-07-31,Money Management,Other BaaS Products,264488.05,,
2022-07-04,2022-07-07,Money Management,Other BaaS Products,-11801.52,,
2024-04-22,2024-04-23,Money Management,Other BaaS Products,-6299.11,,
2025-09-08,2025-09-09,Money Management,Mass Payouts,1975.794697,0,0
2024-09-09,2024-09-11,Money Management,Mass Payouts,49.75,,
2023-05-29,2023-06-04,Money Management,Financial Accounts,0,,
2025-11-10,2025-11-15,Money Management,Financial Accounts,-6776.000651,0,0
2026-03-23,2026-03-24,Money Management,Other BaaS Products,-2949.57,0,0
2026-04-13,2026-04-19,Money Management,Financial Accounts,-5744.037222,0,0
2025-10-06,2025-10-06,Money Management,Faster Payouts,31070.44276,0,0
2023-04-03,2023-04-06,Money Management,Other BaaS Products,-10977.25,,
2025-05-12,2025-05-15,Money Management,Financial Accounts,25793.01,0,0
2024-11-25,2024-11-29,Money Management,Faster Payouts,935.216561,,
2026-06-01,2026-06-02,Money Management,Other BaaS Products,,0,0
2026-09-21,2026-09-25,Money Management,Other BaaS Products,,0,0
2026-05-04,2026-05-07,Money Management,Money Management Stretch,,58666.88449,0
2026-09-14,2026-09-18,Money Management,Money Management Stretch,,62366.64627,0
2026-10-12,2026-10-12,Money Management,Faster Payouts,,0,0
2026-04-06,2026-04-06,Money Management,Money Management Stretch,0,59526.40594,0
2025-06-23,2025-06-28,Money Management,Bridge,0,0,0
2026-11-09,2026-11-15,Money Management,Other BaaS Products,,0,0
2026-05-04,2026-05-05,Money Management,Money Management Stretch,,58666.88449,0
2025-08-04,2025-08-10,Money Management,Bridge,0,0,0
2026-02-23,2026-02-24,Money Management,Bridge,0,0,0
2025-10-06,2025-10-09,Money Management,Bridge,0,0,0
2026-11-30,2026-12-05,Money Management,Mass Payouts,,0,0
2025-03-31,2025-04-03,Money Management,Faster Payouts,0,0,0
2026-11-09,2026-11-10,Money Management,Faster Payouts,,0,0
2026-06-22,2026-06-25,Money Management,Money Management Stretch,,61733.51194,0
2026-10-26,2026-10-29,Money Management,Other BaaS Products,,0,0
2026-06-01,2026-06-01,Money Management,Other BaaS Products,,0,0
2026-10-12,2026-10-13,Money Management,Bridge,,0,0
2025-01-13,2025-01-13,Money Management,Financial Accounts,0,0,0
2026-05-04,2026-05-10,Money Management,Financial Accounts,,0,0
2026-08-03,2026-08-03,Money Management,Money Management Stretch,,55698.44481,0
2026-09-07,2026-09-12,Money Management,Money Management Stretch,,62366.64627,0
2026-02-02,2026-02-02,Money Management,Bridge,0,0,0
2026-10-05,2026-10-06,Money Management,Financial Accounts,,0,0
2025-02-03,2025-02-04,Money Management,Faster Payouts,0,0,0
2026-08-10,2026-08-13,Money Management,Faster Payouts,,0,0
2026-03-09,2026-03-09,Money Management,Bridge,0,0,0
2026-03-09,2026-03-11,Money Management,Money Management Stretch,0,59782.24803,0
2026-08-17,2026-08-18,Money Management,Faster Payouts,,0,0
2026-08-24,2026-08-27,Money Management,Other BaaS Products,,0,0
2026-06-22,2026-06-28,Money Management,Bridge,,0,0
2026-01-12,2026-01-18,Money Management,Bridge,0,0,0
2025-04-28,2025-05-01,Money Management,Bridge,0,0,0
2025-02-17,2025-02-17,Money Management,Mass Payouts,0,0,0
2024-09-16,2024-09-20,Money Management,Financial Accounts,0,,
2025-07-28,2025-08-01,Money Management,Mass Payouts,4350.463825,0,0
2024-07-15,2024-07-18,Money Management,Mass Payouts,66,,
2021-10-11,2021-10-16,Money Management,Other BaaS Products,-9054.1,,
2025-12-22,2025-12-23,Money Management,Financial Accounts,-5186.825794,0,0
2025-03-31,2025-04-02,Money Management,Other BaaS Products,-17581.82,0,0
2023-10-09,2023-10-15,Money Management,Other BaaS Products,-4618.48,,
2025-04-21,2025-04-22,Money Management,Faster Payouts,13559.34282,0,0
2023-02-27,2023-03-03,Money Management,Other BaaS Products,-15527.96,,
2026-03-16,2026-03-20,Money Management,Mass Payouts,24614.72653,0,0
2026-02-16,2026-02-19,Money Management,Faster Payouts,46214.29149,0,0
2024-07-15,2024-07-17,Money Management,Other BaaS Products,-10665.59,,
2025-08-25,2025-08-28,Money Management,Mass Payouts,1612.390047,0,0
2024-12-16,2024-12-21,Money Management,Mass Payouts,69,,
2026-03-23,2026-03-27,Money Management,Mass Payouts,22357.13034,0,0
2025-12-29,2026-01-04,Money Management,Mass Payouts,8436.46948,0,0
2022-07-18,2022-07-22,Money Management,Financial Accounts,0.25,,
2023-12-04,2023-12-09,Money Management,Financial Accounts,-28870.98,,
2024-07-29,2024-08-03,Money Management,Other BaaS Products,-6357.64,,
2025-08-25,2025-08-26,Money Management,Financial Accounts,-6238.626297,0,0
2024-11-18,2024-11-22,Money Management,Financial Accounts,0,,
2021-11-08,2021-11-09,Money Management,Other BaaS Products,-11912.86,,
2022-01-24,2022-01-24,Money Management,Other BaaS Products,-6943.02,,
2023-07-24,2023-07-26,Money Management,Financial Accounts,0,,
2026-04-06,2026-04-07,Money Management,Mass Payouts,28617.94855,0,0
2024-12-02,2024-12-06,Money Management,Other BaaS Products,-6879.43,,
2026-02-09,2026-02-10,Money Management,Other BaaS Products,-4050.24,0,0
2026-03-16,2026-03-22,Money Management,Other BaaS Products,-1818.29,0,0
2025-06-16,2025-06-22,Money Management,Mass Payouts,344.5355569,0,0
2025-11-10,2025-11-10,Money Management,Faster Payouts,31438.02448,0,0
2026-02-09,2026-02-12,Money Management,Faster Payouts,45054.31987,0,0
2025-03-24,2025-03-27,Money Management,Mass Payouts,1002.4904,0,0
2025-03-24,2025-03-29,Money Management,Financial Accounts,4379.25,0,0
2023-10-30,2023-10-30,Money Management,Other BaaS Products,-4707.08,,
2025-04-28,2025-05-04,Money Management,Faster Payouts,11196.16404,0,0
2025-12-15,2025-12-19,Money Management,Financial Accounts,-4918.804775,0,0
2025-07-21,2025-07-21,Money Management,Financial Accounts,-4824.842431,0,0
2025-05-12,2025-05-16,Money Management,Mass Payouts,3.05,0,0
2022-07-25,2022-07-30,Money Management,Financial Accounts,0,,
2025-07-07,2025-07-11,Money Management,Faster Payouts,20348.62845,0,0
2025-07-21,2025-07-25,Money Management,Faster Payouts,23738.84469,0,0
2021-09-06,2021-09-07,Money Management,Other BaaS Products,-7237.5,,
2026-06-22,2026-06-23,Money Management,Other BaaS Products,,0,0
2026-07-27,2026-08-01,Money Management,Bridge,,0,0
2026-12-21,2026-12-21,Money Management,Faster Payouts,,0,0
2026-06-15,2026-06-20,Money Management,Money Management Stretch,,61733.51194,0
2025-12-01,2025-12-02,Money Management,Bridge,0,0,0
2026-02-09,2026-02-12,Money Management,Money Management Stretch,0,90388.06711,0
2026-05-04,2026-05-06,Money Management,Faster Payouts,,0,0
2026-02-09,2026-02-11,Money Management,Bridge,0,0,0
2026-07-13,2026-07-16,Money Management,Financial Accounts,,0,0
2026-09-14,2026-09-17,Money Management,Financial Accounts,,0,0
2026-04-20,2026-04-21,Money Management,Money Management Stretch,0,59526.40594,0
2026-06-29,2026-07-02,Money Management,Faster Payouts,,0,0
2026-10-05,2026-10-08,Money Management,Money Management Stretch,,61959.00061,0
2025-02-03,2025-02-09,Money Management,Faster Payouts,0,0,0
2026-11-16,2026-11-21,Money Management,Faster Payouts,,0,0
2026-06-01,2026-06-06,Money Management,Financial Accounts,,0,0
2025-02-24,2025-02-26,Money Management,Faster Payouts,0,0,0
2026-12-14,2026-12-15,Money Management,Bridge,,0,0
2026-08-03,2026-08-09,Money Management,Mass Payouts,,0,0
2026-11-23,2026-11-27,Money Management,Faster Payouts,,0,0
2026-07-20,2026-07-21,Money Management,Bridge,,0,0
2026-09-28,2026-10-04,Money Management,Financial Accounts,,0,0
2026-09-14,2026-09-14,Money Management,Mass Payouts,,0,0
2026-09-07,2026-09-12,Money Management,Faster Payouts,,0,0
2024-05-13,2024-05-19,Money Management,Other BaaS Products,-4383.75,,
2025-08-25,2025-08-30,Money Management,Other BaaS Products,-3607.58,0,0
2023-03-06,2023-03-09,Money Management,Financial Accounts,0,,
2024-10-28,2024-10-29,Money Management,Other BaaS Products,-5081.53,,
2026-04-27,2026-05-03,Money Management,Mass Payouts,,0,0
2024-03-25,2024-03-25,Money Management,Other BaaS Products,-4446.69,,
2023-12-11,2023-12-17,Money Management,Other BaaS Products,-3296.53,,
2022-11-07,2022-11-11,Money Management,Other BaaS Products,-8844.49,,
2022-09-05,2022-09-11,Money Management,Other BaaS Products,-7573.9,,
2026-04-20,2026-04-25,Money Management,Mass Payouts,32199.90767,0,0
2025-03-31,2025-04-02,Money Management,Financial Accounts,-75608.71258,0,0
2026-04-20,2026-04-22,Money Management,Other BaaS Products,-4101.55,0,0
2025-05-26,2025-05-31,Money Management,Financial Accounts,2732000.67,894894.6723,894894.6723
2025-11-03,2025-11-06,Money Management,Mass Payouts,2300.903976,0,0
2021-11-29,2021-11-29,Money Management,Other BaaS Products,-6528.36,,
2021-10-11,2021-10-12,Money Management,Financial Accounts,-4149.75,,
2025-11-10,2025-11-14,Money Management,Faster Payouts,32733.77241,0,0
2026-03-09,2026-03-15,Money Management,Financial Accounts,-5922.920826,0,0
2024-07-29,2024-08-04,Money Management,Financial Accounts,0.04,,
2024-04-22,2024-04-28,Money Management,Other BaaS Products,-4494.47,,
2023-03-06,2023-03-07,Money Management,Financial Accounts,26410.61,,
2025-11-03,2025-11-09,Money Management,Mass Payouts,122.2620538,0,0
2024-01-29,2024-01-31,Money Management,Financial Accounts,1077495.08,,
2025-08-18,2025-08-18,Money Management,Faster Payouts,22377.24839,0,0
2026-03-23,2026-03-28,Money Management,Financial Accounts,318653.8451,0,0
2025-12-01,2025-12-05,Money Management,Other BaaS Products,-3718.1,0,0
2024-10-14,2024-10-20,Money Management,Other BaaS Products,-3024.21,,
2026-06-22,2026-06-22,Money Management,Other BaaS Products,,0,0
2026-10-26,2026-10-27,Money Management,Other BaaS Products,,0,0
2026-03-02,2026-03-06,Money Management,Money Management Stretch,0,59782.24803,0
2026-06-22,2026-06-24,Money Management,Financial Accounts,,0,0
2026-03-30,2026-03-30,Money Management,Money Management Stretch,0,59782.24803,0
2026-08-24,2026-08-27,Money Management,Mass Payouts,,0,0
2026-12-21,2026-12-24,Money Management,Financial Accounts,,0,0
2026-06-22,2026-06-28,Money Management,Financial Accounts,,0,0
2025-12-29,2026-01-01,Money Management,Bridge,0,0,0
2026-08-24,2026-08-24,Money Management,Financial Accounts,,0,0
2026-05-25,2026-05-30,Money Management,Financial Accounts,,0,0
2026-10-26,2026-10-26,Money Management,Mass Payouts,,0,0
2026-12-28,2026-12-30,Money Management,Money Management Stretch,,62996.05707,0
2026-11-16,2026-11-18,Money Management,Bridge,,0,0
2025-02-24,2025-02-27,Money Management,Faster Payouts,0,0,0
2025-03-10,2025-03-12,Money Management,Financial Accounts,0,0,0
2025-06-02,2025-06-08,Money Management,Bridge,0,0,0
2026-05-18,2026-05-21,Money Management,Faster Payouts,,0,0
2026-01-19,2026-01-21,Money Management,Money Management Stretch,0,81627.68351,0
2026-11-02,2026-11-02,Money Management,Bridge,,0,0
2026-07-06,2026-07-11,Money Management,Bridge,,0,0
2026-02-09,2026-02-15,Money Management,Money Management Stretch,0,90388.06711,0
2026-11-09,2026-11-15,Money Management,Financial Accounts,,0,0
2026-07-06,2026-07-11,Money Management,Money Management Stretch,,58531.61449,0
2026-05-18,2026-05-20,Money Management,Financial Accounts,,0,0
2026-10-12,2026-10-15,Money Management,Mass Payouts,,0,0
2026-10-26,2026-10-27,Money Management,Money Management Stretch,,61959.00061,0
2021-08-02,2021-08-06,Money Management,Other BaaS Products,-9867.44,,
2024-10-21,2024-10-22,Money Management,Mass Payouts,97,,
2026-01-12,2026-01-15,Money Management,Faster Payouts,68944.71062,0,0
2023-03-20,2023-03-22,Money Management,Other BaaS Products,-7259.85,,
2021-08-23,2021-08-24,Money Management,Other BaaS Products,-9317.22,,
2025-11-10,2025-11-10,Money Management,Other BaaS Products,-1969.55,0,0
2021-12-27,2021-12-29,Money Management,Other BaaS Products,-9781.34,,
2024-06-17,2024-06-20,Money Management,Mass Payouts,13,,
2022-04-11,2022-04-13,Money Management,Other BaaS Products,-15553.47,,
2025-10-20,2025-10-20,Money Management,Other BaaS Products,-2671.28,0,0
2024-01-29,2024-01-30,Money Management,Other BaaS Products,-5762.63,,
2023-01-02,2023-01-02,Money Management,Other BaaS Products,-10380.46,,
2026-02-02,2026-02-08,Money Management,Financial Accounts,-5725.911399,0,0
2025-11-03,2025-11-09,Money Management,Financial Accounts,-5806.85,0,0
2022-07-25,2022-07-31,Money Management,Financial Accounts,-74696.21,,
2025-10-27,2025-10-29,Money Management,Other BaaS Products,-3087.71,0,0
2025-06-30,2025-07-06,Money Management,Mass Payouts,715.2131044,0,0
2024-06-10,2024-06-13,Money Management,Mass Payouts,20.75,,
2023-08-07,2023-08-11,Money Management,Other BaaS Products,-5614.44,,
2025-06-30,2025-07-05,Money Management,Mass Payouts,18,0,0
2025-04-07,2025-04-10,Money Management,Faster Payouts,13594.6951,0,0
2023-03-13,2023-03-14,Money Management,Other BaaS Products,-7520.07,,
2024-10-21,2024-10-24,Money Management,Other BaaS Products,-6930.21,,
2022-07-04,2022-07-09,Money Management,Financial Accounts,0,,
2023-07-17,2023-07-19,Money Management,Other BaaS Products,-9016.84,,
2021-10-04,2021-10-10,Money Management,Other BaaS Products,-5966.75,,
2024-10-14,2024-10-15,Money Management,Financial Accounts,0,,
2025-10-27,2025-11-02,Money Management,Faster Payouts,27544.28479,0,0
2023-11-13,2023-11-16,Money Management,Other BaaS Products,-6414.26,,
2022-12-12,2022-12-15,Money Management,Financial Accounts,45703.97,,
2021-11-15,2021-11-21,Money Management,Other BaaS Products,-10308.71,,
2024-01-01,2024-01-04,Money Management,Other BaaS Products,-6532.01,,
2025-01-06,2025-01-08,Money Management,Faster Payouts,6269.416357,0,0
2026-12-14,2026-12-20,Money Management,Money Management Stretch,,62996.05707,0
2026-06-08,2026-06-14,Money Management,Financial Accounts,,0,0
2026-05-11,2026-05-12,Money Management,Other BaaS Products,,0,0
2025-03-03,2025-03-08,Money Management,Bridge,0,0,0
2026-11-02,2026-11-03,Money Management,Financial Accounts,,0,0
2026-10-19,2026-10-23,Money Management,Financial Accounts,,0,0
2025-04-14,2025-04-19,Money Management,Mass Payouts,0,0,0
2026-12-28,2026-12-30,Money Management,Bridge,,0,0
2026-10-19,2026-10-19,Money Management,Money Management Stretch,,61959.00061,0
2026-08-24,2026-08-27,Money Management,Money Management Stretch,,55698.44481,0
2026-09-28,2026-09-28,Money Management,Other BaaS Products,,0,0
2026-03-30,2026-04-04,Money Management,Bridge,0,0,0
2026-07-06,2026-07-07,Money Management,Faster Payouts,,0,0
2026-05-18,2026-05-20,Money Management,Other BaaS Products,,0,0
2026-08-24,2026-08-26,Money Management,Bridge,,0,0
2026-11-02,2026-11-02,Money Management,Mass Payouts,,0,0
2026-11-30,2026-11-30,Money Management,Faster Payouts,,1680165.28,1792051.69
2026-05-11,2026-05-17,Money Management,Bridge,,0,0
2026-11-02,2026-11-08,Money Management,Money Management Stretch,,62240.57827,0
2026-03-09,2026-03-12,Money Management,Bridge,0,0,0
2026-06-22,2026-06-22,Money Management,Bridge,,0,0
2026-09-21,2026-09-25,Money Management,Bridge,,0,0
2026-12-07,2026-12-07,Money Management,Faster Payouts,,0,0
2025-02-10,2025-02-15,Money Management,Bridge,0,0,0
2026-08-17,2026-08-22,Money Management,Money Management Stretch,,55698.44481,0
2026-08-24,2026-08-25,Money Management,Mass Payouts,,0,0
2026-12-21,2026-12-22,Money Management,Mass Payouts,,0,0
2025-07-07,2025-07-08,Money Management,Bridge,0,0,0
2025-01-27,2025-01-31,Money Management,Mass Payouts,1741.009906,16061.91575,16061.91575
2024-06-10,2024-06-10,Money Management,Other BaaS Products,-5608.69,,
2025-06-02,2025-06-06,Money Management,Faster Payouts,-93094.25602,0,0
2024-03-04,2024-03-06,Money Management,Other BaaS Products,-5687.233307,,
2025-03-03,2025-03-06,Money Management,Other BaaS Products,-3341.44,0,0
2024-08-05,2024-08-09,Money Management,Other BaaS Products,-6244.36,,
2024-12-30,2025-01-03,Money Management,Mass Payouts,1450,0,0
2024-08-26,2024-08-27,Money Management,Mass Payouts,71,,
2026-04-27,2026-05-01,Money Management,Mass Payouts,,0,0
2024-02-26,2024-03-02,Money Management,Other BaaS Products,-20647.48,,
2026-01-12,2026-01-12,Money Management,Mass Payouts,19683.83018,0,0
2025-06-30,2025-07-04,Money Management,Mass Payouts,1012.343884,0,0
2026-04-06,2026-04-08,Money Management,Other BaaS Products,-3609.07,0,0
2026-03-09,2026-03-13,Money Management,Faster Payouts,53645.45281,0,0
2023-05-29,2023-06-01,Money Management,Other BaaS Products,-11463.62,,
2025-05-26,2025-05-27,Money Management,Financial Accounts,-4342.36,0,0
2023-05-08,2023-05-08,Money Management,Other BaaS Products,-4198.44,,
2025-05-19,2025-05-22,Money Management,Financial Accounts,-3971.3,0,0
2024-06-24,2024-06-30,Money Management,Financial Accounts,1634032.77,,
2026-02-02,2026-02-06,Money Management,Faster Payouts,-72591.59969,0,0
2025-10-27,2025-11-02,Money Management,Financial Accounts,-5529.32,0,0
2026-03-09,2026-03-09,Money Management,Faster Payouts,45466.04588,0,0
2025-09-08,2025-09-14,Money Management,Other BaaS Products,-2118.17,0,0
2023-01-23,2023-01-27,Money Management,Other BaaS Products,-9870.25,,
2024-01-29,2024-01-31,Money Management,Other BaaS Products,245805.52,,
2025-06-30,2025-07-03,Money Management,Other BaaS Products,-1761.08,0,0
2023-10-02,2023-10-07,Money Management,Other BaaS Products,-5783.39,,
2024-09-09,2024-09-14,Money Management,Other BaaS Products,-5506.55,,
2022-01-31,2022-02-04,Money Management,Other BaaS Products,-13558.82,,
2024-07-29,2024-08-01,Money Management,Mass Payouts,60,,
2022-10-10,2022-10-12,Money Management,Financial Accounts,5551.3,,
2026-03-30,2026-04-02,Money Management,Other BaaS Products,-12333.82,0,0
2024-07-08,2024-07-13,Money Management,Other BaaS Products,-5259.95,,
2022-01-10,2022-01-10,Money Management,Other BaaS Products,-6403.71,,
2023-11-06,2023-11-06,Money Management,Other BaaS Products,-5941.31,,
2025-05-12,2025-05-14,Money Management,Other BaaS Products,-3967.1,0,0
2022-02-07,2022-02-09,Money Management,Other BaaS Products,-11910.13,,
2022-05-02,2022-05-08,Money Management,Other BaaS Products,-8494.78,,
2025-03-24,2025-03-26,Money Management,Financial Accounts,0,0,0
2025-06-02,2025-06-04,Money Management,Faster Payouts,23561.17229,0,0
2024-09-09,2024-09-10,Money Management,Mass Payouts,93,,
2026-02-23,2026-02-28,Money Management,Other BaaS Products,142386.87,17280,31911.11
2023-01-23,2023-01-24,Money Management,Other BaaS Products,-6759.01,,
2026-05-25,2026-05-28,Money Management,Mass Payouts,,0,0
2025-02-03,2025-02-09,Money Management,Bridge,0,0,0
2026-08-03,2026-08-05,Money Management,Financial Accounts,,0,0
2026-08-03,2026-08-03,Money Management,Bridge,,0,0
2026-10-19,2026-10-25,Money Management,Financial Accounts,,0,0
2026-12-28,2026-12-28,Money Management,Money Management Stretch,,62996.05707,0
2025-11-10,2025-11-10,Money Management,Bridge,0,0,0
2026-12-07,2026-12-13,Money Management,Mass Payouts,,0,0
2026-12-14,2026-12-16,Money Management,Financial Accounts,,0,0
2026-08-10,2026-08-13,Money Management,Mass Payouts,,0,0
2026-12-21,2026-12-25,Money Management,Faster Payouts,,0,0
2025-03-03,2025-03-09,Money Management,Financial Accounts,0,0,0
2026-07-06,2026-07-09,Money Management,Faster Payouts,,0,0
2026-09-07,2026-09-13,Money Management,Faster Payouts,,0,0
2025-08-25,2025-08-25,Money Management,Other BaaS Products,-1858.9,0,0
2024-05-13,2024-05-17,Money Management,Other BaaS Products,-6925.48,,
2025-03-10,2025-03-15,Money Management,Other BaaS Products,-4206.38,0,0
2025-04-21,2025-04-23,Money Management,Faster Payouts,13283.12215,0,0
2024-04-15,2024-04-20,Money Management,Other BaaS Products,-5371.53,,
2022-01-10,2022-01-14,Money Management,Financial Accounts,579017.6,,
2025-12-01,2025-12-02,Money Management,Faster Payouts,41631.29342,0,0
2021-11-15,2021-11-18,Money Management,Other BaaS Products,-11535.31,,
2023-04-10,2023-04-13,Money Management,Other BaaS Products,-8967.16,,
2026-02-09,2026-02-15,Money Management,Other BaaS Products,-2197.5,0,0
2023-01-16,2023-01-17,Money Management,Other BaaS Products,-6143.14,,
2024-12-09,2024-12-12,Money Management,Mass Payouts,16844.11,,
2024-08-12,2024-08-12,Money Management,Other BaaS Products,-6083.2,,
2026-02-16,2026-02-16,Money Management,Faster Payouts,46205.29901,0,0
2023-06-12,2023-06-18,Money Management,Other BaaS Products,-6035.78,,
2024-08-12,2024-08-14,Money Management,Mass Payouts,42,,
2025-11-10,2025-11-13,Money Management,Mass Payouts,1724.26685,0,0
2022-07-25,2022-07-27,Money Management,Other BaaS Products,-9591.95,,
2025-03-31,2025-03-31,Money Management,Mass Payouts,820.02,20653.28159,20653.28159
2022-05-02,2022-05-04,Money Management,Other BaaS Products,-16450.7,,
2021-10-04,2021-10-07,Money Management,Other BaaS Products,-12141.14,,
2022-06-06,2022-06-06,Money Management,Other BaaS Products,-5683.86,,
2024-08-05,2024-08-08,Money Management,Mass Payouts,54.25,,
2025-10-27,2025-10-27,Money Management,Other BaaS Products,-2500.49,0,0
2025-01-06,2025-01-06,Money Management,Financial Accounts,-1911697.62,0,0
2024-09-30,2024-10-04,Money Management,Financial Accounts,0,,
2025-04-21,2025-04-27,Money Management,Faster Payouts,10204.64648,0,0
2022-05-23,2022-05-26,Money Management,Other BaaS Products,-11634.85,,
2024-12-02,2024-12-05,Money Management,Other BaaS Products,-3248.25,,
2023-04-03,2023-04-08,Money Management,Financial Accounts,-0.05,,
2025-06-23,2025-06-27,Money Management,Faster Payouts,79756.86883,0,0
2024-05-20,2024-05-22,Money Management,Other BaaS Products,-8156.2,,
2023-01-16,2023-01-17,Money Management,Financial Accounts,-85204.14,,
2025-03-03,2025-03-05,Money Management,Faster Payouts,0,0,0
2026-11-02,2026-11-06,Money Management,Bridge,,0,0
2026-11-09,2026-11-10,Money Management,Bridge,,0,0
2026-01-19,2026-01-19,Money Management,Money Management Stretch,0,81627.68351,0
2025-10-13,2025-10-13,Money Management,Bridge,0,0,0
2026-08-10,2026-08-11,Money Management,Faster Payouts,,0,0
2026-07-13,2026-07-13,Money Management,Other BaaS Products,,0,0
2026-09-28,2026-09-30,Money Management,Money Management Stretch,,62366.64627,0
2025-03-10,2025-03-11,Money Management,Financial Accounts,0,0,0
2026-05-11,2026-05-15,Money Management,Money Management Stretch,,58666.88449,0
2026-10-05,2026-10-05,Money Management,Financial Accounts,,0,0
2026-08-31,2026-09-04,Money Management,Faster Payouts,,0,0
2026-09-07,2026-09-11,Money Management,Money Management Stretch,,62366.64627,0
2026-11-02,2026-11-04,Money Management,Bridge,,0,0
2026-04-06,2026-04-09,Money Management,Money Management Stretch,0,59526.40594,0
2026-04-20,2026-04-23,Money Management,Bridge,0,0,0
2025-10-20,2025-10-21,Money Management,Bridge,0,0,0
2025-09-15,2025-09-17,Money Management,Bridge,0,0,0
2025-04-21,2025-04-26,Money Management,Bridge,0,0,0
2025-12-29,2026-01-02,Money Management,Bridge,0,0,0
2026-09-14,2026-09-15,Money Management,Faster Payouts,,0,0
2026-12-14,2026-12-17,Money Management,Other BaaS Products,,0,0
2026-06-08,2026-06-08,Money Management,Financial Accounts,,0,0
2026-06-15,2026-06-16,Money Management,Financial Accounts,,0,0
2025-11-24,2025-11-28,Money Management,Bridge,0,0,0
2026-12-14,2026-12-14,Money Management,Mass Payouts,,0,0
2026-06-29,2026-07-02,Money Management,Bridge,,0,0
2025-06-30,2025-06-30,Money Management,Mass Payouts,1971.858553,35769.15234,35769.15234
2022-01-31,2022-02-05,Money Management,Other BaaS Products,-16070.36,,
2024-09-30,2024-09-30,Money Management,Financial Accounts,1968266.63,,
2024-06-03,2024-06-06,Money Management,Financial Accounts,-1247003.4,,
2025-08-11,2025-08-14,Money Management,Mass Payouts,2478.093456,0,0
2026-01-12,2026-01-12,Money Management,Financial Accounts,-5309.194425,0,0
2021-12-06,2021-12-06,Money Management,Other BaaS Products,-8389.31,,
2024-06-03,2024-06-03,Money Management,Other BaaS Products,-5338.76,,
2025-02-17,2025-02-22,Money Management,Other BaaS Products,-3593.21,0,0
2022-12-12,2022-12-12,Money Management,Other BaaS Products,-5283.65,,
2024-12-23,2024-12-24,Money Management,Other BaaS Products,-3498.35,,
2025-09-29,2025-10-02,Money Management,Faster Payouts,51320.14005,0,0
2021-07-12,2021-07-17,Money Management,Other BaaS Products,-8232.26,,
2025-06-02,2025-06-04,Money Management,Financial Accounts,-8140.9,0,0
2026-02-23,2026-02-28,Money Management,Mass Payouts,1157.207733,80035.39,647509.6712
2022-10-10,2022-10-12,Money Management,Other BaaS Products,-10570.11,,
2025-07-14,2025-07-20,Money Management,Other BaaS Products,-2152.16,0,0
2024-04-29,2024-05-01,Money Management,Other BaaS Products,-14074.24,,
2022-01-03,2022-01-07,Money Management,Other BaaS Products,-2251.99,,
2025-02-03,2025-02-05,Money Management,Mass Payouts,545.1895523,0,0
2023-03-06,2023-03-08,Money Management,Other BaaS Products,-7433.57,,
2025-10-27,2025-10-27,Money Management,Mass Payouts,2638.178362,0,0
2024-10-07,2024-10-08,Money Management,Other BaaS Products,-5206.2,,
2024-09-30,2024-10-04,Money Management,Other BaaS Products,-5782.71,,
2025-10-27,2025-10-28,Money Management,Other BaaS Products,-3452.93,0,0
2025-08-18,2025-08-22,Money Management,Other BaaS Products,-3053.59,0,0
2022-06-13,2022-06-15,Money Management,Other BaaS Products,-22537.34,,
2023-01-09,2023-01-13,Money Management,Other BaaS Products,-7359.09,,
2022-08-01,2022-08-06,Money Management,Other BaaS Products,-13325.95,,
2025-12-22,2025-12-23,Money Management,Mass Payouts,9439.471567,0,0
2025-09-15,2025-09-16,Money Management,Other BaaS Products,-4392.77,0,0
2023-09-25,2023-09-29,Money Management,Other BaaS Products,-14595.45,,
2025-09-22,2025-09-25,Money Management,Other BaaS Products,-2905.05,0,0
2024-08-12,2024-08-13,Money Management,Mass Payouts,45,,
2025-02-24,2025-02-28,Money Management,Bridge,1582186.984,1582186.984,1582186.984
2026-10-26,2026-10-31,Money Management,Other BaaS Products,,218880,263920
2026-12-28,2026-12-29,Money Management,Bridge,,0,0
2026-10-12,2026-10-14,Money Management,Money Management Stretch,,61959.00061,0
2026-12-21,2026-12-21,Money Management,Other BaaS Products,,0,0
2026-10-19,2026-10-21,Money Management,Money Management Stretch,,61959.00061,0
2026-06-01,2026-06-05,Money Management,Other BaaS Products,,0,0
2026-08-31,2026-09-05,Money Management,Bridge,,0,0
2026-01-26,2026-01-27,Money Management,Money Management Stretch,0,81627.68351,0
2026-05-04,2026-05-04,Money Management,Money Management Stretch,,58666.88449,0
2025-11-03,2025-11-03,Money Management,Bridge,0,0,0
2026-09-28,2026-09-30,Money Management,Other BaaS Products,,182720,223760
2026-01-19,2026-01-21,Money Management,Bridge,0,0,0
2026-02-16,2026-02-18,Money Management,Money Management Stretch,0,90388.06711,0
2025-02-10,2025-02-16,Money Management,Faster Payouts,0,0,0
2026-02-23,2026-02-26,Money Management,Money Management Stretch,0,90388.06711,0
2026-11-16,2026-11-16,Money Management,Other BaaS Products,,0,0
2026-05-18,2026-05-18,Money Management,Money Management Stretch,,58666.88449,0
2026-08-24,2026-08-27,Money Management,Faster Payouts,,0,0
2025-08-18,2025-08-18,Money Management,Bridge,0,0,0
2023-10-02,2023-10-06,Money Management,Financial Accounts,-770352.95,,
2024-10-28,2024-10-28,Money Management,Other BaaS Products,-3737.83,,
2026-03-23,2026-03-29,Money Management,Financial Accounts,-5665.553858,0,0
2022-04-11,2022-04-14,Money Management,Other BaaS Products,-13323.09,,
2022-12-26,2022-12-31,Money Management,Other BaaS Products,343714.96,,
2023-10-02,2023-10-08,Money Management,Other BaaS Products,-3252.64,,
2022-11-14,2022-11-15,Money Management,Other BaaS Products,-20932.7,,
2024-12-16,2024-12-19,Money Management,Mass Payouts,534.4811997,,
2025-10-13,2025-10-16,Money Management,Faster Payouts,19369.15063,0,0
2024-11-11,2024-11-15,Money Management,Mass Payouts,1301.5,,
2025-08-25,2025-08-29,Money Management,Other BaaS Products,-2796.61,0,0
2024-01-22,2024-01-23,Money Management,Other BaaS Products,-7559.61,,
2025-01-13,2025-01-13,Money Management,Faster Payouts,0,0,0
2024-02-26,2024-02-29,Money Management,Financial Accounts,1242374.88,,
2024-12-02,2024-12-04,Money Management,Mass Payouts,549.75,,
2025-12-22,2025-12-28,Money Management,Faster Payouts,80912.74599,0,0
2025-06-30,2025-07-06,Money Management,Faster Payouts,10281.52541,0,0
2022-12-19,2022-12-22,Money Management,Other BaaS Products,-8511.68,,
2024-02-19,2024-02-23,Money Management,Other BaaS Products,-5428.13,,
2022-03-07,2022-03-13,Money Management,Other BaaS Products,-11978.6,,
2025-03-31,2025-03-31,Money Management,Financial Accounts,2433831.581,844482.4628,844482.4628
2026-03-16,2026-03-21,Money Management,Other BaaS Products,-3339.02,0,0
2025-04-21,2025-04-23,Money Management,Financial Accounts,-4335.118625,0,0
2025-09-22,2025-09-26,Money Management,Mass Payouts,4130.38074,0,0
2024-01-01,2024-01-01,Money Management,Other BaaS Products,-7351.53,,
2025-01-20,2025-01-20,Money Management,Faster Payouts,705.3863538,0,0
2025-11-24,2025-11-30,Money Management,Financial Accounts,3249840.722,896201.8488,896201.8488
2022-01-24,2022-01-28,Money Management,Other BaaS Products,-9174.48,,
2025-02-17,2025-02-18,Money Management,Other BaaS Products,-5094.6,0,0
2023-03-20,2023-03-25,Money Management,Other BaaS Products,-7546.86,,
2025-07-07,2025-07-10,Money Management,Mass Payouts,2018.903478,0,0
2025-03-03,2025-03-07,Money Management,Bridge,0,0,0
2026-12-07,2026-12-12,Money Management,Faster Payouts,,0,0
2026-06-08,2026-06-13,Money Management,Bridge,,0,0
2026-05-04,2026-05-09,Money Management,Mass Payouts,,0,0
2025-04-07,2025-04-07,Money Management,Bridge,0,0,0
2026-05-11,2026-05-15,Money Management,Other BaaS Products,,0,0
2025-04-21,2025-04-21,Money Management,Bridge,0,0,0
2026-10-05,2026-10-11,Money Management,Mass Payouts,,0,0
2026-10-26,2026-10-28,Money Management,Money Management Stretch,,61959.00061,0
2026-04-20,2026-04-20,Money Management,Bridge,0,0,0
2026-12-21,2026-12-27,Money Management,Mass Payouts,,0,0
2026-07-20,2026-07-22,Money Management,Money Management Stretch,,58531.61449,0
2026-05-25,2026-05-25,Money Management,Money Management Stretch,,58666.88449,0
2026-05-11,2026-05-13,Money Management,Bridge,,0,0
2026-07-13,2026-07-16,Money Management,Faster Payouts,,0,0
2026-06-22,2026-06-25,Money Management,Financial Accounts,,0,0
2026-07-06,2026-07-06,Money Management,Faster Payouts,,0,0
2026-08-17,2026-08-23,Money Management,Mass Payouts,,0,0
2026-06-08,2026-06-08,Money Management,Mass Payouts,,0,0
2026-08-17,2026-08-18,Money Management,Financial Accounts,,0,0
2025-09-22,2025-09-26,Money Management,Bridge,0,0,0
2026-09-07,2026-09-11,Money Management,Other BaaS Products,,0,0
2026-04-20,2026-04-26,Money Management,Other BaaS Products,-1752.31,0,0
2025-10-20,2025-10-24,Money Management,Financial Accounts,-5505.59,0,0
2025-01-27,2025-01-30,Money Management,Other BaaS Products,-4057.06,0,0
2023-11-20,2023-11-22,Money Management,Other BaaS Products,-5945.59,,
2022-09-26,2022-10-01,Money Management,Other BaaS Products,-11262.3,,
2024-08-19,2024-08-20,Money Management,Mass Payouts,62.5,,
2025-07-14,2025-07-17,Money Management,Other BaaS Products,-6772.27,0,0
2024-07-01,2024-07-07,Money Management,Other BaaS Products,-3683.48,,
2024-07-22,2024-07-25,Money Management,Other BaaS Products,-7153.1,,
2023-06-26,2023-07-02,Money Management,Other BaaS Products,-11437.58,,
2022-02-28,2022-03-06,Money Management,Other BaaS Products,-8965.23,,
2026-03-30,2026-04-03,Money Management,Financial Accounts,-4058.976031,0,0
2025-11-10,2025-11-11,Money Management,Financial Accounts,-7134.482065,0,0
2025-10-13,2025-10-16,Money Management,Mass Payouts,1724.020095,0,0
2024-07-22,2024-07-26,Money Management,Mass Payouts,80,,
2025-11-24,2025-11-28,Money Management,Other BaaS Products,-2150.38,0,0
2022-04-04,2022-04-07,Money Management,Other BaaS Products,-13591.65,,
2025-09-15,2025-09-17,Money Management,Other BaaS Products,-3689.81,0,0
2025-05-19,2025-05-20,Money Management,Other BaaS Products,-5292.34,0,0
2025-06-16,2025-06-16,Money Management,Other BaaS Products,-2539.16,0,0
2026-03-30,2026-03-31,Money Management,Bridge,4755235.842,5558272,5711000
2023-03-13,2023-03-13,Money Management,Other BaaS Products,-4598.07,,
2021-08-02,2021-08-02,Money Management,Other BaaS Products,-8163.75,,
2022-05-16,2022-05-21,Money Management,Other BaaS Products,-10791.18,,
2024-11-04,2024-11-07,Money Management,Financial Accounts,-633005.18,,
2022-06-27,2022-07-03,Money Management,Other BaaS Products,-19366.64,,
2023-04-17,2023-04-21,Money Management,Other BaaS Products,-7421.5,,
2023-05-29,2023-05-29,Money Management,Other BaaS Products,-3644.01,,
2022-09-05,2022-09-08,Money Management,Other BaaS Products,-658.94,,
2021-08-16,2021-08-20,Money Management,Other BaaS Products,-9817.83,,
2025-03-17,2025-03-23,Money Management,Other BaaS Products,-2664.54,0,0
2024-10-07,2024-10-07,Money Management,Faster Payouts,7.568182989,,
2025-10-06,2025-10-11,Money Management,Financial Accounts,-6079.841208,0,0
2023-12-04,2023-12-05,Money Management,Financial Accounts,0,,
2025-06-09,2025-06-14,Money Management,Bridge,0,0,0
2026-09-21,2026-09-21,Money Management,Other BaaS Products,,0,0
2026-08-24,2026-08-30,Money Management,Money Management Stretch,,55698.44481,0
2026-08-03,2026-08-07,Money Management,Money Management Stretch,,55698.44481,0
2026-09-14,2026-09-16,Money Management,Other BaaS Products,,0,0
2026-09-28,2026-09-29,Money Management,Money Management Stretch,,62366.64627,0
2026-10-05,2026-10-08,Money Management,Other BaaS Products,,0,0
2025-03-10,2025-03-13,Money Management,Bridge,0,0,0
2026-10-26,2026-10-30,Money Management,Bridge,,0,0
2026-12-28,2026-12-29,Money Management,Financial Accounts,,0,0
2026-11-02,2026-11-06,Money Management,Other BaaS Products,,0,0
2025-12-01,2025-12-04,Money Management,Bridge,0,0,0
2026-12-14,2026-12-15,Money Management,Faster Payouts,,0,0
2026-01-12,2026-01-12,Money Management,Bridge,0,0,0
2026-11-02,2026-11-05,Money Management,Financial Accounts,,0,0
2026-06-29,2026-07-04,Money Management,Mass Payouts,,0,0
2026-11-30,2026-12-02,Money Management,Mass Payouts,,0,0
2023-10-09,2023-10-09,Money Management,Financial Accounts,-15.56,,
2023-08-28,2023-09-01,Money Management,Other BaaS Products,-15211.91,,
2025-01-20,2025-01-22,Money Management,Mass Payouts,781.25,0,0
2024-09-30,2024-10-02,Money Management,Mass Payouts,90,,
2025-04-07,2025-04-09,Money Management,Mass Payouts,-1.5,0,0
2025-09-22,2025-09-23,Money Management,Other BaaS Products,-3198.22,0,0
2025-01-13,2025-01-19,Money Management,Other BaaS Products,-3553.2,0,0
2025-11-24,2025-11-26,Money Management,Financial Accounts,-5832.469318,0,0
2026-02-23,2026-02-25,Money Management,Other BaaS Products,-3305.96,0,0
2024-10-21,2024-10-21,Money Management,Financial Accounts,0,,
2023-10-23,2023-10-24,Money Management,Financial Accounts,0,,
2023-01-23,2023-01-26,Money Management,Other BaaS Products,-7995.82,,
2022-11-07,2022-11-12,Money Management,Other BaaS Products,-9546.29,,
2026-01-05,2026-01-05,Money Management,Mass Payouts,13373.02515,0,0
2024-06-24,2024-06-28,Money Management,Mass Payouts,23,,
2025-08-11,2025-08-13,Money Management,Faster Payouts,20926.71578,0,0
2025-10-20,2025-10-25,Money Management,Faster Payouts,21345.32009,0,0
2025-01-13,2025-01-16,Money Management,Other BaaS Products,-7097.86,0,0
2023-03-20,2023-03-20,Money Management,Other BaaS Products,-3687.8,,
2025-12-29,2026-01-03,Money Management,Mass Payouts,7483.731786,0,0
2024-11-11,2024-11-13,Money Management,Mass Payouts,221.25,,
2024-04-29,2024-05-01,Money Management,Financial Accounts,-530910.05,,
2021-08-16,2021-08-21,Money Management,Other BaaS Products,-7726.42,,
2026-03-30,2026-03-31,Money Management,Other BaaS Products,157829.55,65280,50000
2024-01-08,2024-01-09,Money Management,Other BaaS Products,-11216.25,,
2025-08-18,2025-08-18,Money Management,Other BaaS Products,-5541.91,0,0
2026-01-05,2026-01-06,Money Management,Financial Accounts,-6389.477411,0,0
2022-12-05,2022-12-05,Money Management,Other BaaS Products,-5140.76,,
2021-10-18,2021-10-21,Money Management,Other BaaS Products,-9733.56,,
2025-09-29,2025-10-05,Money Management,Mass Payouts,299.4305603,0,0
2022-05-09,2022-05-11,Money Management,Financial Accounts,9015.84,,
2026-11-30,2026-12-03,Money Management,Other BaaS Products,,0,0
2026-06-22,2026-06-26,Money Management,Mass Payouts,,0,0
2026-05-11,2026-05-16,Money Management,Mass Payouts,,0,0
2026-10-05,2026-10-09,Money Management,Mass Payouts,,0,0
2026-06-08,2026-06-11,Money Management,Bridge,,0,0
2025-07-07,2025-07-09,Money Management,Bridge,0,0,0
2026-06-15,2026-06-20,Money Management,Bridge,,0,0
2026-07-06,2026-07-12,Money Management,Money Management Stretch,,58531.61449,0
2026-05-11,2026-05-17,Money Management,Financial Accounts,,0,0
2025-06-30,2025-07-04,Money Management,Bridge,0,0,0
2026-11-23,2026-11-23,Money Management,Other BaaS Products,,0,0
2025-03-24,2025-03-27,Money Management,Faster Payouts,0,0,0
2026-08-10,2026-08-13,Money Management,Money Management Stretch,,55698.44481,0
2026-02-02,2026-02-06,Money Management,Money Management Stretch,0,90388.06711,0
2026-11-09,2026-11-13,Money Management,Other BaaS Products,,0,0
2026-09-14,2026-09-18,Money Management,Faster Payouts,,0,0
2025-02-03,2025-02-04,Money Management,Financial Accounts,-2222.94,0,0
2024-09-09,2024-09-13,Money Management,Other BaaS Products,-11493.28,,
2022-05-16,2022-05-22,Money Management,Other BaaS Products,-9226.37,,
2024-04-01,2024-04-05,Money Management,Financial Accounts,-318750,,
2026-04-20,2026-04-20,Money Management,Mass Payouts,25280.64752,0,0
2025-07-21,2025-07-26,Money Management,Mass Payouts,36.11880026,0,0
2021-11-01,2021-11-06,Money Management,Other BaaS Products,-14965.51,,
2024-03-18,2024-03-21,Money Management,Other BaaS Products,-6083.42,,
2025-07-07,2025-07-07,Money Management,Financial Accounts,-5758.4,0,0
2025-02-17,2025-02-23,Money Management,Other BaaS Products,-2118.85,0,0
2026-03-16,2026-03-19,Money Management,Financial Accounts,-3212.60641,0,0
2024-08-19,2024-08-19,Money Management,Other BaaS Products,-4745.32,,
2025-01-13,2025-01-14,Money Management,Financial Accounts,0,0,0
2022-10-31,2022-11-04,Money Management,Other BaaS Products,-13108.52,,
2022-01-10,2022-01-13,Money Management,Other BaaS Products,-10588.24,,
2025-07-28,2025-07-31,Money Management,Mass Payouts,2067.74105,58465.48543,58465.48543
2025-05-26,2025-06-01,Money Management,Financial Accounts,-5945.13,0,0
2022-08-29,2022-08-31,Money Management,Financial Accounts,-33098.21,,
2026-02-23,2026-02-26,Money Management,Mass Payouts,18283.07165,0,0
2024-09-23,2024-09-27,Money Management,Financial Accounts,0,,
2026-04-20,2026-04-22,Money Management,Financial Accounts,-2463.447237,0,0
2026-04-13,2026-04-14,Money Management,Mass Payouts,23619.42477,0,0
2026-02-16,2026-02-20,Money Management,Faster Payouts,49292.16015,0,0
2022-10-10,2022-10-14,Money Management,Other BaaS Products,-13306.62,,
2025-10-27,2025-10-30,Money Management,Other BaaS Products,-4054.29,0,0
2025-04-28,2025-04-30,Money Management,Mass Payouts,0,104.2031993,104.2031993
2023-09-04,2023-09-07,Money Management,Financial Accounts,-83763.13,,
2023-09-04,2023-09-08,Money Management,Financial Accounts,-719314.73,,
2025-07-07,2025-07-08,Money Management,Faster Payouts,25515.34957,0,0
2025-11-10,2025-11-16,Money Management,Faster Payouts,18111.83362,0,0
2025-12-15,2025-12-16,Money Management,Mass Payouts,6310.989379,0,0
2026-06-01,2026-06-06,Money Management,Mass Payouts,,0,0
2026-08-03,2026-08-08,Money Management,Money Management Stretch,,55698.44481,0
2026-01-12,2026-01-16,Money Management,Money Management Stretch,0,81627.68351,0
2026-05-04,2026-05-09,Money Management,Bridge,,0,0
2026-11-23,2026-11-27,Money Management,Financial Accounts,,0,0
2026-07-20,2026-07-24,Money Management,Financial Accounts,,0,0
2025-05-05,2025-05-06,Money Management,Mass Payouts,0,0,0
2026-06-01,2026-06-04,Money Management,Faster Payouts,,0,0
2026-02-16,2026-02-21,Money Management,Bridge,0,0,0
2026-06-29,2026-06-29,Money Management,Money Management Stretch,,61733.51194,0
2026-05-04,2026-05-07,Money Management,Financial Accounts,,0,0
2026-11-23,2026-11-24,Money Management,Financial Accounts,,0,0
2026-11-02,2026-11-08,Money Management,Bridge,,0,0
2025-03-03,2025-03-08,Money Management,Faster Payouts,0,0,0
2026-02-23,2026-02-26,Money Management,Bridge,0,0,0
2026-06-29,2026-07-02,Money Management,Financial Accounts,,0,0
2026-07-13,2026-07-18,Money Management,Bridge,,0,0
2021-12-27,2022-01-01,Money Management,Other BaaS Products,-7419.66,,
2024-09-30,2024-09-30,Money Management,Mass Payouts,84,,
2023-07-10,2023-07-11,Money Management,Other BaaS Products,-9034.39,,
2025-03-03,2025-03-05,Money Management,Mass Payouts,530.25,0,0
2026-05-04,2026-05-04,Money Management,Faster Payouts,,0,0
2025-02-10,2025-02-10,Money Management,Other BaaS Products,-3931.47,0,0
2023-11-27,2023-11-27,Money Management,Other BaaS Products,-4413,,
2021-10-04,2021-10-05,Money Management,Other BaaS Products,-12279.41,,
2025-03-24,2025-03-29,Money Management,Mass Payouts,26,0,0
2025-12-08,2025-12-08,Money Management,Other BaaS Products,-2650.56,0,0
2025-02-17,2025-02-17,Money Management,Other BaaS Products,-3028.26,0,0
2026-02-02,2026-02-07,Money Management,Mass Payouts,11388.01137,0,0
2025-05-26,2025-05-26,Money Management,Other BaaS Products,-2053.45,0,0
2025-05-12,2025-05-17,Money Management,Faster Payouts,14057.24806,0,0
2022-04-11,2022-04-12,Money Management,Other BaaS Products,-12942.76,,
2025-09-15,2025-09-18,Money Management,Financial Accounts,7990.16604,0,0
2025-05-19,2025-05-25,Money Management,Mass Payouts,8.25,0,0
2026-03-09,2026-03-13,Money Management,Other BaaS Products,-3933.37,0,0
2023-01-16,2023-01-20,Money Management,Other BaaS Products,-7360.94,,
2024-10-07,2024-10-09,Money Management,Mass Payouts,46.25,,
2025-12-22,2025-12-23,Money Management,Other BaaS Products,-2655.37,0,0
2021-07-26,2021-07-26,Money Management,Other BaaS Products,-5595.52,,
2025-08-18,2025-08-19,Money Management,Financial Accounts,-5560.463901,0,0
2021-12-06,2021-12-10,Money Management,Other BaaS Products,-14008.83,,
2023-04-17,2023-04-23,Money Management,Other BaaS Products,-3935.1,,
2025-05-26,2025-05-28,Money Management,Financial Accounts,136903.3656,0,0
2025-10-27,2025-10-30,Money Management,Faster Payouts,37715.26426,0,0
2021-12-20,2021-12-24,Money Management,Other BaaS Products,-8483.52,,
2025-03-31,2025-04-05,Money Management,Financial Accounts,-54284.82,0,0
2026-02-16,2026-02-16,Money Management,Mass Payouts,14431.69939,0,0
2026-01-26,2026-01-26,Money Management,Mass Payouts,27268.02876,0,0
2022-08-22,2022-08-25,Money Management,Other BaaS Products,-9377.74,,
2022-05-09,2022-05-11,Money Management,Other BaaS Products,-12900.52,,
2025-03-31,2025-04-04,Money Management,Mass Payouts,-1.98,0,0
2026-05-11,2026-05-14,Money Management,Financial Accounts,,0,0
2026-11-02,2026-11-04,Money Management,Other BaaS Products,,0,0
2026-01-26,2026-02-01,Money Management,Money Management Stretch,0,90388.06711,0
2026-07-13,2026-07-19,Money Management,Bridge,,0,0
2025-02-10,2025-02-10,Money Management,Bridge,0,0,0
2026-08-10,2026-08-10,Money Management,Faster Payouts,,0,0
2026-03-16,2026-03-22,Money Management,Bridge,0,0,0
2025-08-04,2025-08-05,Money Management,Bridge,0,0,0
2025-03-17,2025-03-22,Money Management,Bridge,0,0,0
2026-11-30,2026-12-04,Money Management,Money Management Stretch,,62996.05707,0
2026-11-16,2026-11-20,Money Management,Bridge,,0,0
2026-08-17,2026-08-19,Money Management,Mass Payouts,,0,0
2026-12-14,2026-12-19,Money Management,Financial Accounts,,0,0
2026-10-26,2026-10-31,Money Management,Money Management Stretch,,61959.00061,0
2026-08-10,2026-08-16,Money Management,Bridge,,0,0
2026-12-21,2026-12-26,Money Management,Other BaaS Products,,0,0
2025-04-21,2025-04-24,Money Management,Bridge,0,0,0
2026-09-14,2026-09-16,Money Management,Money Management Stretch,,62366.64627,0
2026-11-30,2026-12-06,Money Management,Money Management Stretch,,62996.05707,0
2026-07-13,2026-07-16,Money Management,Other BaaS Products,,0,0
2026-10-19,2026-10-20,Money Management,Financial Accounts,,0,0
2026-11-02,2026-11-06,Money Management,Money Management Stretch,,62240.57827,0
2025-10-06,2025-10-12,Money Management,Bridge,0,0,0
2026-07-27,2026-07-28,Money Management,Financial Accounts,,0,0
2026-05-18,2026-05-19,Money Management,Other BaaS Products,,0,0
2026-11-30,2026-12-03,Money Management,Money Management Stretch,,62996.05707,0
2026-11-30,2026-12-06,Money Management,Other BaaS Products,,0,0
2026-11-16,2026-11-16,Money Management,Bridge,,0,0
2025-06-30,2025-07-05,Money Management,Bridge,0,0,0
2026-05-04,2026-05-08,Money Management,Faster Payouts,,0,0
2025-04-14,2025-04-14,Money Management,Mass Payouts,0,0,0
2025-04-14,2025-04-16,Money Management,Faster Payouts,15654.31956,0,0
2023-03-27,2023-03-29,Money Management,Other BaaS Products,-8823.24,,
2026-04-06,2026-04-11,Money Management,Financial Accounts,-1688028.983,0,0
2026-03-16,2026-03-19,Money Management,Other BaaS Products,-4543.24,0,0
2023-04-17,2023-04-17,Money Management,Other BaaS Products,-4498.1,,
2024-07-08,2024-07-11,Money Management,Mass Payouts,38.5,,
2026-02-16,2026-02-18,Money Management,Financial Accounts,-3764.798485,0,0
2026-03-16,2026-03-16,Money Management,Faster Payouts,48267.99439,0,0
2021-07-19,2021-07-22,Money Management,Other BaaS Products,-7807.67,,
2026-02-09,2026-02-15,Money Management,Faster Payouts,38030.8539,0,0
2026-04-06,2026-04-12,Money Management,Faster Payouts,32429.75256,0,0
2025-03-10,2025-03-13,Money Management,Financial Accounts,-828740.35,0,0
2026-02-09,2026-02-11,Money Management,Financial Accounts,-260546.1542,0,0
2025-01-20,2025-01-23,Money Management,Financial Accounts,30314.23,0,0
2024-06-24,2024-06-24,Money Management,Other BaaS Products,-6344,,
2025-08-11,2025-08-14,Money Management,Financial Accounts,-4621.735064,0,0
2025-01-06,2025-01-12,Money Management,Other BaaS Products,-2242.08,0,0
2022-02-21,2022-02-26,Money Management,Other BaaS Products,-10546.04,,
2025-12-08,2025-12-11,Money Management,Mass Payouts,8561.578645,0,0
2023-11-27,2023-11-28,Money Management,Other BaaS Products,-7671.69,,
2026-04-20,2026-04-23,Money Management,Mass Payouts,40975.40526,0,0
2024-01-01,2024-01-05,Money Management,Other BaaS Products,-6193.58,,
2025-05-05,2025-05-05,Money Management,Faster Payouts,15833.87535,0,0
2025-08-18,2025-08-18,Money Management,Financial Accounts,-4982.426651,0,0
2025-12-01,2025-12-04,Money Management,Financial Accounts,-5922.389239,0,0
2024-01-29,2024-02-01,Money Management,Faster Payouts,23452.22381,,
2026-02-23,2026-02-23,Money Management,Faster Payouts,41305.41547,0,0
2025-12-08,2025-12-08,Money Management,Mass Payouts,7490.53029,0,0
2026-02-23,2026-02-26,Money Management,Financial Accounts,-3998.913225,0,0
2024-09-16,2024-09-16,Money Management,Mass Payouts,135.25,,
2025-09-15,2025-09-18,Money Management,Faster Payouts,32005.14006,0,0
2026-02-16,2026-02-17,Money Management,Other BaaS Products,-3037.6,0,0
2021-03-29,2021-03-31,Money Management,Financial Accounts,-887.36,,
2026-07-20,2026-07-25,Money Management,Financial Accounts,,0,0
2026-04-27,2026-05-03,Money Management,Bridge,,0,0
2025-06-16,2025-06-21,Money Management,Bridge,0,0,0
2025-03-10,2025-03-16,Money Management,Faster Payouts,0,0,0
2026-05-18,2026-05-23,Money Management,Bridge,,0,0
2026-03-30,2026-04-04,Money Management,Money Management Stretch,0,59526.40594,0
2026-11-30,2026-12-06,Money Management,Mass Payouts,,0,0
2025-10-06,2025-10-11,Money Management,Bridge,0,0,0
2026-05-18,2026-05-18,Money Management,Financial Accounts,,0,0
2026-12-07,2026-12-11,Money Management,Other BaaS Products,,0,0
2026-06-08,2026-06-12,Money Management,Bridge,,0,0
2024-01-15,2024-01-19,Money Management,Other BaaS Products,-7244.14,,
2024-10-07,2024-10-07,Money Management,Financial Accounts,-499765.31,,
2023-11-27,2023-11-30,Money Management,Other BaaS Products,287892.72,,
2023-01-02,2023-01-04,Money Management,Other BaaS Products,-9676.89,,
2023-10-16,2023-10-18,Money Management,Other BaaS Products,-8009.83,,
2025-07-21,2025-07-22,Money Management,Other BaaS Products,-3529.13,0,0
2026-03-16,2026-03-21,Money Management,Mass Payouts,19596.4833,0,0
2021-10-04,2021-10-06,Money Management,Financial Accounts,14003,,
2024-11-18,2024-11-23,Money Management,Other BaaS Products,-4588.26,,
2022-12-05,2022-12-11,Money Management,Other BaaS Products,-6043.5,,
2023-04-24,2023-04-30,Money Management,Other BaaS Products,293108.22,,
2022-06-27,2022-07-02,Money Management,Other BaaS Products,-19071.47,,
2024-10-07,2024-10-09,Money Management,Other BaaS Products,-8714.24,,
2024-08-12,2024-08-13,Money Management,Other BaaS Products,-7897.27,,
2024-04-22,2024-04-26,Money Management,Other BaaS Products,-7573.79,,
2024-09-09,2024-09-09,Money Management,Other BaaS Products,-4503.08,,
2025-03-03,2025-03-07,Money Management,Financial Accounts,1025677.48,0,0
2021-01-25,2021-01-29,Money Management,Other BaaS Products,190200.53,,
2025-05-26,2025-05-26,Money Management,Faster Payouts,13154.79467,0,0
2025-12-08,2025-12-10,Money Management,Faster Payouts,31469.44451,0,0
2026-03-16,2026-03-16,Money Management,Mass Payouts,20923.12227,0,0
2026-01-12,2026-01-16,Money Management,Financial Accounts,-34487.35548,0,0
2026-04-20,2026-04-22,Money Management,Mass Payouts,30665.3158,0,0
2022-10-03,2022-10-08,Money Management,Other BaaS Products,-11672.65,,
2026-04-20,2026-04-20,Money Management,Financial Accounts,-3564.741393,0,0
2026-03-30,2026-04-05,Money Management,Other BaaS Products,-3869.06,0,0
2022-03-14,2022-03-19,Money Management,Other BaaS Products,-12043.71,,
2025-04-14,2025-04-14,Money Management,Other BaaS Products,-2970.14,0,0
2025-10-06,2025-10-06,Money Management,Mass Payouts,2495.358768,0,0
2023-03-13,2023-03-19,Money Management,Other BaaS Products,-5132.22,,
2024-10-14,2024-10-18,Money Management,Other BaaS Products,-7045.46,,
2025-08-25,2025-08-29,Money Management,Mass Payouts,4159.455195,0,0
2025-05-26,2025-05-31,Money Management,Bridge,2303086.341,2303086.341,2303086.341
2025-03-10,2025-03-10,Money Management,Bridge,0,0,0
2026-07-20,2026-07-22,Money Management,Financial Accounts,,0,0
2026-08-17,2026-08-19,Money Management,Bridge,,0,0
2026-06-22,2026-06-27,Money Management,Other BaaS Products,,0,0
2025-08-25,2025-08-28,Money Management,Bridge,0,0,0
2026-11-16,2026-11-16,Money Management,Mass Payouts,,0,0
2026-06-29,2026-07-03,Money Management,Money Management Stretch,,58531.61449,0
2025-06-16,2025-06-18,Money Management,Bridge,0,0,0
2026-03-16,2026-03-20,Money Management,Bridge,0,0,0
2026-07-13,2026-07-17,Money Management,Money Management Stretch,,58531.61449,0
2024-12-30,2025-01-02,Money Management,Financial Accounts,0,0,0
2026-09-07,2026-09-11,Money Management,Mass Payouts,,0,0
2025-07-07,2025-07-11,Money Management,Bridge,0,0,0
2026-09-21,2026-09-26,Money Management,Mass Payouts,,0,0
2026-09-28,2026-09-30,Money Management,Mass Payouts,,606372.91,951869.35
2026-10-19,2026-10-22,Money Management,Faster Payouts,,0,0
2026-06-08,2026-06-11,Money Management,Faster Payouts,,0,0
2025-05-12,2025-05-16,Money Management,Bridge,0,0,0
2025-04-14,2025-04-16,Money Management,Bridge,0,0,0
2025-03-10,2025-03-14,Money Management,Financial Accounts,0,0,0
2026-12-21,2026-12-24,Money Management,Bridge,,0,0
2026-05-25,2026-05-30,Money Management,Bridge,,0,0
2026-06-22,2026-06-28,Money Management,Faster Payouts,,0,0
2021-08-30,2021-08-31,Money Management,Other BaaS Products,741953.4365,,
2025-01-20,2025-01-24,Money Management,Mass Payouts,656,0,0
2024-12-09,2024-12-13,Money Management,Other BaaS Products,-7583.09,,
2025-09-01,2025-09-03,Money Management,Other BaaS Products,-4401.29,0,0
2025-10-06,2025-10-12,Money Management,Mass Payouts,347.9023555,0,0
2025-08-04,2025-08-09,Money Management,Faster Payouts,14195.04325,0,0
2023-06-26,2023-07-01,Money Management,Other BaaS Products,-10485.35,,
2023-02-06,2023-02-10,Money Management,Other BaaS Products,-9187.91,,
2022-09-05,2022-09-07,Money Management,Other BaaS Products,-17576.76,,
2026-03-30,2026-04-02,Money Management,Faster Payouts,65388.75902,0,0
2025-08-11,2025-08-17,Money Management,Faster Payouts,14974.85069,0,0
2025-05-12,2025-05-12,Money Management,Financial Accounts,-4099.604336,0,0
2022-05-23,2022-05-25,Money Management,Other BaaS Products,-15547.51,,
2025-11-10,2025-11-10,Money Management,Financial Accounts,-5285.276792,0,0
2025-12-29,2025-12-29,Money Management,Other BaaS Products,-1315.22,0,0
2025-08-11,2025-08-16,Money Management,Other BaaS Products,-3547.49,0,0
2024-06-17,2024-06-23,Money Management,Other BaaS Products,-2533.69,,
2024-08-05,2024-08-11,Money Management,Other BaaS Products,-3486.03,,
2025-02-10,2025-02-11,Money Management,Mass Payouts,404.5604477,0,0
2024-12-16,2024-12-21,Money Management,Other BaaS Products,-4595.67,,
2024-07-22,2024-07-27,Money Management,Other BaaS Products,-4888.13,,
2024-02-05,2024-02-06,Money Management,Other BaaS Products,-7438.35,,
2024-03-04,2024-03-04,Money Management,Other BaaS Products,-4365.34,,
2025-02-10,2025-02-15,Money Management,Mass Payouts,54,0,0
2023-01-30,2023-01-30,Money Management,Other BaaS Products,-4356.34,,
2021-10-25,2021-10-31,Money Management,Financial Accounts,-31091.36,,
2025-04-28,2025-05-01,Money Management,Other BaaS Products,-12319.05,0,0
2022-05-30,2022-05-31,Money Management,Financial Accounts,-25069.75,,
2022-05-09,2022-05-14,Money Management,Other BaaS Products,-8693.12,,
2025-07-28,2025-07-31,Money Management,Faster Payouts,14329.13138,624205.0009,624205.0009
2025-03-31,2025-04-06,Money Management,Financial Accounts,-3498.84,0,0
2026-01-12,2026-01-12,Money Management,Other BaaS Products,-2862.07,0,0
2024-03-11,2024-03-14,Money Management,Financial Accounts,0,,
2025-09-22,2025-09-23,Money Management,Faster Payouts,37220.19286,0,0
2022-05-23,2022-05-23,Money Management,Other BaaS Products,-6445.6,,
2024-11-18,2024-11-19,Money Management,Financial Accounts,8235.83,,
2025-03-24,2025-03-24,Money Management,Bridge,0,0,0
2026-12-07,2026-12-10,Money Management,Other BaaS Products,,0,0
2026-12-14,2026-12-16,Money Management,Bridge,,0,0
2026-03-23,2026-03-23,Money Management,Money Management Stretch,0,59782.24803,0
2026-05-25,2026-05-29,Money Management,Financial Accounts,,0,0
2026-07-20,2026-07-25,Money Management,Other BaaS Products,,0,0
2026-07-13,2026-07-15,Money Management,Money Management Stretch,,58531.61449,0
2026-08-31,2026-09-03,Money Management,Other BaaS Products,,0,0
2026-03-23,2026-03-28,Money Management,Money Management Stretch,0,59782.24803,0
2026-07-20,2026-07-26,Money Management,Other BaaS Products,,0,0
2026-06-15,2026-06-18,Money Management,Bridge,,0,0
2026-05-25,2026-05-28,Money Management,Other BaaS Products,,0,0
2026-09-21,2026-09-25,Money Management,Mass Payouts,,0,0
2025-03-24,2025-03-26,Money Management,Bridge,0,0,0
2026-06-15,2026-06-18,Money Management,Mass Payouts,,0,0
2026-08-03,2026-08-05,Money Management,Mass Payouts,,0,0
2025-05-26,2025-05-27,Money Management,Bridge,0,0,0
2026-01-12,2026-01-17,Money Management,Mass Payouts,7994.005638,0,0
2024-08-26,2024-08-30,Money Management,Mass Payouts,24.25,,
2024-01-08,2024-01-11,Money Management,Other BaaS Products,-5565.07,,
2024-05-13,2024-05-18,Money Management,Other BaaS Products,-5760.42,,
2025-05-19,2025-05-21,Money Management,Financial Accounts,-4126.61,0,0
2025-06-02,2025-06-05,Money Management,Faster Payouts,24789.19403,0,0
2021-07-12,2021-07-18,Money Management,Other BaaS Products,-7284.39,,
2025-02-03,2025-02-08,Money Management,Other BaaS Products,-6663.57,0,0
2023-09-25,2023-09-26,Money Management,Other BaaS Products,-8608.51,,
2024-03-04,2024-03-09,Money Management,Other BaaS Products,-5566.72,,
2025-05-19,2025-05-25,Money Management,Financial Accounts,-4380.25,0,0
2026-04-06,2026-04-10,Money Management,Other BaaS Products,-3743.71,0,0
2025-09-08,2025-09-08,Money Management,Faster Payouts,22090.61904,0,0
2025-08-11,2025-08-12,Money Management,Other BaaS Products,-5046.31,0,0
2023-12-04,2023-12-07,Money Management,Other BaaS Products,-3670.15,,
2024-12-09,2024-12-14,Money Management,Other BaaS Products,-4865.43,,
2025-04-28,2025-04-30,Money Management,Bridge,1929253.997,1929253.997,1929253.997
2024-03-25,2024-03-31,Money Management,Financial Accounts,2084688.41,,
2024-09-16,2024-09-18,Money Management,Other BaaS Products,-6914.8,,
2021-08-02,2021-08-08,Money Management,Other BaaS Products,-5794.07,,
2024-04-29,2024-04-29,Money Management,Other BaaS Products,-5163.08,,
2023-07-10,2023-07-12,Money Management,Other BaaS Products,-9925.1,,
2025-12-29,2026-01-02,Money Management,Other BaaS Products,-6267.53,0,0
2024-10-28,2024-10-30,Money Management,Mass Payouts,99.25,,
2022-10-10,2022-10-16,Money Management,Other BaaS Products,-6675.62,,
2025-10-27,2025-10-27,Money Management,Faster Payouts,30146.04258,0,0
2022-02-14,2022-02-19,Money Management,Other BaaS Products,-14491.29,,
2026-03-02,2026-03-07,Money Management,Faster Payouts,39083.23113,0,0
2023-01-16,2023-01-16,Money Management,Other BaaS Products,-3999.62,,
2023-07-31,2023-08-05,Money Management,Other BaaS Products,8690.98,,
2026-04-13,2026-04-17,Money Management,Other BaaS Products,-4488.21,0,0
2025-02-10,2025-02-13,Money Management,Mass Payouts,413.3207998,0,0
2025-04-07,2025-04-12,Money Management,Other BaaS Products,-5322.41,0,0
2026-02-02,2026-02-03,Money Management,Other BaaS Products,-5263.8,0,0
2025-04-28,2025-05-03,Money Management,Financial Accounts,-4528.86,0,0
2025-04-28,2025-04-28,Money Management,Financial Accounts,127782.7828,0,0
2025-12-22,2025-12-27,Money Management,Other BaaS Products,-2021.42,0,0
2025-10-13,2025-10-17,Money Management,Mass Payouts,3349.4736,0,0
2026-03-02,2026-03-05,Money Management,Financial Accounts,-3709.085318,0,0
2025-09-29,2025-10-03,Money Management,Bridge,0,0,0
2026-06-01,2026-06-01,Money Management,Bridge,,0,0
2026-07-27,2026-07-31,Money Management,Money Management Stretch,,58531.61449,0
2026-08-31,2026-09-02,Money Management,Faster Payouts,,0,0
2026-11-16,2026-11-22,Money Management,Financial Accounts,,0,0
2026-10-05,2026-10-09,Money Management,Other BaaS Products,,0,0
2026-08-31,2026-09-01,Money Management,Mass Payouts,,0,0
2026-09-28,2026-09-28,Money Management,Money Management Stretch,,62366.64627,0
2025-09-15,2025-09-19,Money Management,Bridge,0,0,0
2026-08-10,2026-08-12,Money Management,Money Management Stretch,,55698.44481,0
2025-05-12,2025-05-13,Money Management,Bridge,0,0,0
2026-07-27,2026-08-02,Money Management,Faster Payouts,,0,0
2025-06-09,2025-06-13,Money Management,Bridge,0,0,0
2026-08-31,2026-09-05,Money Management,Faster Payouts,,0,0
2026-11-16,2026-11-17,Money Management,Financial Accounts,,0,0
2026-09-28,2026-10-04,Money Management,Mass Payouts,,0,0
2026-12-21,2026-12-25,Money Management,Other BaaS Products,,0,0
2026-06-15,2026-06-20,Money Management,Other BaaS Products,,0,0
2026-12-28,2026-12-28,Money Management,Other BaaS Products,,0,0
2026-06-29,2026-06-30,Money Management,Mass Payouts,,251143.01,798760.93
2026-05-18,2026-05-23,Money Management,Faster Payouts,,0,0
2025-04-07,2025-04-13,Money Management,Bridge,0,0,0
2026-12-07,2026-12-12,Money Management,Money Management Stretch,,62996.05707,0
2025-10-06,2025-10-08,Money Management,Bridge,0,0,0
2026-06-15,2026-06-15,Money Management,Financial Accounts,,0,0
2026-06-22,2026-06-23,Money Management,Money Management Stretch,,61733.51194,0
2025-03-17,2025-03-17,Money Management,Faster Payouts,0,0,0
2025-09-22,2025-09-24,Money Management,Financial Accounts,-4247.821383,0,0
2022-08-01,2022-08-02,Money Management,Other BaaS Products,-23275.38,,
2026-03-23,2026-03-24,Money Management,Faster Payouts,48721.22659,0,0
2024-03-04,2024-03-06,Money Management,Financial Accounts,-336112.23,,
2025-12-08,2025-12-09,Money Management,Faster Payouts,29463.48259,0,0
2024-12-23,2024-12-27,Money Management,Other BaaS Products,-2851.03,,
2025-12-08,2025-12-12,Money Management,Other BaaS Products,-4827.73,0,0
2022-03-14,2022-03-18,Money Management,Other BaaS Products,-10050.14,,
2021-11-22,2021-11-26,Money Management,Other BaaS Products,-9632.8,,
2023-03-27,2023-03-31,Money Management,Financial Accounts,115739.05,,
2024-05-27,2024-06-01,Money Management,Faster Payouts,110959.5765,,
2024-01-29,2024-02-02,Money Management,Other BaaS Products,-22776.22,,
2022-03-28,2022-03-29,Money Management,Other BaaS Products,-21469.3,,
2025-08-11,2025-08-11,Money Management,Mass Payouts,2304.809641,0,0
2023-10-30,2023-10-31,Money Management,Other BaaS Products,293019.02,,
2023-10-02,2023-10-05,Money Management,Financial Accounts,-301292.73,,
2026-04-13,2026-04-16,Money Management,Faster Payouts,57770.6117,0,0
2025-10-27,2025-10-28,Money Management,Financial Accounts,232676.5328,0,0
2022-08-22,2022-08-24,Money Management,Other BaaS Products,-10514.19,,
2025-09-08,2025-09-13,Money Management,Financial Accounts,-5481.7,0,0
2023-07-03,2023-07-04,Money Management,Financial Accounts,-0.01,,
2024-12-23,2024-12-25,Money Management,Mass Payouts,6,,
2023-06-12,2023-06-15,Money Management,Other BaaS Products,-9567.08,,
2025-06-09,2025-06-11,Money Management,Financial Accounts,-3211126.736,0,0
2025-10-20,2025-10-24,Money Management,Mass Payouts,3656.17715,0,0
2022-07-25,2022-07-29,Money Management,Financial Accounts,0.25,,
2024-02-26,2024-03-02,Money Management,Financial Accounts,0.01,,
2023-01-09,2023-01-10,Money Management,Financial Accounts,-48797,,
2025-02-24,2025-02-28,Money Management,Mass Payouts,2378.791951,15245.10835,15245.10835
2022-08-01,2022-08-01,Money Management,Financial Accounts,-0.01,,
2025-06-16,2025-06-16,Money Management,Faster Payouts,17803.04435,0,0
2022-12-05,2022-12-07,Money Management,Financial Accounts,17065.27,,
2025-02-24,2025-02-25,Money Management,Mass Payouts,410.3207998,0,0
2025-09-15,2025-09-17,Money Management,Financial Accounts,-4699.07,0,0
2024-11-11,2024-11-16,Money Management,Other BaaS Products,-5372.39,,
2023-10-09,2023-10-13,Money Management,Financial Accounts,0.01,,
2024-06-10,2024-06-15,Money Management,Other BaaS Products,-8619.37,,
2025-08-11,2025-08-13,Money Management,Other BaaS Products,-3917.98,0,0
2024-11-11,2024-11-11,Money Management,Other BaaS Products,-3787.66,,
2023-01-02,2023-01-08,Money Management,Other BaaS Products,-5200.22,,
2023-11-27,2023-12-01,Money Management,Faster Payouts,14341.7,,
2024-05-20,2024-05-20,Money Management,Other BaaS Products,-4123.53,,
2026-11-30,2026-12-03,Money Management,Financial Accounts,,0,0
2026-08-10,2026-08-16,Money Management,Faster Payouts,,0,0
2026-09-21,2026-09-22,Money Management,Financial Accounts,,0,0
2026-03-02,2026-03-07,Money Management,Bridge,0,0,0
2026-09-21,2026-09-24,Money Management,Money Management Stretch,,62366.64627,0
2025-02-10,2025-02-12,Money Management,Bridge,0,0,0
2026-08-31,2026-09-04,Money Management,Bridge,,0,0
2025-08-25,2025-08-26,Money Management,Bridge,0,0,0
2026-03-02,2026-03-08,Money Management,Money Management Stretch,0,59782.24803,0
2025-02-03,2025-02-05,Money Management,Bridge,0,0,0
2026-11-16,2026-11-22,Money Management,Bridge,,0,0
2026-07-20,2026-07-23,Money Management,Money Management Stretch,,58531.61449,0
2026-09-07,2026-09-08,Money Management,Bridge,,0,0
2026-03-02,2026-03-05,Money Management,Bridge,0,0,0
2025-01-06,2025-01-11,Money Management,Faster Payouts,0,0,0
2025-02-17,2025-02-19,Money Management,Faster Payouts,0,0,0
2025-10-13,2025-10-18,Money Management,Bridge,0,0,0
2026-09-28,2026-10-02,Money Management,Money Management Stretch,,61959.00061,0
2025-02-17,2025-02-22,Money Management,Bridge,0,0,0
2023-07-03,2023-07-07,Money Management,Financial Accounts,46222.22,,
2024-06-03,2024-06-05,Money Management,Mass Payouts,14,,
2025-09-22,2025-09-23,Money Management,Financial Accounts,-47717.25241,0,0
2022-06-27,2022-06-30,Money Management,Other BaaS Products,441129.9858,,
2025-01-20,2025-01-24,Money Management,Other BaaS Products,-4962.92,0,0
2025-12-29,2025-12-29,Money Management,Mass Payouts,10047.95042,0,0
2022-03-14,2022-03-17,Money Management,Other BaaS Products,-15968.66,,
2024-10-21,2024-10-21,Money Management,Mass Payouts,124.5,,
2026-03-30,2026-04-01,Money Management,Mass Payouts,31409.7437,0,0
2023-08-28,2023-08-30,Money Management,Other BaaS Products,-14401.13,,
2025-06-23,2025-06-23,Money Management,Other BaaS Products,-1618.67,0,0
2026-02-09,2026-02-14,Money Management,Financial Accounts,-5781.829385,0,0
2025-07-21,2025-07-27,Money Management,Mass Payouts,613.2095185,0,0
2025-08-04,2025-08-07,Money Management,Faster Payouts,-64260.93741,0,0
2025-10-06,2025-10-10,Money Management,Faster Payouts,33222.54395,0,0
2024-06-10,2024-06-11,Money Management,Mass Payouts,17.25,,
2025-02-17,2025-02-22,Money Management,Mass Payouts,39,0,0
2022-07-11,2022-07-11,Money Management,Other BaaS Products,-4563.81,,
2023-05-08,2023-05-10,Money Management,Other BaaS Products,-10992.74,,
2019-12-30,2019-12-31,Money Management,Other BaaS Products,-951.8006097,,
2023-07-10,2023-07-10,Money Management,Financial Accounts,-674132.3,,
2022-02-28,2022-03-04,Money Management,Other BaaS Products,-19203.86,,
2025-03-03,2025-03-06,Money Management,Faster Payouts,-147757.6099,0,0
2026-03-30,2026-04-03,Money Management,Other BaaS Products,-8240.73,0,0
2025-12-22,2025-12-26,Money Management,Mass Payouts,9715.593905,0,0
2024-01-22,2024-01-22,Money Management,Financial Accounts,0,,
2022-06-06,2022-06-07,Money Management,Financial Accounts,-7432.13,,
2026-06-15,2026-06-15,Money Management,Bridge,,0,0
2026-10-12,2026-10-18,Money Management,Mass Payouts,,0,0
2026-10-12,2026-10-18,Money Management,Other BaaS Products,,0,0
2025-08-11,2025-08-16,Money Management,Bridge,0,0,0
2026-08-31,2026-09-03,Money Management,Mass Payouts,,0,0
2026-05-18,2026-05-21,Money Management,Financial Accounts,,0,0
2026-12-21,2026-12-23,Money Management,Money Management Stretch,,62996.05707,0
2025-11-24,2025-11-29,Money Management,Bridge,0,0,0
2026-07-06,2026-07-10,Money Management,Mass Payouts,,0,0
2026-05-11,2026-05-17,Money Management,Mass Payouts,,0,0
2026-08-10,2026-08-12,Money Management,Mass Payouts,,0,0
2026-11-30,2026-12-01,Money Management,Financial Accounts,,0,0
2026-12-21,2026-12-23,Money Management,Other BaaS Products,,0,0
2026-10-26,2026-10-31,Money Management,Financial Accounts,,1310724.92,1288404.96
2025-05-05,2025-05-07,Money Management,Bridge,0,0,0
2025-05-19,2025-05-19,Money Management,Bridge,0,0,0
2026-03-02,2026-03-03,Money Management,Money Management Stretch,0,59782.24803,0
2026-08-31,2026-09-01,Money Management,Money Management Stretch,,62366.64627,0
2025-07-28,2025-07-29,Money Management,Bridge,0,0,0
2026-10-26,2026-10-31,Money Management,Mass Payouts,,721104.01,1029782.54
2025-03-10,2025-03-11,Money Management,Faster Payouts,0,0,0
2021-10-11,2021-10-12,Money Management,Other BaaS Products,-11588.69,,
2025-07-14,2025-07-16,Money Management,Other BaaS Products,-5536.77,0,0
2025-11-17,2025-11-23,Money Management,Mass Payouts,1067.688394,0,0
2024-12-30,2025-01-03,Money Management,Other BaaS Products,-5841.36,0,0
2025-12-01,2025-12-05,Money Management,Faster Payouts,-99007.80562,0,0
2025-01-27,2025-01-31,Money Management,Financial Accounts,2942451.041,929232.2211,929232.2211
2024-10-14,2024-10-16,Money Management,Mass Payouts,65.5,,
2026-03-30,2026-04-04,Money Management,Financial Accounts,-6110.959285,0,0
2021-11-08,2021-11-08,Money Management,Other BaaS Products,-6168.35,,
2023-11-20,2023-11-22,Money Management,Financial Accounts,-59367.62,,
2025-01-13,2025-01-14,Money Management,Faster Payouts,0,0,0
2025-12-15,2025-12-15,Money Management,Faster Payouts,43220.44307,0,0
2025-10-27,2025-10-31,Money Management,Other BaaS Products,164098.17,37286.06,37286.06
2024-04-22,2024-04-22,Money Management,Other BaaS Products,-688879.86,,
2025-06-16,2025-06-21,Money Management,Other BaaS Products,-3141.07,0,0
2025-06-16,2025-06-16,Money Management,Financial Accounts,-5614.354336,0,0
2026-01-12,2026-01-13,Money Management,Financial Accounts,-5543.668132,0,0
2025-12-29,2025-12-30,Money Management,Financial Accounts,-5029.500836,0,0
2026-02-23,2026-02-25,Money Management,Faster Payouts,49836.41956,0,0
2025-06-16,2025-06-22,Money Management,Financial Accounts,-5561.85,0,0
2025-03-17,2025-03-18,Money Management,Financial Accounts,235,0,0
2022-06-27,2022-07-01,Money Management,Financial Accounts,-0.04,,
2024-12-09,2024-12-11,Money Management,Financial Accounts,-280401.65,,
2024-03-18,2024-03-18,Money Management,Other BaaS Products,-5403.01,,
2022-05-30,2022-06-04,Money Management,Other BaaS Products,-16847.82,,
2025-12-15,2025-12-19,Money Management,Mass Payouts,9580.639114,0,0
2023-06-05,2023-06-10,Money Management,Other BaaS Products,-5929.58,,
2024-07-15,2024-07-16,Money Management,Mass Payouts,33,,
2024-07-29,2024-08-01,Money Management,Financial Accounts,-665129.52,,
2023-09-04,2023-09-05,Money Management,Other BaaS Products,-6368.99,,
2021-08-09,2021-08-11,Money Management,Financial Accounts,-6707.76,,
2026-08-24,2026-08-25,Money Management,Money Management Stretch,,55698.44481,0
2026-10-05,2026-10-10,Money Management,Financial Accounts,,0,0
2026-11-09,2026-11-15,Money Management,Money Management Stretch,,62240.57827,0
2026-11-23,2026-11-27,Money Management,Money Management Stretch,,62240.57827,0
2026-06-29,2026-07-03,Money Management,Faster Payouts,,0,0
2026-07-20,2026-07-21,Money Management,Financial Accounts,,0,0
2026-01-05,2026-01-08,Money Management,Bridge,0,0,0
2026-01-12,2026-01-17,Money Management,Bridge,0,0,0
2026-05-25,2026-05-31,Money Management,Faster Payouts,,1335041.64,1456702.3
2026-08-31,2026-09-06,Money Management,Other BaaS Products,,0,0
2026-07-06,2026-07-09,Money Management,Financial Accounts,,0,0
2026-05-11,2026-05-15,Money Management,Bridge,,0,0
2026-02-23,2026-03-01,Money Management,Bridge,0,0,0
2026-06-29,2026-07-02,Money Management,Money Management Stretch,,58531.61449,0
2026-09-28,2026-10-03,Money Management,Money Management Stretch,,61959.00061,0
2026-11-16,2026-11-21,Money Management,Mass Payouts,,0,0
2026-11-30,2026-12-04,Money Management,Financial Accounts,,0,0
2026-12-28,2026-12-30,Money Management,Financial Accounts,,0,0
2026-10-19,2026-10-23,Money Management,Faster Payouts,,0,0
2026-08-24,2026-08-26,Money Management,Money Management Stretch,,55698.44481,0
2026-11-09,2026-11-15,Money Management,Mass Payouts,,0,0
2026-07-06,2026-07-06,Money Management,Mass Payouts,,0,0
2026-08-10,2026-08-12,Money Management,Other BaaS Products,,0,0
2026-08-24,2026-08-29,Money Management,Mass Payouts,,0,0
2026-12-14,2026-12-15,Money Management,Financial Accounts,,0,0
2025-11-10,2025-11-11,Money Management,Bridge,0,0,0
2025-01-20,2025-01-26,Money Management,Financial Accounts,0,0,0
2026-10-26,2026-11-01,Money Management,Money Management Stretch,,62240.57827,0
2025-11-17,2025-11-18,Money Management,Bridge,0,0,0
2026-07-27,2026-07-28,Money Management,Other BaaS Products,,0,0
2026-05-18,2026-05-21,Money Management,Other BaaS Products,,0,0
2026-08-24,2026-08-27,Money Management,Financial Accounts,,0,0
2026-08-17,2026-08-23,Money Management,Faster Payouts,,0,0
2026-09-07,2026-09-13,Money Management,Financial Accounts,,0,0
2026-02-02,2026-02-05,Money Management,Money Management Stretch,0,90388.06711,0
2026-06-08,2026-06-14,Money Management,Money Management Stretch,,61733.51194,0
2025-11-10,2025-11-16,Money Management,Bridge,0,0,0
2025-05-19,2025-05-24,Money Management,Bridge,0,0,0
2025-10-27,2025-10-30,Money Management,Mass Payouts,2267.066776,0,0
2023-05-29,2023-06-02,Money Management,Other BaaS Products,-18089.9,,
2025-07-28,2025-07-31,Money Management,Other BaaS Products,165952.07,40574.76,40574.76
2026-03-23,2026-03-27,Money Management,Faster Payouts,113276.8273,0,0
2026-03-02,2026-03-06,Money Management,Financial Accounts,1402580.928,0,0
2023-01-09,2023-01-14,Money Management,Other BaaS Products,-7742.84,,
2025-10-20,2025-10-22,Money Management,Other BaaS Products,-3648.54,0,0
2024-01-01,2024-01-03,Money Management,Financial Accounts,0,,
2026-03-16,2026-03-19,Money Management,Mass Payouts,35229.08118,0,0
2025-04-21,2025-04-21,Money Management,Financial Accounts,-29357.18,0,0
2025-10-13,2025-10-15,Money Management,Faster Payouts,22035.41607,0,0
2023-09-04,2023-09-04,Money Management,Financial Accounts,0.01,,
2025-10-20,2025-10-20,Money Management,Faster Payouts,29209.60992,0,0
2025-08-25,2025-08-27,Money Management,Financial Accounts,-4089.900304,0,0
2025-09-08,2025-09-12,Money Management,Financial Accounts,-5260.29,0,0
2025-09-29,2025-10-01,Money Management,Faster Payouts,67352.79562,0,0
2025-06-09,2025-06-10,Money Management,Faster Payouts,15539.13208,0,0
2025-11-10,2025-11-12,Money Management,Mass Payouts,3879.858642,0,0
2022-10-03,2022-10-03,Money Management,Other BaaS Products,-19963.34,,
2019-07-29,2019-07-31,Money Management,Other BaaS Products,39976.74496,,
2024-12-09,2024-12-14,Money Management,Financial Accounts,-139.32,,
2021-02-22,2021-02-28,Money Management,Financial Accounts,8575.64,,
2023-08-14,2023-08-18,Money Management,Financial Accounts,0,,
2024-07-22,2024-07-22,Money Management,Financial Accounts,0.3,,
2022-07-18,2022-07-19,Money Management,Other BaaS Products,-9382.88,,
2022-09-12,2022-09-12,Money Management,Other BaaS Products,-5542.5,,
2026-02-23,2026-02-26,Money Management,Other BaaS Products,-3665.26,0,0
2025-05-19,2025-05-19,Money Management,Financial Accounts,-4500.29,0,0
2025-10-27,2025-10-29,Money Management,Financial Accounts,-4563.03897,0,0
2025-11-17,2025-11-20,Money Management,Other BaaS Products,-3739.29,0,0
2026-04-13,2026-04-15,Money Management,Mass Payouts,46519.11218,0,0
2026-03-23,2026-03-29,Money Management,Faster Payouts,95780.41689,0,0
2024-12-02,2024-12-04,Money Management,Other BaaS Products,-7955.36,,
2025-06-02,2025-06-03,Money Management,Other BaaS Products,-7955.35,0,0
2021-09-13,2021-09-14,Money Management,Other BaaS Products,-9916.6,,
2025-11-24,2025-11-30,Money Management,Bridge,4859160.974,4859160.974,4859160.974
2024-09-02,2024-09-06,Money Management,Mass Payouts,56,,
2025-04-21,2025-04-26,Money Management,Faster Payouts,11338.01464,0,0
2025-03-24,2025-03-28,Money Management,Other BaaS Products,-5541.69,0,0
2023-06-19,2023-06-20,Money Management,Other BaaS Products,-6610.15,,
2025-03-17,2025-03-21,Money Management,Financial Accounts,0,0,0
2026-11-30,2026-12-05,Money Management,Faster Payouts,,0,0
2026-08-17,2026-08-22,Money Management,Financial Accounts,,0,0
2026-06-08,2026-06-12,Money Management,Faster Payouts,,0,0
2026-06-22,2026-06-27,Money Management,Financial Accounts,,0,0
2026-08-17,2026-08-20,Money Management,Other BaaS Products,,0,0
2026-11-09,2026-11-09,Money Management,Faster Payouts,,0,0
2026-07-20,2026-07-23,Money Management,Financial Accounts,,0,0
2026-05-25,2026-05-26,Money Management,Other BaaS Products,,0,0
2026-03-16,2026-03-16,Money Management,Bridge,0,0,0
2025-06-02,2025-06-02,Money Management,Bridge,0,0,0
2026-08-17,2026-08-21,Money Management,Financial Accounts,,0,0
2026-06-29,2026-07-01,Money Management,Money Management Stretch,,58531.61449,0
2025-09-15,2025-09-21,Money Management,Bridge,0,0,0
2026-10-26,2026-11-01,Money Management,Financial Accounts,,0,0
2026-10-26,2026-10-28,Money Management,Financial Accounts,,0,0
2026-04-20,2026-04-26,Money Management,Bridge,0,0,0
2026-03-09,2026-03-15,Money Management,Money Management Stretch,0,59782.24803,0
2026-05-04,2026-05-07,Money Management,Mass Payouts,,0,0
2026-06-22,2026-06-25,Money Management,Mass Payouts,,0,0
2026-09-21,2026-09-21,Money Management,Bridge,,0,0
2025-04-21,2025-04-23,Money Management,Bridge,0,0,0
2026-11-02,2026-11-02,Money Management,Other BaaS Products,,0,0
2026-04-06,2026-04-12,Money Management,Bridge,0,0,0
2026-04-06,2026-04-11,Money Management,Mass Payouts,19826.84134,0,0
2023-09-25,2023-10-01,Money Management,Faster Payouts,14458.03,,
2024-07-22,2024-07-26,Money Management,Faster Payouts,181.8509352,,
2026-02-02,2026-02-04,Money Management,Faster Payouts,49534.61805,0,0
2025-05-05,2025-05-10,Money Management,Financial Accounts,-4285.57,0,0
2024-11-11,2024-11-15,Money Management,Financial Accounts,56540.12,,
2026-04-13,2026-04-18,Money Management,Other BaaS Products,-4819.9,0,0
2026-02-09,2026-02-15,Money Management,Financial Accounts,-5843.311985,0,0
2024-02-26,2024-03-01,Money Management,Other BaaS Products,-10458.94,,
2025-06-02,2025-06-08,Money Management,Financial Accounts,-5819.93,0,0
2025-04-07,2025-04-09,Money Management,Financial Accounts,-4000.833584,0,0
2023-05-15,2023-05-15,Money Management,Other BaaS Products,-4343.44,,
2024-11-25,2024-11-30,Money Management,Other BaaS Products,224993.88,,
2024-11-04,2024-11-07,Money Management,Other BaaS Products,-5407.71,,
2025-05-26,2025-05-26,Money Management,Financial Accounts,-4353.6,0,0
2025-09-15,2025-09-19,Money Management,Financial Accounts,-4905.142326,0,0
2024-06-24,2024-06-27,Money Management,Mass Payouts,17.5,,
2025-03-31,2025-04-01,Money Management,Faster Payouts,147705.6426,0,0
2022-08-08,2022-08-10,Money Management,Other BaaS Products,-10858.49,,
2025-09-01,2025-09-01,Money Management,Mass Payouts,1302.577898,0,0
2025-08-25,2025-08-30,Money Management,Faster Payouts,18484.23179,0,0
2021-11-08,2021-11-13,Money Management,Other BaaS Products,-25921.52,,
2025-10-27,2025-11-01,Money Management,Other BaaS Products,-13573.03,0,0
2025-12-08,2025-12-14,Money Management,Other BaaS Products,-1844.23,0,0
2025-04-21,2025-04-21,Money Management,Faster Payouts,11366.78222,0,0
2022-02-07,2022-02-12,Money Management,Other BaaS Products,-12323.43,,
2022-07-25,2022-07-26,Money Management,Other BaaS Products,-9276.76,,
2020-08-24,2020-08-25,Money Management,Other BaaS Products,28347.67,,
2024-07-29,2024-07-31,Money Management,Other BaaS Products,270100.74,,
2024-03-04,2024-03-04,Money Management,Financial Accounts,0.03,,
2025-07-21,2025-07-22,Money Management,Financial Accounts,-12811.18,0,0
2025-08-11,2025-08-16,Money Management,Financial Accounts,-5057.895734,0,0
2023-06-19,2023-06-21,Money Management,Other BaaS Products,-8014.1,,
2022-09-26,2022-09-26,Money Management,Other BaaS Products,-5753.61,,
2026-04-13,2026-04-17,Money Management,Faster Payouts,60060.3615,0,0
2022-04-25,2022-04-30,Money Management,Other BaaS Products,565951.5498,,
2025-03-10,2025-03-12,Money Management,Mass Payouts,512.4103999,0,0
2025-01-06,2025-01-10,Money Management,Financial Accounts,-1306618.46,0,0
2025-01-27,2025-02-01,Money Management,Financial Accounts,120493,0,0
2026-06-01,2026-06-02,Money Management,Financial Accounts,,0,0
2026-11-09,2026-11-13,Money Management,Mass Payouts,,0,0
2026-07-27,2026-07-30,Money Management,Faster Payouts,,0,0
2025-06-09,2025-06-12,Money Management,Bridge,0,0,0
2026-10-26,2026-10-31,Money Management,Bridge,,7770768,7247500
2026-05-25,2026-05-29,Money Management,Faster Payouts,,0,0
2026-12-21,2026-12-24,Money Management,Money Management Stretch,,62996.05707,0
2026-05-04,2026-05-10,Money Management,Mass Payouts,,0,0
2026-11-30,2026-11-30,Money Management,Money Management Stretch,,62240.57827,0
2026-06-08,2026-06-09,Money Management,Money Management Stretch,,61733.51194,0
2026-06-22,2026-06-23,Money Management,Bridge,,0,0
2026-05-04,2026-05-05,Money Management,Other BaaS Products,,0,0
2026-09-14,2026-09-17,Money Management,Other BaaS Products,,0,0
2026-07-06,2026-07-06,Money Management,Bridge,,0,0
2026-05-25,2026-05-25,Money Management,Other BaaS Products,,0,0
2025-05-19,2025-05-22,Money Management,Bridge,0,0,0
2026-09-07,2026-09-07,Money Management,Other BaaS Products,,0,0
2025-05-05,2025-05-11,Money Management,Bridge,0,0,0
2026-06-29,2026-07-02,Money Management,Mass Payouts,,0,0
2026-10-26,2026-10-27,Money Management,Faster Payouts,,0,0
2026-01-19,2026-01-19,Money Management,Faster Payouts,39893.90525,0,0
2021-11-22,2021-11-28,Money Management,Other BaaS Products,-6870.8,,
2026-04-06,2026-04-09,Money Management,Financial Accounts,-3431.63668,0,0
2026-01-05,2026-01-07,Money Management,Other BaaS Products,-5738.29,0,0
2023-09-04,2023-09-08,Money Management,Other BaaS Products,-7095.58,,
2026-05-04,2026-05-04,Money Management,Financial Accounts,,0,0
2021-11-22,2021-11-22,Money Management,Other BaaS Products,-8368.86,,
2026-01-26,2026-01-28,Money Management,Other BaaS Products,-3721.83,0,0
2025-05-26,2025-05-30,Money Management,Mass Payouts,2739.936796,0,0
2024-12-09,2024-12-14,Money Management,Faster Payouts,170.0272013,,
2026-01-26,2026-01-30,Money Management,Faster Payouts,53667.2933,0,0
2024-08-05,2024-08-07,Money Management,Other BaaS Products,-6292.48,,
2024-09-09,2024-09-15,Money Management,Other BaaS Products,-4408.76,,
2024-02-26,2024-02-29,Money Management,Other BaaS Products,250936.2533,,
2025-09-15,2025-09-17,Money Management,Mass Payouts,1857.71202,0,0
2024-01-01,2024-01-01,Money Management,Faster Payouts,14380.3,,
2025-12-08,2025-12-12,Money Management,Faster Payouts,36315.15136,0,0
2024-01-01,2024-01-03,Money Management,Other BaaS Products,-9003.97,,
2023-08-14,2023-08-17,Money Management,Other BaaS Products,-6837.05,,
2025-12-01,2025-12-03,Money Management,Other BaaS Products,-7154.39,0,0
2023-01-30,2023-01-31,Money Management,Other BaaS Products,283187.49,,
2021-12-06,2021-12-08,Money Management,Other BaaS Products,-14548.91,,
2026-01-26,2026-01-31,Money Management,Mass Payouts,9943.003244,68314.45,447212.1036
2024-05-13,2024-05-17,Money Management,Financial Accounts,0.25,,
2019-08-26,2019-08-31,Money Management,Other BaaS Products,134108.9447,,
2024-08-19,2024-08-21,Money Management,Mass Payouts,52,,
2024-07-01,2024-07-02,Money Management,Mass Payouts,37.5,,
2025-08-04,2025-08-06,Money Management,Faster Payouts,20191.68951,0,0
2025-10-20,2025-10-20,Money Management,Financial Accounts,-6654.544372,0,0
2025-07-07,2025-07-09,Money Management,Faster Payouts,17610.38458,0,0
2025-01-06,2025-01-07,Money Management,Other BaaS Products,-5140.54,0,0
2022-06-20,2022-06-26,Money Management,Other BaaS Products,-16517.85,,
2026-04-27,2026-05-01,Money Management,Financial Accounts,,0,0
2022-07-18,2022-07-20,Money Management,Other BaaS Products,-9367.22,,
2025-01-27,2025-01-27,Money Management,Other BaaS Products,-2530.33,0,0
2026-03-02,2026-03-06,Money Management,Faster Payouts,-81743.59045,0,0
2025-08-18,2025-08-19,Money Management,Faster Payouts,22633.56089,0,0
2023-06-26,2023-06-30,Money Management,Financial Accounts,319200.69,,
2025-06-16,2025-06-16,Money Management,Mass Payouts,1324.015513,0,0
2022-05-23,2022-05-24,Money Management,Other BaaS Products,-12021.32,,
2025-02-17,2025-02-19,Money Management,Mass Payouts,446,0,0
2026-03-30,2026-03-30,Money Management,Faster Payouts,110508.2054,0,0
2023-12-11,2023-12-14,Money Management,Other BaaS Products,-7815.05,,
2023-04-03,2023-04-05,Money Management,Other BaaS Products,-7177.31,,
2025-01-27,2025-01-28,Money Management,Mass Payouts,403.972444,0,0
2026-11-30,2026-12-01,Money Management,Faster Payouts,,0,0
2026-05-04,2026-05-08,Money Management,Money Management Stretch,,58666.88449,0
2025-02-10,2025-02-12,Money Management,Faster Payouts,0,0,0
2026-11-23,2026-11-26,Money Management,Other BaaS Products,,0,0
2026-08-31,2026-09-04,Money Management,Other BaaS Products,,0,0
2025-09-01,2025-09-03,Money Management,Bridge,0,0,0
2025-04-07,2025-04-12,Money Management,Mass Payouts,0,0,0
2025-01-20,2025-01-26,Money Management,Faster Payouts,0,0,0
2026-11-30,2026-12-02,Money Management,Bridge,,0,0
2026-11-23,2026-11-29,Money Management,Mass Payouts,,0,0
2026-10-26,2026-10-31,Money Management,Faster Payouts,,1658313.01,1764586.03
2026-01-19,2026-01-25,Money Management,Bridge,0,0,0
2026-08-24,2026-08-28,Money Management,Mass Payouts,,0,0
2025-07-14,2025-07-18,Money Management,Bridge,0,0,0
2025-03-31,2025-04-03,Money Management,Mass Payouts,0,0,0
2026-08-24,2026-08-24,Money Management,Faster Payouts,,0,0
2025-02-10,2025-02-11,Money Management,Bridge,0,0,0
2026-09-14,2026-09-18,Money Management,Bridge,,0,0
2026-07-13,2026-07-14,Money Management,Bridge,,0,0
2026-01-19,2026-01-22,Money Management,Bridge,0,0,0
2026-12-14,2026-12-16,Money Management,Other BaaS Products,,0,0
2025-02-03,2025-02-05,Money Management,Faster Payouts,0,0,0
2026-09-21,2026-09-22,Money Management,Bridge,,0,0
2026-04-13,2026-04-16,Money Management,Money Management Stretch,0,59526.40594,0
2026-12-14,2026-12-18,Money Management,Other BaaS Products,,0,0
2026-03-02,2026-03-04,Money Management,Financial Accounts,-70417.46723,0,0
2021-11-22,2021-11-23,Money Management,Other BaaS Products,-441.79,,
2025-04-14,2025-04-16,Money Management,Mass Payouts,2,0,0
2024-09-23,2024-09-23,Money Management,Financial Accounts,0,,
2026-04-27,2026-04-29,Money Management,Other BaaS Products,-3186.9,0,0
2025-07-28,2025-07-29,Money Management,Mass Payouts,2601.821417,0,0
2026-01-19,2026-01-20,Money Management,Faster Payouts,52205.73106,0,0
2022-10-17,2022-10-21,Money Management,Other BaaS Products,-10170.5,,
2024-02-19,2024-02-25,Money Management,Other BaaS Products,-2979.89,,
2023-10-23,2023-10-25,Money Management,Other BaaS Products,-6444.93,,
2025-02-10,2025-02-13,Money Management,Financial Accounts,-956452.43,0,0
2024-05-27,2024-05-28,Money Management,Other BaaS Products,-5281.97,,
2025-09-15,2025-09-18,Money Management,Other BaaS Products,-2963.74,0,0
2023-02-27,2023-02-27,Money Management,Other BaaS Products,-4025.69,,
2024-10-21,2024-10-21,Money Management,Other BaaS Products,-9087.95,,
2023-01-02,2023-01-03,Money Management,Other BaaS Products,-15048.99,,
2022-06-20,2022-06-23,Money Management,Other BaaS Products,-18436.84,,
2025-09-15,2025-09-21,Money Management,Mass Payouts,326.9975456,0,0
2025-02-10,2025-02-12,Money Management,Other BaaS Products,-6116.73,0,0
2024-03-18,2024-03-20,Money Management,Financial Accounts,0,,
2024-01-29,2024-02-01,Money Management,Financial Accounts,-101103.6,,
2025-04-14,2025-04-17,Money Management,Faster Payouts,16120.56673,0,0
2026-03-23,2026-03-26,Money Management,Other BaaS Products,-4191.24,0,0
2025-10-06,2025-10-09,Money Management,Mass Payouts,1526.977356,0,0
2026-01-26,2026-01-31,Money Management,Faster Payouts,161124.2939,1009331.9,1242167.978
2025-12-22,2025-12-25,Money Management,Other BaaS Products,-1892.04,0,0
2025-04-14,2025-04-15,Money Management,Financial Accounts,-4248.437203,0,0
2023-05-22,2023-05-23,Money Management,Other BaaS Products,-7992.01,,
2025-08-18,2025-08-20,Money Management,Financial Accounts,-4367.009119,0,0
2026-03-30,2026-04-05,Money Management,Faster Payouts,30559.07303,0,0
2025-02-24,2025-03-01,Money Management,Faster Payouts,424053.7014,0,0
2023-09-18,2023-09-20,Money Management,Other BaaS Products,-11054.5,,
2025-04-14,2025-04-16,Money Management,Other BaaS Products,-4964.8,0,0
2024-11-18,2024-11-22,Money Management,Other BaaS Products,-4434.78,,
2021-07-19,2021-07-25,Money Management,Other BaaS Products,-5435.14,,
2021-07-26,2021-07-27,Money Management,Other BaaS Products,-7696.83,,
2024-11-04,2024-11-04,Money Management,Financial Accounts,0.01,,
2022-06-20,2022-06-24,Money Management,Other BaaS Products,-1721.61,,
2026-03-23,2026-03-26,Money Management,Money Management Stretch,0,59782.24803,0
2026-03-30,2026-03-30,Money Management,Bridge,0,0,0
2026-07-06,2026-07-12,Money Management,Faster Payouts,,0,0
2026-08-24,2026-08-30,Money Management,Financial Accounts,,0,0
2026-03-09,2026-03-14,Money Management,Bridge,0,0,0
2026-06-01,2026-06-04,Money Management,Bridge,,0,0
2026-07-13,2026-07-18,Money Management,Money Management Stretch,,58531.61449,0
2026-09-28,2026-10-03,Money Management,Other BaaS Products,,0,0
2026-09-21,2026-09-26,Money Management,Bridge,,0,0
2025-10-27,2025-10-28,Money Management,Bridge,0,0,0
2026-08-03,2026-08-07,Money Management,Financial Accounts,,0,0
2026-12-21,2026-12-26,Money Management,Financial Accounts,,0,0
2026-08-10,2026-08-11,Money Management,Other BaaS Products,,0,0
2025-05-19,2025-05-19,Money Management,Mass Payouts,0,0,0
2026-03-02,2026-03-06,Money Management,Bridge,0,0,0
2025-08-04,2025-08-06,Money Management,Bridge,0,0,0
2026-09-28,2026-09-29,Money Management,Financial Accounts,,0,0
2025-09-08,2025-09-12,Money Management,Bridge,0,0,0
2026-11-23,2026-11-23,Money Management,Financial Accounts,,0,0
2026-06-08,2026-06-12,Money Management,Financial Accounts,,0,0
2026-08-10,2026-08-10,Money Management,Bridge,,0,0
2025-05-19,2025-05-21,Money Management,Bridge,0,0,0
2025-02-24,2025-02-24,Money Management,Faster Payouts,0,0,0
2026-08-10,2026-08-11,Money Management,Money Management Stretch,,55698.44481,0
2025-05-05,2025-05-11,Money Management,Mass Payouts,0,0,0
2023-05-08,2023-05-09,Money Management,Other BaaS Products,-7057.8,,
2025-06-16,2025-06-22,Money Management,Other BaaS Products,-1780.96,0,0
2026-04-20,2026-04-25,Money Management,Other BaaS Products,-2737.28,0,0
2025-12-01,2025-12-07,Money Management,Faster Payouts,17290.56457,0,0
2025-06-23,2025-06-27,Money Management,Financial Accounts,-5574.73,0,0
2020-09-14,2020-09-16,Money Management,Other BaaS Products,0,,
2026-04-13,2026-04-16,Money Management,Other BaaS Products,-3933.51,0,0
2021-09-27,2021-10-03,Money Management,Other BaaS Products,-16185.69,,
2024-02-26,2024-03-01,Money Management,Financial Accounts,-840983.97,,
2026-02-02,2026-02-04,Money Management,Other BaaS Products,-7928.82,0,0
2025-12-15,2025-12-18,Money Management,Mass Payouts,18468.81318,0,0
2025-08-25,2025-08-31,Money Management,Mass Payouts,333.5596669,61476.71724,61476.71724
2025-10-13,2025-10-16,Money Management,Other BaaS Products,-4515.42,0,0
2023-02-27,2023-02-28,Money Management,Other BaaS Products,273162.02,,
2023-07-10,2023-07-15,Money Management,Other BaaS Products,-5487.78,,
2026-03-02,2026-03-08,Money Management,Financial Accounts,-5858.603753,0,0
2025-12-29,2026-01-01,Money Management,Mass Payouts,7099.453138,0,0
2025-08-25,2025-08-28,Money Management,Other BaaS Products,-2956.68,0,0
2024-11-18,2024-11-18,Money Management,Other BaaS Products,-3161.53,,
2025-06-23,2025-06-26,Money Management,Mass Payouts,1290.18112,0,0
2024-08-19,2024-08-19,Money Management,Mass Payouts,75.75,,
2024-03-04,2024-03-07,Money Management,Financial Accounts,-517467.48,,
2022-01-10,2022-01-14,Money Management,Other BaaS Products,-9818.49,,
2025-02-10,2025-02-10,Money Management,Mass Payouts,414.25,0,0
2022-06-20,2022-06-20,Money Management,Other BaaS Products,-5100.44,,
2024-04-22,2024-04-22,Money Management,Financial Accounts,0,,
2024-12-02,2024-12-06,Money Management,Financial Accounts,-499122.67,,
2025-06-02,2025-06-02,Money Management,Financial Accounts,-5962.43,0,0
2026-02-09,2026-02-10,Money Management,Financial Accounts,-5402.387765,0,0
2024-01-08,2024-01-10,Money Management,Financial Accounts,-182.85,,
2026-12-07,2026-12-13,Money Management,Faster Payouts,,0,0
2026-06-29,2026-07-03,Money Management,Bridge,,0,0
2026-01-05,2026-01-09,Money Management,Money Management Stretch,0,81627.68351,0
2025-02-10,2025-02-16,Money Management,Mass Payouts,0,0,0
2025-12-15,2025-12-15,Money Management,Bridge,0,0,0
2026-03-16,2026-03-20,Money Management,Money Management Stretch,0,59782.24803,0
2026-10-12,2026-10-17,Money Management,Other BaaS Products,,0,0
2026-08-17,2026-08-19,Money Management,Money Management Stretch,,55698.44481,0
2026-03-23,2026-03-28,Money Management,Bridge,0,0,0
2026-01-12,2026-01-14,Money Management,Money Management Stretch,0,81627.68351,0
2026-07-20,2026-07-23,Money Management,Faster Payouts,,0,0
2025-06-02,2025-06-04,Money Management,Bridge,0,0,0
2026-11-09,2026-11-12,Money Management,Other BaaS Products,,0,0
2025-11-17,2025-11-17,Money Management,Bridge,0,0,0
2026-07-06,2026-07-10,Money Management,Financial Accounts,,0,0
2026-05-11,2026-05-11,Money Management,Faster Payouts,,0,0
2026-08-17,2026-08-19,Money Management,Other BaaS Products,,0,0
2026-11-09,2026-11-13,Money Management,Faster Payouts,,0,0
2026-10-12,2026-10-15,Money Management,Other BaaS Products,,0,0
2025-02-17,2025-02-23,Money Management,Faster Payouts,0,0,0
2026-08-10,2026-08-16,Money Management,Mass Payouts,,0,0
2026-08-17,2026-08-21,Money Management,Bridge,,0,0
2026-06-01,2026-06-05,Money Management,Faster Payouts,,0,0
2025-01-20,2025-01-20,Money Management,Financial Accounts,0,0,0
2025-08-18,2025-08-24,Money Management,Bridge,0,0,0
2025-11-03,2025-11-06,Money Management,Bridge,0,0,0
2026-07-06,2026-07-08,Money Management,Financial Accounts,,0,0
2026-03-23,2026-03-24,Money Management,Money Management Stretch,0,59782.24803,0
2025-02-03,2025-02-06,Money Management,Faster Payouts,0,0,0
2026-09-07,2026-09-07,Money Management,Financial Accounts,,0,0
2026-11-09,2026-11-12,Money Management,Money Management Stretch,,62240.57827,0
2026-06-22,2026-06-27,Money Management,Bridge,,0,0
2026-10-26,2026-10-28,Money Management,Bridge,,0,0
