reporting_week,reporting_date,product_pillar,product_grouping,daily_actual_net_revenue,daily_actual_gross_revenue,estimated_2_10_forecast_net_revenue,estimated_fy26_budget_net_revenue,estimated_2_10_forecast_gross_revenue,estimated_fy26_budget_gross_revenue
2026-03-30,2026-04-04,Money Management,Multicurrency Settlement,12242.06027,12242.06027,0,0,0,0
2026-03-09,2026-03-14,Money Management,Instant Payouts,282896.8429,342636.6252,280545.7861,272540.6713,334379.8088,328046.858
2024-12-30,2025-01-03,Money Management,Capital,399070.21,399070.21,288443.089,288443.089,288443.089,288443.089
2025-01-27,2025-01-30,Money Management,Capital,467344.33,467344.33,367536.0055,367536.0055,367536.0055,367536.0055
2025-10-27,2025-10-31,Money Management,Connect,1154927.733,1216615.863,1231224.225,1231224.225,1233549.545,1233549.545
2026-04-06,2026-04-06,Money Management,Multicurrency Settlement,258063.0666,258063.0666,734248.3373,692121.9348,734248.3373,692121.9348
2025-05-12,2025-05-13,Money Management,Multicurrency Settlement,309759.6624,309759.6624,266600.0667,266600.0667,266600.0667,266600.0667
2026-03-02,2026-03-03,Money Management,Multicurrency Settlement,381037.5943,381037.5943,433762.0359,396690.5768,433762.0359,396690.5768
2025-07-14,2025-07-15,Money Management,Capital,256681.0626,256681.0626,257420.4012,257420.4012,257420.4012,257420.4012
2025-12-01,2025-12-03,Money Management,Multicurrency Settlement,509666.6115,509666.6115,482396.3469,482396.3469,482396.3469,482396.3469
2025-03-10,2025-03-14,Money Management,Multicurrency Settlement,198745.418,198745.418,209021.4846,209021.4846,209021.4846,209021.4846
2026-04-06,2026-04-12,Money Management,Instant Payouts,266969.6287,330284.2563,305413.3286,297333.755,363485.5826,357202.9785
2025-08-04,2025-08-10,Money Management,Instant Payouts,236905.3966,312567.9038,269748.5978,269748.5978,326923.6856,326923.6856
2026-04-27,2026-04-28,Money Management,Instant Payouts,398767.7247,455832.8419,364744.7034,355095.5448,434098.4122,426595.3128
2025-01-13,2025-01-18,Money Management,Capital,109213.94,109213.94,96612.2822,96612.2822,96612.2822,96612.2822
2025-08-25,2025-08-27,Money Management,Multicurrency Settlement,292717.8368,292717.8368,288358.2002,288358.2002,288358.2002,288358.2002
2025-11-03,2025-11-03,Money Management,Capital,158656.035,158656.035,257903.3063,257903.3063,257903.3063,257903.3063
2025-01-13,2025-01-18,Money Management,Multicurrency Settlement,-0.0755693818,-0.0755693818,0,0,0,0
2026-11-02,2026-11-02,Money Management,Multicurrency Settlement,,,834957.3687,796234.6168,834957.3687,796234.6168
2026-12-28,2026-12-30,Money Management,Multicurrency Settlement,,,452275.2786,407405.9262,452275.2786,407405.9262
2026-11-30,2026-12-04,Money Management,Capital,,,505414.4121,472998.6636,505414.4121,472998.6636
2026-08-31,2026-09-05,Money Management,Capital,,,141013.0568,141947.9662,141013.0568,141947.9662
2026-08-03,2026-08-08,Money Management,Multicurrency Settlement,,,0,0,0,0
2026-11-23,2026-11-25,Money Management,Instant Payouts,,,411645.726,418411.2296,486974.4177,496933.217
2026-07-20,2026-07-22,Money Management,Multicurrency Settlement,,,389986.1608,359438.6111,389986.1608,359438.6111
2026-09-21,2026-09-21,Money Management,Instant Payouts,,,452697.628,459206.566,536267.3522,547488.2174
2025-07-07,2025-07-08,Money Management,Multicurrency Settlement,265554.7453,265554.7453,279621.8122,279621.8122,279621.8122,279621.8122
2024-12-30,2025-01-05,Money Management,Connect,26230.2556,26230.2556,1074102.639,1074102.639,1075064.709,1075064.709
2025-09-22,2025-09-24,Money Management,Connect,1252229.249,1252229.249,1408747.534,1408747.534,1410836.15,1410836.15
2025-03-24,2025-03-26,Money Management,Connect,78216.20514,78216.20514,1182362.182,1182362.182,1183166.826,1183166.826
2025-11-10,2025-11-16,Money Management,Multicurrency Settlement,42542.61113,42542.61113,111312.4506,111312.4506,111312.4506,111312.4506
2025-03-10,2025-03-10,Money Management,Connect,80195.65519,80195.65519,1237718.096,1237718.096,1238560.411,1238560.411
2025-07-28,2025-07-29,Money Management,Capital,224682.08,224682.08,257420.4012,257420.4012,257420.4012,257420.4012
2025-03-10,2025-03-12,Money Management,Multicurrency Settlement,315590.3007,315590.3007,276910.5382,276910.5382,276910.5382,276910.5382
2025-06-23,2025-06-23,Money Management,Instant Payouts,358320.0444,437386.0579,424301.5233,424301.5233,450174.021,450174.021
2025-02-24,2025-03-02,Money Management,Connect,26450.81578,26450.81578,800856.3156,800856.3156,801401.3298,801401.3298
2025-06-09,2025-06-14,Money Management,Multicurrency Settlement,-42.57296879,-42.57296879,0,0,0,0
2025-02-24,2025-03-02,Money Management,Instant Payouts,86687.88084,158747.322,409524.2684,409524.2684,495968.328,495968.328
2026-04-20,2026-04-21,Money Management,Instant Payouts,369362.2327,426849.7223,364744.7034,355095.5448,434098.4122,426595.3128
2026-08-10,2026-08-13,Money Management,Capital,,,522753.367,530305.3567,522753.367,530305.3567
2026-06-01,2026-06-05,Money Management,Instant Payouts,,,620239.5153,615556.4023,736566.3149,738297.0163
2026-04-27,2026-04-30,Money Management,Multicurrency Settlement,,,381283.4138,359407.847,381283.4138,359407.847
2026-10-12,2026-10-18,Money Management,Capital,,,125857.3175,122685.1472,125857.3175,122685.1472
2026-06-01,2026-06-05,Money Management,Connect,,,978867.9083,958795.5849,984837.5835,959733.2479
2026-11-16,2026-11-22,Money Management,Capital,,,136888.3233,132999.7073,136888.3233,132999.7073
2025-09-01,2025-09-01,Money Management,Connect,2211101.911,2211101.911,1909418.6,1909418.6,1912249.514,1912249.514
2026-01-12,2026-01-16,Money Management,Multicurrency Settlement,259506.5853,259506.5853,272355.3377,260024.3646,272355.3377,260024.3646
2025-08-18,2025-08-22,Money Management,Instant Payouts,356695.0968,423417.5683,333357.8138,333357.8138,404015.3165,404015.3165
2025-11-24,2025-11-25,Money Management,Capital,252679.8497,252679.8497,295075.0761,295075.0761,295075.0761,295075.0761
2025-12-01,2025-12-01,Money Management,Capital,333457.6278,333457.6278,207592.0826,207592.0826,207592.0826,207592.0826
2025-12-08,2025-12-13,Money Management,Multicurrency Settlement,1345.118133,1345.118133,0,0,0,0
2025-12-08,2025-12-12,Money Management,Capital,358742.6211,358742.6211,392794.3676,392794.3676,392794.3676,392794.3676
2026-02-02,2026-02-07,Money Management,Multicurrency Settlement,1414.053485,1414.053485,0,0,0,0
2025-10-13,2025-10-16,Money Management,Multicurrency Settlement,426753.3895,426753.3895,336492.2981,336492.2981,336492.2981,336492.2981
2025-12-22,2025-12-28,Money Management,Multicurrency Settlement,40394.86895,40394.86895,124229.2331,124229.2331,124229.2331,124229.2331
2025-04-28,2025-05-03,Money Management,Capital,75626.42,75626.42,90054.17676,90054.17676,90054.17676,90054.17676
2025-06-09,2025-06-10,Money Management,Connect,1367700.992,1367700.992,1308118.085,1308118.085,1309633.761,1309633.761
2026-01-19,2026-01-19,Money Management,Instant Payouts,375289.8008,447075.2621,380327.1202,382234.2679,453319.8514,463358.513
2026-01-19,2026-01-19,Money Management,Connect,3560589.329,3560589.329,1801927.578,1747255.486,1873416.391,1748982.179
2025-01-06,2025-01-09,Money Management,Connect,38278.87297,38278.87297,1307078.702,1307078.702,1308249.447,1308249.447
2025-08-04,2025-08-09,Money Management,Capital,104058.93,104058.93,85718.22656,85718.22656,85718.22656,85718.22656
2026-01-05,2026-01-11,Money Management,Instant Payouts,252586.2573,315402.0607,279437.8798,280839.119,333067.855,340443.5644
2026-02-16,2026-02-19,Money Management,Multicurrency Settlement,581042.4121,581042.4121,357789.692,363026.2868,357789.692,363026.2868
2025-11-03,2025-11-03,Money Management,Instant Payouts,487679.8948,570250.1231,635080.837,635080.837,744734.3197,744734.3197
2025-08-18,2025-08-24,Money Management,Multicurrency Settlement,74999.33389,74999.33389,93238.31847,93238.31847,93238.31847,93238.31847
2026-04-06,2026-04-06,Money Management,Connect,1463544.237,1463544.237,2056797.393,1827759.821,2069827.939,1829540.017
2026-01-05,2026-01-10,Money Management,Instant Payouts,278805.4303,336963.2145,265884.8475,267218.1252,316913.7123,323931.692
2025-08-11,2025-08-13,Money Management,Capital,268971.7862,268971.7862,251540.789,251540.789,251540.789,251540.789
2026-03-02,2026-03-02,Money Management,Capital,427256.4729,427256.4729,344839.1451,343359.7621,344839.1451,343359.7621
2025-11-24,2025-11-27,Money Management,Capital,123365.2159,123365.2159,404568.1784,404568.1784,404568.1784,404568.1784
2025-08-04,2025-08-05,Money Management,Multicurrency Settlement,314679.9157,314679.9157,352060.8137,352060.8137,352060.8137,352060.8137
2025-09-29,2025-10-03,Money Management,Multicurrency Settlement,286276.9936,286276.9936,309478.8781,309478.8781,309478.8781,309478.8781
2025-09-08,2025-09-10,Money Management,Multicurrency Settlement,332486.0127,332486.0127,323528.9856,323528.9856,323528.9856,323528.9856
2025-03-31,2025-04-03,Money Management,Multicurrency Settlement,324696.4687,324696.4687,342905.7276,342905.7276,342905.7276,342905.7276
2025-01-06,2025-01-09,Money Management,Capital,367549.98,367549.98,367536.0055,367536.0055,367536.0055,367536.0055
2026-04-27,2026-04-28,Money Management,Capital,265441.6157,265441.6157,380160.6426,389271.2381,380160.6426,389271.2381
2025-01-06,2025-01-08,Money Management,Instant Payouts,73749.24051,139496.7308,277870.505,277870.505,343110.8201,343110.8201
2025-03-24,2025-03-30,Money Management,Capital,65630.64,65630.64,85426.70957,85426.70957,85426.70957,85426.70957
2025-04-07,2025-04-07,Money Management,Connect,57879.51,57879.51,1527565.584,1527565.584,1529109.706,1529109.706
2024-12-30,2025-01-03,Money Management,Connect,59959.1293,59959.1293,1005288.74,1005288.74,1006189.174,1006189.174
2026-04-13,2026-04-14,Money Management,Instant Payouts,390129.1422,447033.6856,364744.7034,355095.5448,434098.4122,426595.3128
2025-08-11,2025-08-16,Money Management,Instant Payouts,271974.9644,334779.3541,256665.5058,256665.5058,311067.5415,311067.5415
2025-11-17,2025-11-19,Money Management,Capital,264337.7014,264337.7014,312075.31,312075.31,312075.31,312075.31
2026-01-19,2026-01-21,Money Management,Multicurrency Settlement,329813.4246,329813.4246,360814.8852,344478.8784,360814.8852,344478.8784
2026-03-09,2026-03-09,Money Management,Connect,1735984.505,1735984.505,1462723.262,1416650.068,1472495.026,1418046.072
2025-06-30,2025-06-30,Money Management,Instant Payouts,1039408.394,538143.9401,-316403.903,-316403.903,-335697.1622,-335697.1622
2025-01-27,2025-01-30,Money Management,Instant Payouts,96748.35361,165709.0673,233148.4296,233148.4296,287888.5935,287888.5935
2025-06-23,2025-06-24,Money Management,Capital,275626.3041,275626.3041,301606.2591,301606.2591,301606.2591,301606.2591
2025-11-10,2025-11-11,Money Management,Connect,1038629.54,1038629.54,1460625.913,1460625.913,1464021.416,1464021.416
2025-12-01,2025-12-06,Money Management,Multicurrency Settlement,1334.876785,1334.876785,0,0,0,0
2025-09-22,2025-09-25,Money Management,Capital,457341.41,457341.41,397071.4773,397071.4773,397071.4773,397071.4773
2025-11-03,2025-11-03,Money Management,Multicurrency Settlement,762092.4096,762092.4096,683147.6336,683147.6336,683147.6336,683147.6336
2026-01-05,2026-01-05,Money Management,Connect,2040935.968,2040935.968,2434543.322,2360677.104,2531130.229,2363009.998
2025-08-04,2025-08-05,Money Management,Instant Payouts,606076.8943,397503.3908,532833.102,532833.102,645770.7768,645770.7768
2025-03-17,2025-03-22,Money Management,Instant Payouts,44886.79827,108939.0431,235590.0588,235590.0588,285319.3732,285319.3732
2025-08-25,2025-08-30,Money Management,Capital,94427.37,94427.37,85718.22656,85718.22656,85718.22656,85718.22656
2026-07-06,2026-07-11,Money Management,Instant Payouts,,,305505.3138,304118.2828,361897.4077,363891.7306
2026-07-13,2026-07-19,Money Management,Capital,,,117913.5468,121784.9334,117913.5468,121784.9334
2026-08-10,2026-08-14,Money Management,Multicurrency Settlement,,,295560.4775,274743.2447,295560.4775,274743.2447
2026-08-24,2026-08-29,Money Management,Multicurrency Settlement,,,0,0,0,0
2026-08-10,2026-08-12,Money Management,Multicurrency Settlement,,,391556.9305,363978.3725,391556.9305,363978.3725
2026-11-16,2026-11-18,Money Management,Instant Payouts,,,411645.726,418411.2296,486974.4177,496933.217
2026-07-27,2026-07-31,Money Management,Multicurrency Settlement,,,294374.8075,271316.4789,294374.8075,271316.4789
2026-11-16,2026-11-20,Money Management,Capital,,,477203.9411,463647.9065,477203.9411,463647.9065
2026-11-16,2026-11-19,Money Management,Connect,,,1463455.358,1467639.031,1471893.81,1469077.406
2026-11-09,2026-11-15,Money Management,Connect,,,890109.3197,892653.9319,895241.7924,893528.787
2025-07-28,2025-08-03,Money Management,Instant Payouts,266181.4446,332289.0805,446159.5466,446159.5466,540726.1597,540726.1597
2026-02-02,2026-02-02,Money Management,Connect,2592608.586,2592608.586,1983887.791,1579419.281,1962402.536,1812880.594
2025-03-31,2025-04-03,Money Management,Capital,424297.71,424297.71,352409.3454,352409.3454,352409.3454,352409.3454
2025-12-22,2025-12-25,Money Management,Multicurrency Settlement,13472.79811,13472.79811,395912.8243,395912.8243,395912.8243,395912.8243
2025-05-19,2025-05-23,Money Management,Connect,510504.3872,510504.3872,573739.7147,573739.7147,574190.479,574190.479
2025-04-21,2025-04-27,Money Management,Capital,80620.69,80620.69,87352.19444,87352.19444,87352.19444,87352.19444
2025-01-27,2025-02-01,Money Management,Capital,-544635.35,-544635.35,148291.6907,148291.6907,148291.6907,148291.6907
2026-03-02,2026-03-08,Money Management,Connect,485067.9706,485067.9706,700510.837,678445.9854,705190.6193,679114.544
2025-06-30,2025-07-02,Money Management,Multicurrency Settlement,440964.3872,440964.3872,361052.4787,361052.4787,361052.4787,361052.4787
2025-04-07,2025-04-10,Money Management,Capital,536992.91,536992.91,377738.2874,377738.2874,377738.2874,377738.2874
2025-04-07,2025-04-07,Money Management,Multicurrency Settlement,486730.3752,486730.3752,548795.9142,548795.9142,548795.9142,548795.9142
2025-02-03,2025-02-03,Money Management,Connect,59628.21551,59628.21551,1297821.398,1297821.398,1493274.077,1493274.077
2025-09-22,2025-09-28,Money Management,Connect,800200.8612,800200.8612,706247.7375,706247.7375,707294.8241,707294.8241
2026-01-12,2026-01-15,Money Management,Capital,487851.2688,487851.2688,487250.1601,499630.6544,487250.1601,499630.6544
2026-08-03,2026-08-07,Money Management,Capital,,,410258.025,416184.8436,410258.025,416184.8436
2026-08-10,2026-08-11,Money Management,Capital,,,381274.4004,386782.5052,381274.4004,386782.5052
2026-11-30,2026-12-03,Money Management,Multicurrency Settlement,,,585171.379,527117.6624,585171.379,527117.6624
2026-07-20,2026-07-20,Money Management,Instant Payouts,,,437001.0454,435017.0079,517665.4492,520518.1694
2026-05-11,2026-05-13,Money Management,Capital,,,385664.0723,390366.1683,385664.0723,390366.1683
2026-05-18,2026-05-19,Money Management,Multicurrency Settlement,,,373629.0657,346804.2995,373629.0657,346804.2995
2026-06-15,2026-06-21,Money Management,Connect,,,807759.8962,791196.2539,812686.0606,791970.0116
2026-08-10,2026-08-14,Money Management,Connect,,,776705.7958,764770.7641,781371.2474,765519.1029
2026-07-13,2026-07-14,Money Management,Multicurrency Settlement,,,379220.8824,349516.5752,379220.8824,349516.5752
2026-11-02,2026-11-06,Money Management,Connect,,,1078661.439,1081745.077,1084881.125,1082805.253
2025-02-17,2025-02-19,Money Management,Multicurrency Settlement,284166.1076,284166.1076,274206.2279,274206.2279,274206.2279,274206.2279
2026-03-30,2026-04-02,Money Management,Capital,622889.9549,622889.9549,486275.9092,497929.5698,486275.9092,497929.5698
2025-01-27,2025-01-27,Money Management,Capital,284429.36,284429.36,251135.8257,251135.8257,251135.8257,251135.8257
2025-04-07,2025-04-13,Money Management,Multicurrency Settlement,132717.1526,132717.1526,89421.1074,89421.1074,89421.1074,89421.1074
2025-05-05,2025-05-10,Money Management,Capital,8174.95,8174.95,92504.75253,92504.75253,92504.75253,92504.75253
2025-03-31,2025-04-01,Money Management,Capital,-347530.6,-347530.6,153305.2707,153305.2707,153305.2707,153305.2707
2025-05-05,2025-05-09,Money Management,Capital,171814.7,171814.7,283695.2256,283695.2256,283695.2256,283695.2256
2025-08-04,2025-08-10,Money Management,Capital,58408.7,58408.7,75409.06208,75409.06208,75409.06208,75409.06208
2025-06-30,2025-07-01,Money Management,Instant Payouts,907256.7296,549991.3205,449165.9059,449165.9059,626369.7103,626369.7103
2025-03-10,2025-03-12,Money Management,Capital,345972.0538,345972.0538,284956.4925,284956.4925,284956.4925,284956.4925
2025-10-20,2025-10-20,Money Management,Multicurrency Settlement,475081.8676,475081.8676,538531.6817,538531.6817,538531.6817,538531.6817
2025-12-08,2025-12-08,Money Management,Connect,1825560.98,1825560.98,1582070.903,1582070.903,1584468.011,1584468.011
2025-10-13,2025-10-17,Money Management,Instant Payouts,115321.2209,181222.3039,344522.9509,344522.9509,412481.4033,412481.4033
2025-11-10,2025-11-10,Money Management,Multicurrency Settlement,619067.8828,619067.8828,567748.0359,567748.0359,567748.0359,567748.0359
2026-02-09,2026-02-15,Money Management,Connect,210679.0263,210679.0263,803677.0492,639826.0187,794973.3279,734401.6797
2026-08-10,2026-08-10,Money Management,Capital,,,357195.204,362355.4472,357195.204,362355.4472
2026-11-30,2026-12-05,Money Management,Multicurrency Settlement,,,0,0,0,0
2026-10-19,2026-10-23,Money Management,Multicurrency Settlement,,,324822.5633,298527.8903,324822.5633,298527.8903
2026-05-11,2026-05-12,Money Management,Capital,,,364655.107,369101.0574,364655.107,369101.0574
2026-10-26,2026-10-28,Money Management,Instant Payouts,,,395550.646,400047.4888,467659.3025,475891.6174
2026-12-14,2026-12-19,Money Management,Instant Payouts,,,327760.6942,334678.146,387881.1109,397998.6975
2026-08-17,2026-08-20,Money Management,Connect,,,1364418.633,1343452.676,1372614.309,1344767.264
2026-11-09,2026-11-15,Money Management,Instant Payouts,,,350306.7226,356064.1038,414410.7456,422885.592
2026-11-23,2026-11-26,Money Management,Capital,,,591948.0451,575132.4501,591948.0451,575132.4501
2025-05-26,2025-05-28,Money Management,Instant Payouts,335073.5644,394065.0589,293785.3235,293785.3235,352770.67,352770.67
2025-07-28,2025-08-01,Money Management,Capital,266955.92,266955.92,135466.8746,135466.8746,135466.8746,135466.8746
2026-01-05,2026-01-11,Money Management,Capital,110567.68,110567.68,112676.8775,115539.8739,112676.8775,115539.8739
2026-04-06,2026-04-10,Money Management,Multicurrency Settlement,653698.7659,653698.7659,279293.9091,263269.838,279293.9091,263269.838
2025-03-31,2025-04-05,Money Management,Instant Payouts,64577.49658,125744.6167,375549.1189,375549.1189,458595.3958,458595.3958
2025-04-28,2025-04-29,Money Management,Capital,227823.63,227823.63,275506.4785,275506.4785,275506.4785,275506.4785
2026-02-02,2026-02-04,Money Management,Multicurrency Settlement,408063.0058,408063.0058,381452.3703,387035.291,381452.3703,387035.291
2025-01-13,2025-01-15,Money Management,Connect,65297.53072,65297.53072,1585775.518,1585775.518,1587195.891,1587195.891
2025-05-19,2025-05-23,Money Management,Instant Payouts,360668.3663,429571.4227,308962.9485,308962.9485,370995.6136,370995.6136
2025-08-04,2025-08-05,Money Management,Connect,1697572.946,1697572.946,1663649.247,1663649.247,1666354.102,1666354.102
2025-05-05,2025-05-07,Money Management,Connect,1159254.781,1159254.781,1652061.284,1652061.284,1653359.242,1653359.242
2026-02-02,2026-02-02,Money Management,Capital,394078.0117,394078.0117,304790.4977,307238.1614,304790.4977,307238.1614
2025-09-01,2025-09-03,Money Management,Capital,304665.06,304665.06,285754.3119,285754.3119,285754.3119,285754.3119
2026-02-09,2026-02-12,Money Management,Multicurrency Settlement,409666.1975,409666.1975,357789.692,363026.2868,357789.692,363026.2868
2024-12-30,2025-01-04,Money Management,Instant Payouts,59694.4481,131664.097,372140.2259,372140.2259,459513.8231,459513.8231
2025-03-17,2025-03-20,Money Management,Capital,416685.45,416685.45,369411.8866,369411.8866,369411.8866,369411.8866
2025-09-15,2025-09-20,Money Management,Multicurrency Settlement,172.3730782,172.3730782,0,0,0,0
2025-02-17,2025-02-18,Money Management,Capital,293891.76,293891.76,290168.338,290168.338,290168.338,290168.338
2025-08-04,2025-08-07,Money Management,Capital,282405.6701,282405.6701,317453.8098,317453.8098,317453.8098,317453.8098
2025-06-16,2025-06-22,Money Management,Multicurrency Settlement,123380.4219,123380.4219,95737.11173,95737.11173,95737.11173,95737.11173
2025-09-29,2025-09-29,Money Management,Connect,1237904.1,1237904.1,1474702.374,1474702.374,1476888.775,1476888.775
2025-11-10,2025-11-14,Money Management,Instant Payouts,387981.7177,453077.5577,363798.4509,363798.4509,426612.1351,426612.1351
2025-03-17,2025-03-22,Money Management,Capital,97306.88,97306.88,97105.38494,97105.38494,97105.38494,97105.38494
2026-09-14,2026-09-15,Money Management,Connect,,,1709964.485,1682058.486,1719578.852,1683707.256
2026-12-21,2026-12-22,Money Management,Connect,,,1641948.549,1609468.602,1651055.343,1611046.628
2026-06-29,2026-07-04,Money Management,Connect,,,215876.9048,210746.513,217115.6992,210952.938
2026-10-26,2026-10-31,Money Management,Capital,,,885668.1851,863345.3645,885668.1851,863345.3645
2026-06-15,2026-06-20,Money Management,Multicurrency Settlement,,,0,0,0,0
2026-06-29,2026-07-05,Money Management,Multicurrency Settlement,,,158326.516,145924.8269,158326.516,145924.8269
2026-09-07,2026-09-10,Money Management,Instant Payouts,,,327945.2794,332660.5139,388485.2399,396613.9102
2025-06-30,2025-07-04,Money Management,Multicurrency Settlement,67485.48273,67485.48273,272534.6814,272534.6814,272534.6814,272534.6814
2026-02-09,2026-02-14,Money Management,Connect,281251.8751,281251.8751,154944.2876,123354.7565,153266.2605,141588.397
2026-04-20,2026-04-26,Money Management,Capital,87653.13,87653.13,120533.8853,123422.4944,120533.8853,123422.4944
2025-06-09,2025-06-15,Money Management,Instant Payouts,242507.7531,307091.0871,311747.2076,311747.2076,330756.517,330756.517
2026-02-16,2026-02-21,Money Management,Instant Payouts,273014.6014,332613.8675,376005.6907,280455.227,336867.058,338571.2285
2025-01-13,2025-01-19,Money Management,Instant Payouts,24399.7751,101245.5655,236465.2418,236465.2418,291984.1493,291984.1493
2025-07-07,2025-07-09,Money Management,Capital,280147.79,280147.79,272251.2274,272251.2274,272251.2274,272251.2274
2025-08-11,2025-08-17,Money Management,Instant Payouts,242130.7188,309228.7832,269748.5978,269748.5978,326923.6856,326923.6856
2025-10-27,2025-10-28,Money Management,Multicurrency Settlement,296339.1698,296339.1698,317526.7248,317526.7248,317526.7248,317526.7248
2025-09-15,2025-09-18,Money Management,Multicurrency Settlement,335429.358,335429.358,333388.8637,333388.8637,333388.8637,333388.8637
2025-06-09,2025-06-11,Money Management,Connect,1248958.378,1248958.378,1365711.48,1365711.48,1367293.888,1367293.888
2025-10-20,2025-10-20,Money Management,Instant Payouts,378999.3298,456890.4238,379436.1749,379436.1749,454281.3926,454281.3926
2025-08-11,2025-08-13,Money Management,Instant Payouts,311132.1157,372274.8701,316981.8042,316981.8042,384168.2981,384168.2981
2026-04-20,2026-04-23,Money Management,Instant Payouts,323308.5418,383969.616,301129.4071,293163.1627,358387.1027,352192.6224
2025-07-21,2025-07-24,Money Management,Instant Payouts,-111774.2356,373896.9049,224202.2485,224202.2485,312653.9562,312653.9562
2025-05-05,2025-05-09,Money Management,Multicurrency Settlement,234788.2183,234788.2183,206951.5339,206951.5339,206951.5339,206951.5339
2025-03-24,2025-03-24,Money Management,Multicurrency Settlement,423954.8748,423954.8748,456681.5926,456681.5926,456681.5926,456681.5926
2026-01-05,2026-01-10,Money Management,Capital,129069.68,129069.68,128080.9207,131335.317,128080.9207,131335.317
2026-03-30,2026-03-30,Money Management,Multicurrency Settlement,661630.4417,661630.4417,585922.5048,535846.6559,585922.5048,535846.6559
2026-03-09,2026-03-09,Money Management,Instant Payouts,419574.2239,500795.0506,401298.4262,389847.7463,478303.7125,469244.9303
2025-04-28,2025-05-01,Money Management,Instant Payouts,468196.8498,535477.0397,407709.7839,407709.7839,489568.5461,489568.5461
2025-08-25,2025-08-25,Money Management,Multicurrency Settlement,414375.0589,414375.0589,475561.1071,475561.1071,475561.1071,475561.1071
2026-03-02,2026-03-07,Money Management,Connect,163779.1329,163779.1329,182468.9782,176721.5283,183687.9673,176895.6744
2025-01-06,2025-01-09,Money Management,Instant Payouts,69090.22703,141778.6161,233148.4296,233148.4296,287888.5935,287888.5935
2025-10-13,2025-10-13,Money Management,Instant Payouts,378801.9967,453831.6345,379436.1749,379436.1749,454281.3926,454281.3926
2026-04-13,2026-04-17,Money Management,Instant Payouts,403203.713,468273.8122,377432.6183,367447.8065,449198.8473,441434.747
2025-06-09,2025-06-09,Money Management,Multicurrency Settlement,487495.7404,487495.7404,488306.1772,488306.1772,488306.1772,488306.1772
2025-01-20,2025-01-26,Money Management,Instant Payouts,20681.2119,94264.15894,236465.2418,236465.2418,291984.1493,291984.1493
2025-12-08,2025-12-12,Money Management,Connect,802147.3585,802147.3585,709126.4199,709126.4199,710200.868,710200.868
2025-02-17,2025-02-22,Money Management,Connect,21530.99139,21530.99139,101361.586,101361.586,116626.7015,116626.7015
2025-07-07,2025-07-09,Money Management,Connect,1305384.563,1305384.563,1284346.849,1284346.849,1285842.32,1285842.32
2026-04-06,2026-04-11,Money Management,Capital,106015.3,106015.3,137012.0594,140295.5698,137012.0594,140295.5698
2026-03-23,2026-03-25,Money Management,Multicurrency Settlement,405484.4015,405484.4015,355276.2338,324912.5613,355276.2338,324912.5613
2025-05-19,2025-05-22,Money Management,Capital,387721.47,387721.47,351909.9897,351909.9897,351909.9897,351909.9897
2025-09-01,2025-09-06,Money Management,Multicurrency Settlement,122.165939,122.165939,0,0,0,0
2026-04-13,2026-04-13,Money Management,Capital,415287.0973,415287.0973,356151.785,364687.0053,356151.785,364687.0053
2025-05-19,2025-05-19,Money Management,Capital,236277.08,236277.08,240458.6338,240458.6338,240458.6338,240458.6338
2025-06-09,2025-06-11,Money Management,Multicurrency Settlement,343182.6801,343182.6801,296086.2196,296086.2196,296086.2196,296086.2196
2026-01-19,2026-01-22,Money Management,Multicurrency Settlement,484771.4213,484771.4213,371811.0902,354977.2268,371811.0902,354977.2268
2026-01-19,2026-01-24,Money Management,Instant Payouts,267190.2396,328518.192,265884.8475,267218.1252,316913.7123,323931.692
2026-03-30,2026-03-30,Money Management,Connect,1680968.724,1680968.724,1462723.262,1416650.068,1472495.026,1418046.072
2025-08-04,2025-08-06,Money Management,Connect,1693054.112,1693054.112,1736895.85,1736895.85,1739719.794,1739719.794
2025-01-06,2025-01-07,Money Management,Multicurrency Settlement,312257.6429,312257.6429,310088.8435,310088.8435,310088.8435,310088.8435
2025-01-20,2025-01-22,Money Management,Capital,294187.25,294187.25,283509.4779,283509.4779,283509.4779,283509.4779
2025-09-08,2025-09-12,Money Management,Connect,589859.8703,589859.8703,661000.9792,661000.9792,661980.9827,661980.9827
2025-03-31,2025-04-01,Money Management,Multicurrency Settlement,445869.4523,445869.4523,323578.6775,323578.6775,323578.6775,323578.6775
2025-12-29,2026-01-04,Money Management,Connect,588879.0589,588879.0589,1165923.88,1130548.708,1212180.186,1131665.952
2025-03-03,2025-03-06,Money Management,Instant Payouts,77583.27628,147459.1023,403780.0203,403780.0203,489011.5605,489011.5605
2025-06-16,2025-06-22,Money Management,Instant Payouts,231395.2404,295548.4952,311747.2076,311747.2076,330756.517,330756.517
2025-09-29,2025-10-04,Money Management,Capital,114057.8563,114057.8563,96939.67886,96939.67886,96939.67886,96939.67886
2025-12-08,2025-12-11,Money Management,Capital,459957.3987,459957.3987,487242.1162,487242.1162,487242.1162,487242.1162
2025-12-22,2025-12-27,Money Management,Multicurrency Settlement,1106.8323,1106.8323,0,0,0,0
2024-12-30,2025-01-01,Money Management,Instant Payouts,6824213.982,6451660.499,459593.0409,459593.0409,567499.401,567499.401
2025-07-21,2025-07-23,Money Management,Instant Payouts,-327516.2543,358735.5203,267208.2853,267208.2853,372626.6265,372626.6265
2025-04-14,2025-04-14,Money Management,Capital,251005.14,251005.14,258107.0031,258107.0031,258107.0031,258107.0031
2025-06-16,2025-06-22,Money Management,Capital,71012.15,71012.15,95627.40145,95627.40145,95627.40145,95627.40145
2025-07-14,2025-07-19,Money Management,Instant Payouts,262163.5463,323351.822,216363.0486,216363.0486,301722.0548,301722.0548
2025-04-28,2025-05-01,Money Management,Multicurrency Settlement,154514.472,154514.472,354729.6018,354729.6018,354729.6018,354729.6018
2025-03-31,2025-04-04,Money Management,Capital,509590.79,509590.79,284097.7855,284097.7855,284097.7855,284097.7855
2025-10-20,2025-10-23,Money Management,Multicurrency Settlement,359751.0606,359751.0606,336492.2981,336492.2981,336492.2981,336492.2981
2025-04-21,2025-04-23,Money Management,Connect,1140536.342,1140536.342,1127020.682,1127020.682,1128159.917,1128159.917
2025-06-23,2025-06-25,Money Management,Instant Payouts,303582.9527,362229.6781,366334.4074,366334.4074,388672.263,388672.263
2025-08-11,2025-08-16,Money Management,Multicurrency Settlement,-0.0443733004,-0.0443733004,0,0,0,0
2026-11-23,2026-11-26,Money Management,Multicurrency Settlement,,,433580.0028,413471.8973,433580.0028,413471.8973
2026-06-29,2026-07-02,Money Management,Connect,,,1840976.776,1797225.305,1851541.092,1798985.677
2026-05-18,2026-05-20,Money Management,Capital,,,385664.0723,390366.1683,385664.0723,390366.1683
2026-05-25,2026-05-28,Money Management,Multicurrency Settlement,,,395945.5794,367518.595,395945.5794,367518.595
2026-06-15,2026-06-18,Money Management,Connect,,,1328062.204,1300829.425,1336161.459,1302101.583
2026-07-27,2026-08-02,Money Management,Connect,,,1121222.197,1103993.25,1127957.061,1105073.523
2026-11-09,2026-11-10,Money Management,Connect,,,1700620.612,1705482.284,1710426.586,1707153.76
2026-01-26,2026-01-28,Money Management,Multicurrency Settlement,386743.3433,386743.3433,360814.8852,344478.8784,360814.8852,344478.8784
2026-01-26,2026-01-26,Money Management,Capital,340882.2254,340882.2254,332936.0099,341395.5502,332936.0099,341395.5502
2025-08-18,2025-08-18,Money Management,Connect,1283374.802,1283374.802,1345751.315,1345751.315,1347939.313,1347939.313
2026-01-05,2026-01-09,Money Management,Instant Payouts,368921.6138,431066.0554,345331.9176,347063.582,411608.3372,420723.3071
2025-03-03,2025-03-04,Money Management,Multicurrency Settlement,278960.3481,278960.3481,338084.1934,338084.1934,338084.1934,338084.1934
2025-04-14,2025-04-18,Money Management,Capital,310824.36,310824.36,304516.9273,304516.9273,304516.9273,304516.9273
2025-11-24,2025-11-29,Money Management,Multicurrency Settlement,757.5157564,757.5157564,0,0,0,0
2025-12-22,2025-12-22,Money Management,Multicurrency Settlement,653854.2507,653854.2507,633629.9542,633629.9542,633629.9542,633629.9542
2026-02-23,2026-02-28,Money Management,Instant Payouts,2724447.476,415340.7303,-368323.5974,-274725.3052,-329984.5979,-331653.9509
2025-04-21,2025-04-25,Money Management,Connect,511294.1789,511294.1789,528811.4142,528811.4142,529345.957,529345.957
2025-06-23,2025-06-29,Money Management,Multicurrency Settlement,144854.0337,144854.0337,95737.11173,95737.11173,95737.11173,95737.11173
2025-10-27,2025-11-01,Money Management,Instant Payouts,834431.7574,447418.1353,443981.9369,443981.9369,520640.1554,520640.1554
2025-06-30,2025-07-03,Money Management,Instant Payouts,682940.5668,487215.4885,370826.6674,370826.6674,517124.2724,517124.2724
2025-08-18,2025-08-19,Money Management,Instant Payouts,328903.1703,388246.0434,322151.5342,322151.5342,390433.7882,390433.7882
2025-08-18,2025-08-21,Money Management,Instant Payouts,321882.4556,384836.0512,265964.9315,265964.9315,322338.045,322338.045
2025-01-27,2025-01-30,Money Management,Connect,47704.42245,47704.42245,1307078.702,1307078.702,1308249.447,1308249.447
2025-09-29,2025-10-03,Money Management,Capital,-13803.93572,-13803.93572,297296.3362,297296.3362,297296.3362,297296.3362
2026-09-21,2026-09-24,Money Management,Capital,,,575003.4714,578815.7152,575003.4714,578815.7152
2026-12-28,2026-12-29,Money Management,Instant Payouts,,,411386.057,420068.4379,486845.6883,499544.6914
2026-08-24,2026-08-30,Money Management,Connect,,,829872.7649,817120.7578,834857.5754,817920.3219
2026-11-02,2026-11-04,Money Management,Connect,,,2298879.555,2305451.508,2312135.158,2307710.99
2026-03-09,2026-03-11,Money Management,Multicurrency Settlement,381500.6765,381500.6765,355276.2338,324912.5613,355276.2338,324912.5613
2025-09-08,2025-09-14,Money Management,Instant Payouts,248214.7833,317344.6368,262021.8319,262021.8319,340719.5559,340719.5559
2025-09-15,2025-09-15,Money Management,Capital,280015.6574,280015.6574,271317.2908,271317.2908,271317.2908,271317.2908
2025-11-17,2025-11-23,Money Management,Connect,447999.2025,447999.2025,764495.4624,764495.4624,766272.6779,766272.6779
2025-01-13,2025-01-17,Money Management,Instant Payouts,103036.4268,179481.456,292225.9343,292225.9343,360836.714,360836.714
2025-04-14,2025-04-18,Money Management,Multicurrency Settlement,12298.31743,12298.31743,208751.3839,208751.3839,208751.3839,208751.3839
2025-10-20,2025-10-24,Money Management,Capital,278012.3139,278012.3139,305386.4351,305386.4351,305386.4351,305386.4351
2025-07-28,2025-08-02,Money Management,Capital,104199.78,104199.78,83447.43556,83447.43556,83447.43556,83447.43556
2025-02-24,2025-02-27,Money Management,Multicurrency Settlement,284440.6128,284440.6128,282562.9444,282562.9444,282562.9444,282562.9444
2025-10-20,2025-10-22,Money Management,Connect,1420810.787,1420810.787,1359062.39,1359062.39,1361629.149,1361629.149
2025-03-10,2025-03-15,Money Management,Connect,37707.22143,37707.22143,114279.5261,114279.5261,114357.2978,114357.2978
2025-08-25,2025-08-30,Money Management,Connect,138319.8343,138319.8343,124254.3213,124254.3213,124456.341,124456.341
2025-07-28,2025-07-29,Money Management,Connect,1273199.967,1273199.967,1230184.679,1230184.679,1231617.084,1231617.084
2025-02-03,2025-02-09,Money Management,Multicurrency Settlement,122430.5285,122430.5285,88662.39152,88662.39152,88662.39152,88662.39152
2026-03-23,2026-03-23,Money Management,Instant Payouts,393532.2649,473584.6558,401298.4262,389847.7463,478303.7125,469244.9303
2025-10-13,2025-10-14,Money Management,Capital,332274.2665,332274.2665,276293.1502,276293.1502,276293.1502,276293.1502
2026-01-26,2026-01-30,Money Management,Capital,305417.4741,305417.4741,392800.8528,402781.4934,392800.8528,402781.4934
2025-07-21,2025-07-22,Money Management,Instant Payouts,307847.7742,366312.6346,271566.2464,271566.2464,378703.8795,378703.8795
2025-03-10,2025-03-10,Money Management,Multicurrency Settlement,517145.332,517145.332,456681.5926,456681.5926,456681.5926,456681.5926
2026-10-05,2026-10-09,Money Management,Multicurrency Settlement,,,324822.5633,298527.8903,324822.5633,298527.8903
2026-10-12,2026-10-17,Money Management,Instant Payouts,,,320284.0201,323925.1894,378671.6136,385337.4577
2026-10-19,2026-10-24,Money Management,Instant Payouts,,,320284.0201,323925.1894,378671.6136,385337.4577
2026-04-27,2026-05-01,Money Management,Multicurrency Settlement,,,364159.2816,338014.4002,364159.2816,338014.4002
2026-09-14,2026-09-14,Money Management,Capital,,,392897.4841,395502.3744,392897.4841,395502.3744
2026-08-17,2026-08-19,Money Management,Multicurrency Settlement,,,391556.9305,363978.3725,391556.9305,363978.3725
2026-09-14,2026-09-17,Money Management,Instant Payouts,,,327945.2794,332660.5139,388485.2399,396613.9102
2025-05-12,2025-05-16,Money Management,Instant Payouts,371065.3383,439717.8582,308962.9485,308962.9485,370995.6136,370995.6136
2025-09-29,2025-10-04,Money Management,Instant Payouts,289463.5762,353378.3182,438738.7762,438738.7762,525281.6558,525281.6558
2025-03-03,2025-03-07,Money Management,Capital,362053.21,362053.21,289915.2843,289915.2843,289915.2843,289915.2843
2025-05-05,2025-05-06,Money Management,Multicurrency Settlement,409995.6966,409995.6966,334736.1271,334736.1271,334736.1271,334736.1271
2026-04-13,2026-04-13,Money Management,Multicurrency Settlement,715322.6104,715322.6104,610216.6355,575206.3668,610216.6355,575206.3668
2025-08-18,2025-08-22,Money Management,Multicurrency Settlement,177744.7398,177744.7398,217662.569,217662.569,217662.569,217662.569
2025-01-13,2025-01-13,Money Management,Capital,302149.2,302149.2,251135.8257,251135.8257,251135.8257,251135.8257
2025-02-17,2025-02-21,Money Management,Capital,547494.77,547494.77,320722.6596,320722.6596,320722.6596,320722.6596
2025-05-26,2025-05-29,Money Management,Multicurrency Settlement,348738.1475,348738.1475,282523.8385,282523.8385,282523.8385,282523.8385
2025-10-20,2025-10-22,Money Management,Instant Payouts,333929.4347,391370.432,327598.4611,327598.4611,392218.494,392218.494
2025-04-28,2025-05-02,Money Management,Capital,220573.56,220573.56,276179.7559,276179.7559,276179.7559,276179.7559
2025-09-22,2025-09-25,Money Management,Instant Payouts,343939.197,407352.3131,258346.5466,258346.5466,335940.4062,335940.4062
2025-02-24,2025-02-26,Money Management,Capital,330541.76,330541.76,306885.8788,306885.8788,306885.8788,306885.8788
2025-08-25,2025-08-26,Money Management,Multicurrency Settlement,318083.037,318083.037,280398.2862,280398.2862,280398.2862,280398.2862
2025-01-20,2025-01-21,Money Management,Instant Payouts,117023.7218,183964.9669,282402.3592,282402.3592,348706.6936,348706.6936
2026-08-03,2026-08-05,Money Management,Capital,,,392558.4631,398229.5839,392558.4631,398229.5839
2026-12-07,2026-12-08,Money Management,Connect,,,1641948.549,1609468.602,1651055.343,1611046.628
2026-10-05,2026-10-06,Money Management,Capital,,,386434.8464,376694.9507,386434.8464,376694.9507
2026-06-29,2026-07-01,Money Management,Capital,,,220437.6766,227675.178,220437.6766,227675.178
2026-07-06,2026-07-11,Money Management,Capital,,,134033.4947,138434.1382,134033.4947,138434.1382
2026-07-27,2026-07-30,Money Management,Capital,,,509895.1618,526636.2517,509895.1618,526636.2517
2026-05-25,2026-05-29,Money Management,Capital,,,403052.7821,407966.8849,403052.7821,407966.8849
2026-05-25,2026-05-31,Money Management,Capital,,,789687.1609,799315.1899,789687.1609,799315.1899
2026-06-22,2026-06-28,Money Management,Connect,,,807759.8962,791196.2539,812686.0606,791970.0116
2026-09-07,2026-09-09,Money Management,Capital,,,443545.4806,446486.1646,443545.4806,446486.1646
2026-05-18,2026-05-22,Money Management,Connect,,,741920.0863,723801.9598,746550.2556,724509.2634
2026-08-03,2026-08-03,Money Management,Connect,,,2341202.6,2305227.167,2355265.54,2307482.863
2026-08-17,2026-08-20,Money Management,Instant Payouts,,,322155.1126,324020.525,381531.3816,387328.3386
2026-08-10,2026-08-16,Money Management,Instant Payouts,,,326738.1505,328630.1006,386959.1172,392838.5428
2026-11-23,2026-11-24,Money Management,Instant Payouts,,,418359.3498,425235.1934,494916.5942,505037.8138
2026-11-30,2026-11-30,Money Management,Connect,,,1497309.163,1501589.617,1505942.82,1503061.266
2025-11-03,2025-11-07,Money Management,Connect,946049.761,946049.761,926438.7585,926438.7585,928592.4421,928592.4421
2025-09-15,2025-09-16,Money Management,Multicurrency Settlement,266589.3988,266589.3988,314598.2089,314598.2089,314598.2089,314598.2089
2025-05-12,2025-05-14,Money Management,Connect,1498584.315,1498584.315,1222773.389,1222773.389,1223734.073,1223734.073
2025-03-03,2025-03-09,Money Management,Instant Payouts,30839.69164,106951.9997,247598.865,247598.865,299863.0474,299863.0474
2025-05-12,2025-05-15,Money Management,Multicurrency Settlement,313260.0834,313260.0834,282523.8385,282523.8385,282523.8385,282523.8385
2025-11-17,2025-11-21,Money Management,Capital,265905.1144,265905.1144,326146.071,326146.071,326146.071,326146.071
2026-01-26,2026-01-27,Money Management,Multicurrency Settlement,315085.6807,315085.6807,350854.8588,334969.7953,350854.8588,334969.7953
2026-03-16,2026-03-19,Money Management,Multicurrency Settlement,398376.0234,398376.0234,366103.6417,334814.6052,366103.6417,334814.6052
2026-01-05,2026-01-08,Money Management,Multicurrency Settlement,488116.2421,488116.2421,371811.0902,354977.2268,371811.0902,354977.2268
2025-09-29,2025-10-04,Money Management,Connect,122610.5509,122610.5509,177475.1172,177475.1172,177810.3011,177810.3011
2025-10-27,2025-11-02,Money Management,Connect,676927.459,676927.459,989855.2258,989855.2258,992156.3331,992156.3331
2026-01-12,2026-01-15,Money Management,Connect,1195275.203,1195275.203,1418816.245,1375768.093,1475105.681,1377127.67
2026-01-05,2026-01-10,Money Management,Multicurrency Settlement,733.5098695,733.5098695,0,0,0,0
2025-11-10,2025-11-15,Money Management,Multicurrency Settlement,266.602579,266.602579,0,0,0,0
2026-11-16,2026-11-21,Money Management,Multicurrency Settlement,,,0,0,0,0
2026-12-07,2026-12-11,Money Management,Multicurrency Settlement,,,341392.7514,307523.8392,341392.7514,307523.8392
2026-07-27,2026-07-28,Money Management,Instant Payouts,,,383452.4045,381711.4843,454232.4631,456735.6206
2026-06-29,2026-07-01,Money Management,Connect,,,2233511.947,2180431.738,2246328.798,2182567.458
2026-10-12,2026-10-15,Money Management,Capital,,,544246.5168,530529.0574,544246.5168,530529.0574
2026-05-04,2026-05-07,Money Management,Capital,,,486722.3702,492656.5899,486722.3702,492656.5899
2026-10-05,2026-10-05,Money Management,Instant Payouts,,,757757.0254,766371.6345,895895.6975,911666.3569
2026-12-07,2026-12-08,Money Management,Instant Payouts,,,411386.057,420068.4379,486845.6883,499544.6914
2026-06-22,2026-06-25,Money Management,Capital,,,535252.3465,543639.6929,535252.3465,543639.6929
2026-10-05,2026-10-11,Money Management,Connect,,,886749.5336,892683.0736,891681.7346,893558.8411
2026-11-23,2026-11-24,Money Management,Connect,,,1700620.612,1705482.284,1710426.586,1707153.76
2025-01-20,2025-01-21,Money Management,Connect,80213.66865,80213.66865,1518901.805,1518901.805,1520262.28,1520262.28
2026-02-16,2026-02-19,Money Management,Capital,280236.6565,280236.6565,523654.4211,527859.703,523654.4211,527859.703
2026-04-20,2026-04-25,Money Management,Capital,99307.0041,99307.0041,137012.0594,140295.5698,137012.0594,140295.5698
2026-02-02,2026-02-04,Money Management,Capital,389749.7969,389749.7969,344080.7163,346843.9058,344080.7163,346843.9058
2026-03-16,2026-03-17,Money Management,Connect,1421259.937,1421259.937,1338378.488,1296221.934,1347319.563,1297499.265
2025-04-21,2025-04-23,Money Management,Instant Payouts,222016.5472,281481.1423,292607.8591,292607.8591,357313.0922,357313.0922
2025-09-01,2025-09-02,Money Management,Multicurrency Settlement,768577.1033,768577.1033,378542.9599,378542.9599,378542.9599,378542.9599
2025-01-06,2025-01-07,Money Management,Instant Payouts,88217.87922,150583.8421,467088.6497,467088.6497,576754.8794,576754.8794
2025-10-06,2025-10-12,Money Management,Connect,160019.346,160019.346,681339.0703,681339.0703,682625.864,682625.864
2025-04-21,2025-04-21,Money Management,Capital,284308.94,284308.94,258107.0031,258107.0031,258107.0031,258107.0031
2025-03-03,2025-03-09,Money Management,Connect,27462.67503,27462.67503,592753.9134,592753.9134,593157.3057,593157.3057
2025-03-10,2025-03-13,Money Management,Connect,-80475.13442,-80475.13442,974564.4371,974564.4371,975227.6665,975227.6665
2025-10-27,2025-11-01,Money Management,Multicurrency Settlement,259.4321654,259.4321654,0,0,0,0
2025-10-27,2025-10-29,Money Management,Capital,242797.3741,242797.3741,292211.2967,292211.2967,292211.2967,292211.2967
2025-12-29,2025-12-29,Money Management,Multicurrency Settlement,821298.9563,821298.9563,633629.9542,633629.9542,633629.9542,633629.9542
2025-12-01,2025-12-04,Money Management,Connect,1768547.198,1768547.198,1683041.938,1683041.938,1685592.035,1685592.035
2025-04-14,2025-04-20,Money Management,Multicurrency Settlement,50202.25899,50202.25899,89421.1074,89421.1074,89421.1074,89421.1074
2025-03-24,2025-03-29,Money Management,Instant Payouts,64419.4949,129131.5762,235590.0588,235590.0588,285319.3732,285319.3732
2026-03-23,2026-03-28,Money Management,Instant Payouts,293444.5915,352759.0701,280545.7861,272540.6713,334379.8088,328046.858
2026-12-28,2026-12-28,Money Management,Multicurrency Settlement,,,745893.5871,671894.9323,745893.5871,671894.9323
2026-08-31,2026-09-06,Money Management,Multicurrency Settlement,,,164262.8113,151664.3481,164262.8113,151664.3481
2026-07-13,2026-07-19,Money Management,Connect,,,828766.15,809070.2262,833521.9661,809862.7059
2026-06-29,2026-07-03,Money Management,Capital,,,400166.8771,413305.3223,400166.8771,413305.3223
2026-12-14,2026-12-18,Money Management,Instant Payouts,,,425696.4261,434680.8301,503780.9767,516921.724
2026-09-21,2026-09-22,Money Management,Instant Payouts,,,397225.5817,402936.9363,470554.9526,480400.8507
2026-02-02,2026-02-03,Money Management,Capital,321524.7667,321524.7667,325336.9954,327949.6607,325336.9954,327949.6607
2025-11-17,2025-11-17,Money Management,Capital,442020.8993,442020.8993,276439.7558,276439.7558,276439.7558,276439.7558
2026-04-13,2026-04-19,Money Management,Multicurrency Settlement,60165.49265,60165.49265,119638.8276,112774.7284,119638.8276,112774.7284
2025-09-29,2025-09-30,Money Management,Instant Payouts,-1115004.531,508640.126,-268514.0902,-268514.0902,-349161.7508,-349161.7508
2025-09-15,2025-09-21,Money Management,Instant Payouts,249884.1129,319557.9165,262021.8319,262021.8319,340719.5559,340719.5559
2025-07-28,2025-07-28,Money Management,Connect,1183535.742,1183535.742,1344477.486,1344477.486,1346042.972,1346042.972
2025-08-11,2025-08-14,Money Management,Capital,347798.55,347798.55,326092.4383,326092.4383,326092.4383,326092.4383
2026-12-07,2026-12-12,Money Management,Connect,,,165687.3891,162409.87,166606.3465,162569.107
2026-12-07,2026-12-13,Money Management,Capital,,,148925.884,139374.2292,148925.884,139374.2292
2026-05-18,2026-05-24,Money Management,Instant Payouts,,,310014.3366,305148.9707,368119.0917,366603.2805
2026-10-12,2026-10-18,Money Management,Instant Payouts,,,336609.9585,340436.7303,397973.7614,404979.3856
2026-06-01,2026-06-04,Money Management,Connect,,,1719551.495,1684290.972,1730038.266,1685938.14
2026-08-31,2026-09-03,Money Management,Capital,,,536447.0687,540003.6855,536447.0687,540003.6855
2026-08-10,2026-08-12,Money Management,Connect,,,1655341.536,1629905.195,1665284.704,1631500.08
2026-08-10,2026-08-10,Money Management,Connect,,,1732841.429,1706214.207,1743250.116,1707883.761
2026-07-06,2026-07-12,Money Management,Multicurrency Settlement,,,126098.9069,116221.6009,126098.9069,116221.6009
2026-08-31,2026-09-03,Money Management,Instant Payouts,,,519815.1969,527289.159,615775.0826,628659.5686
2026-10-26,2026-10-31,Money Management,Connect,,,1565638.171,1576114.383,1574346.427,1577660.632
2026-11-09,2026-11-13,Money Management,Capital,,,477203.9411,463647.9065,477203.9411,463647.9065
2026-03-02,2026-03-05,Money Management,Capital,645208.44,645208.44,504670.3373,502505.2679,504670.3373,502505.2679
2025-11-03,2025-11-07,Money Management,Multicurrency Settlement,312342.659,312342.659,312674.1592,312674.1592,312674.1592,312674.1592
2025-03-24,2025-03-27,Money Management,Connect,54178.77696,54178.77696,974564.4371,974564.4371,975227.6665,975227.6665
2025-01-20,2025-01-21,Money Management,Multicurrency Settlement,407706.9132,407706.9132,246969.7758,246969.7758,246969.7758,246969.7758
2026-03-02,2026-03-06,Money Management,Connect,514702.5947,514702.5947,885808.9572,857907.5427,891726.6288,858752.9476
2025-01-06,2025-01-06,Money Management,Capital,520752.06,520752.06,244482.8988,244482.8988,244482.8988,244482.8988
2025-08-25,2025-08-27,Money Management,Connect,1186675.314,1186675.314,1285563.706,1285563.706,1287653.848,1287653.848
2026-03-30,2026-04-01,Money Management,Instant Payouts,986262.6096,598638.4141,568866.9624,553817.8403,677033.1216,665331.0589
2026-04-06,2026-04-07,Money Management,Connect,1392919.159,1392919.159,1881950.92,1672383.624,1893873.752,1674012.487
2025-09-08,2025-09-12,Money Management,Instant Payouts,378483.2938,445777.5781,323809.0048,323809.0048,421064.3806,421064.3806
2025-02-03,2025-02-07,Money Management,Connect,-542343.4434,-542343.4434,581718.2046,581718.2046,669325.3143,669325.3143
2025-02-17,2025-02-20,Money Management,Connect,206695.976,206695.976,864401.5197,864401.5197,994580.9057,994580.9057
2025-05-12,2025-05-17,Money Management,Instant Payouts,258860.6415,320544.2857,237882.9244,237882.9244,285644.353,285644.353
2025-01-20,2025-01-26,Money Management,Connect,94822.44112,94822.44112,794997.2166,794997.2166,795709.2926,795709.2926
2025-02-24,2025-03-01,Money Management,Multicurrency Settlement,-8396.299623,-8396.299623,0,0,0,0
2025-12-01,2025-12-06,Money Management,Connect,153248.4802,153248.4802,197357.1259,197357.1259,197656.1558,197656.1558
2025-12-29,2025-12-31,Money Management,Multicurrency Settlement,352578.061,352578.061,384203.8181,384203.8181,384203.8181,384203.8181
2025-02-17,2025-02-23,Money Management,Capital,99810.04,99810.04,92000.88944,92000.88944,92000.88944,92000.88944
2025-10-27,2025-10-28,Money Management,Connect,1221691.107,1221691.107,1301749.393,1301749.393,1304207.909,1304207.909
2026-03-09,2026-03-15,Money Management,Capital,98615.34,98615.34,119881.1162,119366.8182,119881.1162,119366.8182
2025-06-09,2025-06-15,Money Management,Connect,725296.965,725296.965,684672.4605,684672.4605,685465.7696,685465.7696
2025-09-22,2025-09-25,Money Management,Connect,1122201.855,1122201.855,1161163.028,1161163.028,1162884.575,1162884.575
2025-06-02,2025-06-07,Money Management,Instant Payouts,255365.4912,318603.2261,470173.8507,470173.8507,498843.4907,498843.4907
2026-02-16,2026-02-17,Money Management,Instant Payouts,340165.3985,402012.4011,471940.3545,352011.0002,422815.8316,424954.8068
2025-05-12,2025-05-18,Money Management,Instant Payouts,237470.6822,303353.062,250008.6058,250008.6058,300204.5928,300204.5928
2025-06-16,2025-06-19,Money Management,Instant Payouts,326727.3402,384932.1889,307374.4433,307374.4433,326117.116,326117.116
2026-02-23,2026-02-27,Money Management,Connect,1020293.156,1020293.156,752188.3478,598834.6642,744042.2427,687351.2024
2024-12-30,2025-01-03,Money Management,Multicurrency Settlement,243040.9529,243040.9529,240710.2242,240710.2242,240710.2242,240710.2242
2026-04-13,2026-04-15,Money Management,Instant Payouts,396295.7898,454669.6131,358891.4601,349397.1464,427132.2147,419749.5214
2025-08-11,2025-08-14,Money Management,Multicurrency Settlement,297693.9344,297693.9344,297146.2129,297146.2129,297146.2129,297146.2129
2025-05-12,2025-05-14,Money Management,Instant Payouts,313157.4348,374139.4474,293785.3235,293785.3235,352770.67,352770.67
2026-03-23,2026-03-28,Money Management,Capital,103595.66,103595.66,136270.0498,135685.4422,136270.0498,135685.4422
2025-08-25,2025-08-29,Money Management,Connect,630577.6706,630577.6706,603201.6736,603201.6736,604182.3929,604182.3929
2025-10-27,2025-10-31,Money Management,Multicurrency Settlement,347780.2563,347780.2563,246483.9697,246483.9697,246483.9697,246483.9697
2026-12-14,2026-12-15,Money Management,Multicurrency Settlement,,,439790.5554,396159.7881,439790.5554,396159.7881
2026-06-29,2026-07-04,Money Management,Instant Payouts,,,505300.5394,503006.4139,598572.0937,601870.6695
2026-05-18,2026-05-22,Money Management,Capital,,,403052.7821,407966.8849,403052.7821,407966.8849
2026-05-11,2026-05-12,Money Management,Multicurrency Settlement,,,373629.0657,346804.2995,373629.0657,346804.2995
2026-06-08,2026-06-14,Money Management,Connect,,,807759.8962,791196.2539,812686.0606,791970.0116
2026-08-03,2026-08-04,Money Management,Instant Payouts,,,645404.2892,649141.4492,764358.4736,775972.0746
2026-08-03,2026-08-06,Money Management,Instant Payouts,,,532839.0218,535924.3819,631046.3507,640634.418
2026-10-19,2026-10-21,Money Management,Connect,,,1768793.237,1780628.828,1778631.464,1782375.716
2026-11-16,2026-11-20,Money Management,Connect,,,833083.2126,835464.8007,837886.8662,836283.6069
2026-12-07,2026-12-07,Money Management,Instant Payouts,,,775446.0226,791811.9583,917684.3654,941621.4708
2026-07-06,2026-07-09,Money Management,Multicurrency Settlement,,,401871.3899,370392.8722,401871.3899,370392.8722
2026-07-20,2026-07-21,Money Management,Multicurrency Settlement,,,379220.8824,349516.5752,379220.8824,349516.5752
2025-09-29,2025-10-02,Money Management,Connect,1870266.871,1870266.871,1513490.151,1513490.151,1516348.565,1516348.565
2025-05-26,2025-05-30,Money Management,Connect,617271.9645,617271.9645,573739.7147,573739.7147,574190.479,574190.479
2025-11-24,2025-11-27,Money Management,Multicurrency Settlement,195912.8244,195912.8244,354747.636,354747.636,354747.636,354747.636
2025-06-02,2025-06-04,Money Management,Instant Payouts,937172.5089,365697.105,580664.5306,580664.5306,616071.5252,616071.5252
2025-12-01,2025-12-01,Money Management,Multicurrency Settlement,916773.4471,916773.4471,795569.3323,795569.3323,795569.3323,795569.3323
2025-05-12,2025-05-14,Money Management,Capital,76962.34,76962.34,271455.9001,271455.9001,271455.9001,271455.9001
2025-12-08,2025-12-09,Money Management,Connect,1476896.288,1476896.288,1447580.494,1447580.494,1449773.827,1449773.827
2025-08-18,2025-08-24,Money Management,Capital,98441.46,98441.46,75409.06208,75409.06208,75409.06208,75409.06208
2026-03-30,2026-04-01,Money Management,Multicurrency Settlement,642423.5966,642423.5966,445214.1395,419670.6427,445214.1395,419670.6427
2026-03-30,2026-03-31,Money Management,Connect,2301886.155,2626531.226,1250756.523,1211359.906,1259112.237,1212553.612
2026-06-22,2026-06-27,Money Management,Instant Payouts,,,301278.8954,299004.0917,357784.1789,358624.8603
2026-06-29,2026-07-03,Money Management,Instant Payouts,,,656285.6291,653306.013,777426.9616,781711.1603
2026-08-31,2026-09-01,Money Management,Connect,,,2214031.828,2177899.632,2226480.34,2180034.431
2026-07-20,2026-07-24,Money Management,Connect,,,775670.0803,757236.0036,780121.2083,757977.712
2026-07-20,2026-07-25,Money Management,Connect,,,159781.321,155984.0608,160698.2148,156136.8463
2026-10-12,2026-10-18,Money Management,Multicurrency Settlement,,,139141.561,127877.9289,139141.561,127877.9289
2026-06-29,2026-07-04,Money Management,Capital,,,130482.767,134766.8314,130482.767,134766.8314
2026-05-04,2026-05-05,Money Management,Multicurrency Settlement,,,469118.9617,435438.4812,469118.9617,435438.4812
2026-09-07,2026-09-13,Money Management,Instant Payouts,,,332610.6886,337393.003,394011.9017,402256.2119
2026-10-05,2026-10-06,Money Management,Connect,,,2288997.054,2304313.505,2301728.714,2306574.153
2026-11-16,2026-11-18,Money Management,Connect,,,1775494.98,1780570.7,1785732.688,1782315.768
2025-05-19,2025-05-25,Money Management,Instant Payouts,232759.529,295874.5157,250008.6058,250008.6058,300204.5928,300204.5928
2026-01-05,2026-01-05,Money Management,Instant Payouts,479795.7295,561028.3024,629054.522,632208.9114,749783.2452,766387.019
2025-05-12,2025-05-12,Money Management,Capital,116859.84,116859.84,240458.6338,240458.6338,240458.6338,240458.6338
2025-03-31,2025-04-06,Money Management,Multicurrency Settlement,135730.8533,135730.8533,107596.7056,107596.7056,107596.7056,107596.7056
2025-06-23,2025-06-23,Money Management,Multicurrency Settlement,431238.0736,431238.0736,488306.1772,488306.1772,488306.1772,488306.1772
2025-11-10,2025-11-14,Money Management,Multicurrency Settlement,329251.1999,329251.1999,259856.1872,259856.1872,259856.1872,259856.1872
2025-06-02,2025-06-04,Money Management,Capital,980599.38,980599.38,297593.638,297593.638,297593.638,297593.638
2025-12-15,2025-12-21,Money Management,Instant Payouts,254856.6749,318252.6812,281908.6993,281908.6993,334993.8285,334993.8285
2026-02-16,2026-02-16,Money Management,Multicurrency Settlement,230953.6344,230953.6344,572616.6272,580997.4199,572616.6272,580997.4199
2025-10-06,2025-10-11,Money Management,Instant Payouts,271176.8578,332068.8173,265261.9917,265261.9917,317585.9208,317585.9208
2025-04-28,2025-05-02,Money Management,Connect,1242591.515,918073.6051,775166.6666,775166.6666,775775.6839,775775.6839
2025-01-20,2025-01-23,Money Management,Connect,74564.11204,74564.11204,1307078.702,1307078.702,1308249.447,1308249.447
2025-01-20,2025-01-22,Money Management,Instant Payouts,77276.61047,140533.8872,277870.505,277870.505,343110.8201,343110.8201
2026-03-23,2026-03-23,Money Management,Multicurrency Settlement,623250.6716,623250.6716,585922.5048,535846.6559,585922.5048,535846.6559
2026-01-26,2026-01-30,Money Management,Connect,886889.9217,886889.9217,807672.0542,783166.5629,839715.2488,783940.5125
2025-09-01,2025-09-02,Money Management,Connect,1770128.986,1770128.986,1747100.664,1747100.664,1749690.925,1749690.925
2025-08-18,2025-08-20,Money Management,Multicurrency Settlement,337829.32,337829.32,288358.2002,288358.2002,288358.2002,288358.2002
2025-04-28,2025-05-03,Money Management,Instant Payouts,292483.1915,354684.3238,393454.2694,393454.2694,472450.8515,472450.8515
2025-06-30,2025-07-03,Money Management,Multicurrency Settlement,263343.6808,263343.6808,372055.9239,372055.9239,372055.9239,372055.9239
2026-04-13,2026-04-13,Money Management,Instant Payouts,409296.007,489239.2297,415680.8372,404684.1858,494719.7031,486168.8054
2025-08-11,2025-08-12,Money Management,Connect,1364242.071,1364242.071,1231350.222,1231350.222,1233352.221,1233352.221
2025-04-14,2025-04-18,Money Management,Connect,179513.9965,179513.9965,528811.4142,528811.4142,529345.957,529345.957
2026-01-05,2026-01-11,Money Management,Connect,410258.9171,410258.9171,862958.7204,836775.7823,897195.3318,837602.7102
2025-05-12,2025-05-14,Money Management,Multicurrency Settlement,379829.9477,379829.9477,274168.278,274168.278,274168.278,274168.278
2025-11-10,2025-11-13,Money Management,Instant Payouts,373636.7456,433622.8489,290251.5746,290251.5746,340366.6059,340366.6059
2026-01-26,2026-01-27,Money Management,Connect,1179717.233,1179717.233,1648747.355,1598722.888,1714158.969,1600302.796
2025-06-16,2025-06-19,Money Management,Multicurrency Settlement,247571.9187,247571.9187,305109.7516,305109.7516,305109.7516,305109.7516
2026-04-13,2026-04-16,Money Management,Capital,583432.9024,583432.9024,521226.3283,533717.5799,521226.3283,533717.5799
2025-03-31,2025-04-04,Money Management,Connect,112238.8782,112238.8782,684695.6837,684695.6837,685387.8002,685387.8002
2025-12-15,2025-12-20,Money Management,Connect,465564.817,465564.817,146073.9042,146073.9042,146295.2312,146295.2312
2025-03-17,2025-03-21,Money Management,Connect,36235.38269,36235.38269,554778.2979,554778.2979,555155.8463,555155.8463
2026-02-09,2026-02-14,Money Management,Instant Payouts,291042.9143,355906.1385,376005.6907,280455.227,336867.058,338571.2285
2025-01-13,2025-01-13,Money Management,Multicurrency Settlement,440601.3825,440601.3825,418865.6837,418865.6837,418865.6837,418865.6837
2026-03-09,2026-03-14,Money Management,Capital,115978.67,115978.67,136270.0498,135685.4422,136270.0498,135685.4422
2026-01-12,2026-01-18,Money Management,Connect,231498.1578,231498.1578,862958.7204,836775.7823,897195.3318,837602.7102
2025-06-23,2025-06-23,Money Management,Connect,1373633.487,1373633.487,1429651.455,1429651.455,1431307.948,1431307.948
2025-01-13,2025-01-17,Money Management,Capital,317159.49,317159.49,296292.2712,296292.2712,296292.2712,296292.2712
2026-04-20,2026-04-23,Money Management,Connect,1291395.457,1291395.457,1250787.59,1111504.375,1258711.776,1112586.955
2025-12-01,2025-12-01,Money Management,Connect,2830925.764,2830925.764,2137499.973,2137499.973,2140738.652,2140738.652
2026-02-02,2026-02-08,Money Management,Connect,492771.9738,492771.9738,803677.0492,639826.0187,794973.3279,734401.6797
2025-10-06,2025-10-06,Money Management,Instant Payouts,438932.1062,520450.1313,627580.9133,627580.9133,751373.6172,751373.6172
2025-02-17,2025-02-22,Money Management,Capital,123854.23,123854.23,104578.3209,104578.3209,104578.3209,104578.3209
2025-05-19,2025-05-25,Money Management,Multicurrency Settlement,906.3447443,906.3447443,88650.12081,88650.12081,88650.12081,88650.12081
2026-07-13,2026-07-17,Money Management,Instant Payouts,,,396791.0802,394989.6007,470033.2754,472623.5071
2026-07-13,2026-07-13,Money Management,Instant Payouts,,,437001.0454,435017.0079,517665.4492,520518.1694
2026-07-13,2026-07-16,Money Management,Connect,,,1362599.215,1330216.558,1370418.395,1331519.498
2026-05-11,2026-05-14,Money Management,Instant Payouts,,,305665.8774,300868.7562,362955.618,361461.0686
2026-05-04,2026-05-10,Money Management,Instant Payouts,,,310014.3366,305148.9707,368119.0917,366603.2805
2026-05-11,2026-05-17,Money Management,Capital,,,115617.694,117027.3288,115617.694,117027.3288
2026-05-25,2026-05-26,Money Management,Capital,,,364655.107,369101.0574,364655.107,369101.0574
2026-11-30,2026-12-03,Money Management,Instant Payouts,,,561752.1417,573608.0275,664793.0903,682133.7173
2026-12-21,2026-12-23,Money Management,Instant Payouts,,,404784.3365,413327.3869,479033.0289,491528.2446
2026-08-17,2026-08-17,Money Management,Instant Payouts,,,444704.8475,447279.874,526668.2049,534670.3591
2026-10-19,2026-10-24,Money Management,Connect,,,170960.1805,172104.1327,171911.0804,172272.9756
2025-03-24,2025-03-24,Money Management,Connect,41158.52337,41158.52337,1237718.096,1237718.096,1238560.411,1238560.411
2025-10-20,2025-10-21,Money Management,Connect,1208316.074,1208316.074,1301749.393,1301749.393,1304207.909,1304207.909
2025-02-24,2025-02-25,Money Management,Capital,316287.51,316287.51,290168.338,290168.338,290168.338,290168.338
2025-03-03,2025-03-08,Money Management,Multicurrency Settlement,-57.75810425,-57.75810425,0,0,0,0
2026-02-09,2026-02-11,Money Management,Connect,1914892.942,1914892.942,1603089.12,1276256.589,1585727.867,1464906.014
2026-03-09,2026-03-11,Money Management,Instant Payouts,358984.7256,416153.3031,346473.9408,336587.627,412958.9387,405137.7469
2026-03-09,2026-03-12,Money Management,Multicurrency Settlement,427920.8645,427920.8645,366103.6417,334814.6052,366103.6417,334814.6052
2026-02-16,2026-02-16,Money Management,Capital,115758.6756,115758.6756,357810.8903,360684.3419,357810.8903,360684.3419
2025-05-19,2025-05-23,Money Management,Capital,276233.4985,276233.4985,283695.2256,283695.2256,283695.2256,283695.2256
2026-04-06,2026-04-12,Money Management,Connect,437456.8626,437456.8626,760759.5871,676044.1312,765579.2708,676702.5827
2026-03-16,2026-03-22,Money Management,Multicurrency Settlement,57240.47968,57240.47968,114875.73,105057.8793,114875.73,105057.8793
2025-04-14,2025-04-19,Money Management,Capital,94594.09,94594.09,99294.10324,99294.10324,99294.10324,99294.10324
2025-06-02,2025-06-03,Money Management,Capital,204965.4419,204965.4419,281382.2899,281382.2899,281382.2899,281382.2899
2026-08-24,2026-08-25,Money Management,Capital,,,381274.4004,386782.5052,381274.4004,386782.5052
2026-06-08,2026-06-09,Money Management,Instant Payouts,,,378147.6518,375292.4513,449069.7795,450124.9536
2026-06-01,2026-06-03,Money Management,Instant Payouts,,,589770.6098,585317.552,700382.923,702028.6047
2026-12-14,2026-12-16,Money Management,Connect,,,1714239.725,1680329.762,1723747.47,1681977.264
2026-09-28,2026-10-03,Money Management,Capital,,,139273.3183,135763.0045,139273.3183,135763.0045
2026-10-12,2026-10-12,Money Management,Instant Payouts,,,458140.8085,463349.2115,541659.6157,551194.5753
2026-05-25,2026-05-25,Money Management,Multicurrency Settlement,,,633682.3756,588187.0351,633682.3756,588187.0351
2026-08-31,2026-09-04,Money Management,Capital,,,432461.3585,435328.5553,432461.3585,435328.5553
2026-09-14,2026-09-20,Money Management,Instant Payouts,,,332610.6886,337393.003,394011.9017,402256.2119
2026-11-09,2026-11-15,Money Management,Capital,,,136888.3233,132999.7073,136888.3233,132999.7073
2025-09-22,2025-09-22,Money Management,Instant Payouts,384624.4562,466523.5559,356623.1207,356623.1207,463734.1494,463734.1494
2025-01-27,2025-01-29,Money Management,Capital,292955.26,292955.26,283509.4779,283509.4779,283509.4779,283509.4779
2025-04-07,2025-04-08,Money Management,Capital,317960.63,317960.63,275506.4785,275506.4785,275506.4785,275506.4785
2025-03-17,2025-03-17,Money Management,Capital,262451.5,262451.5,252417.6075,252417.6075,252417.6075,252417.6075
2025-12-22,2025-12-26,Money Management,Capital,538192.8416,538192.8416,392794.3676,392794.3676,392794.3676,392794.3676
2025-09-15,2025-09-20,Money Management,Connect,116293.4203,116293.4203,136160.4796,136160.4796,136362.3519,136362.3519
2025-04-07,2025-04-11,Money Management,Instant Payouts,340556.0935,407201.4474,307724.6542,307724.6542,375772.7085,375772.7085
2026-02-16,2026-02-19,Money Management,Instant Payouts,316665.6312,376614.5427,389629.0134,290616.5947,349072.3218,350838.2373
2025-03-17,2025-03-18,Money Management,Capital,304303.59,304303.59,269433.5502,269433.5502,269433.5502,269433.5502
2026-02-16,2026-02-22,Money Management,Multicurrency Settlement,57225.5003,57225.5003,112266.9847,113910.1195,112266.9847,113910.1195
2025-03-31,2025-04-03,Money Management,Instant Payouts,391283.5972,187228.9656,389155.8997,389155.8997,475211.0839,475211.0839
2025-09-15,2025-09-17,Money Management,Instant Payouts,332333.5066,393014.4639,307902.0756,307902.0756,400379.8375,400379.8375
2025-09-22,2025-09-22,Money Management,Connect,1182521.988,1182521.988,1474702.374,1474702.374,1476888.775,1476888.775
2025-03-03,2025-03-05,Money Management,Capital,286103.0719,286103.0719,277407.6106,277407.6106,277407.6106,277407.6106
2025-12-22,2025-12-27,Money Management,Instant Payouts,239760.24,289563.8979,268235.8292,268235.8292,318746.2735,318746.2735
2025-11-17,2025-11-22,Money Management,Multicurrency Settlement,571.9922362,571.9922362,0,0,0,0
2025-11-17,2025-11-23,Money Management,Instant Payouts,257120.5234,319224.7264,294380.7472,294380.7472,345208.7242,345208.7242
2025-08-11,2025-08-15,Money Management,Capital,297552.96,297552.96,262882.1872,262882.1872,262882.1872,262882.1872
2025-06-09,2025-06-14,Money Management,Capital,83854.23,83854.23,108700.6126,108700.6126,108700.6126,108700.6126
2026-04-13,2026-04-19,Money Management,Instant Payouts,257428.9887,321067.157,305413.3286,297333.755,363485.5826,357202.9785
2025-04-14,2025-04-16,Money Management,Multicurrency Settlement,278660.8139,278660.8139,276552.7097,276552.7097,276552.7097,276552.7097
2025-02-17,2025-02-21,Money Management,Instant Payouts,102646.153,175336.1081,307483.2794,307483.2794,375985.1502,375985.1502
2025-07-07,2025-07-09,Money Management,Multicurrency Settlement,417383.459,417383.459,287559.6837,287559.6837,287559.6837,287559.6837
2025-08-18,2025-08-23,Money Management,Capital,109416.0461,109416.0461,85718.22656,85718.22656,85718.22656,85718.22656
2026-03-02,2026-03-06,Money Management,Capital,438453.6826,438453.6826,406844.2761,405098.887,406844.2761,405098.887
2025-09-15,2025-09-21,Money Management,Capital,93127.18,93127.18,91823.00565,91823.00565,91823.00565,91823.00565
2025-09-08,2025-09-09,Money Management,Capital,291163.3242,291163.3242,289607.2966,289607.2966,289607.2966,289607.2966
2026-04-13,2026-04-17,Money Management,Multicurrency Settlement,291454.1473,291454.1473,279293.9091,263269.838,279293.9091,263269.838
2025-01-13,2025-01-13,Money Management,Instant Payouts,95878.13811,187017.3255,321839.4898,321839.4898,397403.1402,397403.1402
2025-08-11,2025-08-15,Money Management,Multicurrency Settlement,190296.921,190296.921,217662.569,217662.569,217662.569,217662.569
2026-08-10,2026-08-16,Money Management,Capital,,,120887.0144,122633.4163,120887.0144,122633.4163
2026-12-21,2026-12-24,Money Management,Multicurrency Settlement,,,466058.8324,419822.0403,466058.8324,419822.0403
2026-07-06,2026-07-06,Money Management,Instant Payouts,,,722792.2199,719510.6559,856209.7576,860928.1079
2026-07-13,2026-07-16,Money Management,Instant Payouts,,,316574.2884,315137.0029,375009.5633,377076.1439
2026-11-30,2026-12-02,Money Management,Connect,,,2316070.258,2270255.278,2328915.955,2272481.181
2026-12-21,2026-12-23,Money Management,Connect,,,1714239.725,1680329.762,1723747.47,1681977.264
2026-04-27,2026-05-02,Money Management,Instant Payouts,,,487889.0629,480232.1304,579332.171,576946.6436
2026-05-18,2026-05-20,Money Management,Multicurrency Settlement,,,384235.6042,356649.3396,384235.6042,356649.3396
2026-08-24,2026-08-24,Money Management,Multicurrency Settlement,,,645756.7263,600274.0954,645756.7263,600274.0954
2026-08-10,2026-08-13,Money Management,Multicurrency Settlement,,,403490.0296,375070.9867,403490.0296,375070.9867
2026-08-17,2026-08-17,Money Management,Connect,,,1732841.429,1706214.207,1743250.116,1707883.761
2025-02-24,2025-02-27,Money Management,Connect,932850.3688,932850.3688,864401.5197,864401.5197,994580.9057,994580.9057
2025-01-13,2025-01-19,Money Management,Multicurrency Settlement,507.3232299,507.3232299,82122.6367,82122.6367,82122.6367,82122.6367
2026-02-09,2026-02-13,Money Management,Multicurrency Settlement,272505.1968,272505.1968,262084.5239,265920.3819,262084.5239,265920.3819
2025-09-08,2025-09-09,Money Management,Connect,1457518.525,1457518.525,1349339.266,1349339.266,1351339.804,1351339.804
2025-01-20,2025-01-25,Money Management,Capital,110423.32,110423.32,96612.2822,96612.2822,96612.2822,96612.2822
2026-08-17,2026-08-19,Money Management,Capital,,,403240.8574,409066.302,403240.8574,409066.302
2026-06-08,2026-06-13,Money Management,Instant Payouts,,,301278.8954,299004.0917,357784.1789,358624.8603
2026-12-14,2026-12-17,Money Management,Connect,,,1412965.587,1385015.23,1420802.365,1386373.188
2026-07-13,2026-07-13,Money Management,Connect,,,1730530.726,1689404.044,1740461.254,1691058.806
2026-05-11,2026-05-13,Money Management,Instant Payouts,,,364298.1078,358580.8122,432577.0544,430795.8234
2026-05-25,2026-05-25,Money Management,Instant Payouts,,,421943.0097,415321.0348,501026.1112,498963.0262
2025-05-19,2025-05-19,Money Management,Connect,1165862.397,1165862.397,1280021.277,1280021.277,1281026.939,1281026.939
2025-06-16,2025-06-21,Money Management,Capital,101513,101513,108700.6126,108700.6126,108700.6126,108700.6126
2026-01-05,2026-01-06,Money Management,Instant Payouts,359982.6733,416900.9362,551972.293,554740.1541,657907.3238,672476.5269
2025-09-08,2025-09-08,Money Management,Multicurrency Settlement,626687.5843,626687.5843,533564.8599,533564.8599,533564.8599,533564.8599
2025-04-07,2025-04-11,Money Management,Connect,535437.6088,535437.6088,528811.4142,528811.4142,529345.957,529345.957
2025-09-01,2025-09-07,Money Management,Connect,938069.6097,938069.6097,914437.1,914437.1,915792.8492,915792.8492
2026-03-02,2026-03-08,Money Management,Multicurrency Settlement,68166.31319,68166.31319,114875.73,105057.8793,114875.73,105057.8793
2025-07-28,2025-07-28,Money Management,Capital,301522.2737,301522.2737,241163.1434,241163.1434,241163.1434,241163.1434
2026-04-06,2026-04-09,Money Management,Multicurrency Settlement,456552.5845,456552.5845,381283.4138,359407.847,381283.4138,359407.847
2026-07-06,2026-07-07,Money Management,Instant Payouts,,,634223.6882,631344.2361,751292.6888,755432.8683
2026-12-07,2026-12-07,Money Management,Connect,,,2424504.198,2376544.249,2437951.306,2378874.365
2026-10-12,2026-10-14,Money Management,Multicurrency Settlement,,,430323.1832,395488.142,430323.1832,395488.142
2026-10-05,2026-10-07,Money Management,Capital,,,408698.6132,398397.5705,408698.6132,398397.5705
2026-10-19,2026-10-22,Money Management,Capital,,,544246.5168,530529.0574,544246.5168,530529.0574
2026-07-20,2026-07-26,Money Management,Capital,,,117913.5468,121784.9334,117913.5468,121784.9334
2026-05-11,2026-05-17,Money Management,Instant Payouts,,,310014.3366,305148.9707,368119.0917,366603.2805
2026-05-18,2026-05-23,Money Management,Capital,,,131423.776,133026.1219,131423.776,133026.1219
2026-05-18,2026-05-21,Money Management,Multicurrency Settlement,,,395945.5794,367518.595,395945.5794,367518.595
2026-12-21,2026-12-22,Money Management,Instant Payouts,,,411386.057,420068.4379,486845.6883,499544.6914
2026-06-22,2026-06-28,Money Management,Capital,,,123777.4105,125716.9891,123777.4105,125716.9891
2026-06-08,2026-06-12,Money Management,Capital,,,431498.2233,438259.7538,431498.2233,438259.7538
2026-07-20,2026-07-20,Money Management,Multicurrency Settlement,,,643166.208,592787.1083,643166.208,592787.1083
2026-10-12,2026-10-16,Money Management,Connect,,,829938.6754,835492.0748,834554.888,836311.735
2025-04-21,2025-04-26,Money Management,Multicurrency Settlement,-4.872503533,-4.872503533,0,0,0,0
2025-07-14,2025-07-15,Money Management,Connect,1380065.549,1380065.549,1230184.679,1230184.679,1231617.084,1231617.084
2026-02-16,2026-02-20,Money Management,Instant Payouts,368701.3587,432795.7782,488357.1498,364255.964,437523.7939,439737.175
2025-12-15,2025-12-21,Money Management,Connect,456808.8527,456808.8527,757667.4547,757667.4547,758815.4508,758815.4508
2025-02-17,2025-02-17,Money Management,Connect,42526.9751,42526.9751,1097808.787,1097808.787,1263139.447,1263139.447
2026-04-20,2026-04-24,Money Management,Instant Payouts,394992.6392,460176.4933,377432.6183,367447.8065,449198.8473,441434.747
2025-10-13,2025-10-13,Money Management,Connect,1347616.339,1347616.339,1422691.064,1422691.064,1425377.993,1425377.993
2025-09-29,2025-10-02,Money Management,Instant Payouts,431164.0031,495926.5984,454635.0259,454635.0259,544313.5008,544313.5008
2025-04-28,2025-04-30,Money Management,Connect,842148.1921,1197274.452,970591.2865,970591.2865,971572.3971,971572.3971
2025-03-17,2025-03-20,Money Management,Instant Payouts,91450.33924,157071.8117,244125.8853,244125.8853,295656.9768,295656.9768
2025-04-21,2025-04-25,Money Management,Multicurrency Settlement,335326.6353,335326.6353,208751.3839,208751.3839,208751.3839,208751.3839
2025-06-16,2025-06-16,Money Management,Instant Payouts,374908.7329,450557.6875,424301.5233,424301.5233,450174.021,450174.021
2025-01-06,2025-01-11,Money Management,Capital,137152.19,137152.19,96612.2822,96612.2822,96612.2822,96612.2822
2025-07-07,2025-07-12,Money Management,Capital,102259.71,102259.71,92775.7783,92775.7783,92775.7783,92775.7783
2025-04-14,2025-04-15,Money Management,Connect,1279930.972,1279930.972,1079493.112,1079493.112,1080584.305,1080584.305
2025-10-20,2025-10-23,Money Management,Instant Payouts,332437.8805,391542.7356,274872.8827,274872.8827,329092.5963,329092.5963
2025-12-15,2025-12-19,Money Management,Connect,940195.162,940195.162,709126.4199,709126.4199,710200.868,710200.868
2025-09-08,2025-09-14,Money Management,Capital,100132.67,100132.67,91823.00565,91823.00565,91823.00565,91823.00565
2025-04-07,2025-04-13,Money Management,Capital,86609.3,86609.3,87352.19444,87352.19444,87352.19444,87352.19444
2025-10-27,2025-11-02,Money Management,Multicurrency Settlement,60169.3261,60169.3261,133937.6493,133937.6493,133937.6493,133937.6493
2026-03-02,2026-03-08,Money Management,Instant Payouts,261698.2859,328407.6113,294846.134,286432.972,351424.2552,344768.4929
2025-05-26,2025-05-26,Money Management,Multicurrency Settlement,276222.7905,276222.7905,452159.0501,452159.0501,452159.0501,452159.0501
2026-03-23,2026-03-24,Money Management,Multicurrency Settlement,326895.8698,326895.8698,345469.0969,315943.5911,345469.0969,315943.5911
2026-01-26,2026-01-26,Money Management,Connect,1449927.291,1449927.291,1801927.578,1747255.486,1873416.391,1748982.179
2026-06-08,2026-06-11,Money Management,Instant Payouts,,,312194.7409,309837.5173,370747.3068,371618.4474
2026-07-06,2026-07-09,Money Management,Instant Payouts,,,316574.2884,315137.0029,375009.5633,377076.1439
2026-09-14,2026-09-15,Money Management,Multicurrency Settlement,,,410545.4508,379057.8505,410545.4508,379057.8505
2026-06-29,2026-07-05,Money Management,Connect,,,1119727.077,1093116.362,1126152.551,1094187.064
2026-05-04,2026-05-06,Money Management,Instant Payouts,,,602542.8123,593086.5036,715475.0171,712528.8916
2026-08-24,2026-08-24,Money Management,Connect,,,1732841.429,1706214.207,1743250.116,1707883.761
2026-11-16,2026-11-16,Money Management,Capital,,,404475.6405,392985.6143,404475.6405,392985.6143
2025-09-29,2025-10-01,Money Management,Multicurrency Settlement,488555.4005,488555.4005,409995.952,409995.952,409995.952,409995.952
2026-03-09,2026-03-13,Money Management,Instant Payouts,396111.6024,461067.859,364373.5822,353976.5187,434293.3481,426068.0955
2025-05-12,2025-05-13,Money Management,Capital,147982.53,147982.53,256668.3996,256668.3996,256668.3996,256668.3996
2025-09-01,2025-09-07,Money Management,Multicurrency Settlement,63675.67207,63675.67207,125873.4832,125873.4832,125873.4832,125873.4832
2025-07-28,2025-07-28,Money Management,Instant Payouts,375535.3106,453757.7757,309490.1279,309490.1279,431589.3954,431589.3954
2025-10-06,2025-10-08,Money Management,Capital,230950.8239,230950.8239,292211.2967,292211.2967,292211.2967,292211.2967
2025-06-23,2025-06-27,Money Management,Multicurrency Settlement,169154.5127,169154.5127,223495.9414,223495.9414,223495.9414,223495.9414
2025-10-13,2025-10-15,Money Management,Capital,265411.0271,265411.0271,292211.2967,292211.2967,292211.2967,292211.2967
2025-02-10,2025-02-14,Money Management,Instant Payouts,108134.2179,188135.908,307483.2794,307483.2794,375985.1502,375985.1502
2026-02-09,2026-02-15,Money Management,Capital,95388.8,95388.8,121095.3838,122067.8577,121095.3838,122067.8577
2025-08-25,2025-08-29,Money Management,Multicurrency Settlement,252770.0133,252770.0133,217662.569,217662.569,217662.569,217662.569
2025-04-14,2025-04-17,Money Management,Connect,964541.2533,964541.2533,928949.0934,928949.0934,929888.1106,929888.1106
2025-10-20,2025-10-22,Money Management,Multicurrency Settlement,281630.0284,281630.0284,326540.6366,326540.6366,326540.6366,326540.6366
2025-11-17,2025-11-19,Money Management,Connect,1612699.84,1612699.84,1524933.873,1524933.873,1528478.873,1528478.873
2025-12-22,2025-12-25,Money Management,Instant Payouts,170257.7566,208432.9105,277954.4676,277954.4676,330294.9909,330294.9909
2025-06-23,2025-06-28,Money Management,Multicurrency Settlement,0.0775546267,0.0775546267,0,0,0,0
2025-11-10,2025-11-12,Money Management,Connect,1579508.384,1579508.384,1524933.873,1524933.873,1528478.873,1528478.873
2026-02-16,2026-02-17,Money Management,Connect,1615200.79,1615200.79,1535485.276,1222435.594,1518856.164,1403129.487
2025-07-14,2025-07-14,Money Management,Multicurrency Settlement,472461.7254,472461.7254,474244.1918,474244.1918,474244.1918,474244.1918
2026-03-30,2026-03-31,Money Management,Capital,930661.5875,930661.5875,837134.7814,833543.4173,837134.7814,833543.4173
2025-08-25,2025-08-29,Money Management,Instant Payouts,420484.4953,487479.4817,333357.8138,333357.8138,404015.3165,404015.3165
2025-06-09,2025-06-11,Money Management,Instant Payouts,304035.8496,362185.2016,366334.4074,366334.4074,388672.263,388672.263
2025-03-03,2025-03-06,Money Management,Connect,3260827.251,20097.35135,1316711.824,1316711.824,1317607.898,1317607.898
2025-07-07,2025-07-13,Money Management,Capital,88871.88,88871.88,81617.81543,81617.81543,81617.81543,81617.81543
2026-11-16,2026-11-17,Money Management,Multicurrency Settlement,,,409142.3167,390167.5559,409142.3167,390167.5559
2026-06-15,2026-06-19,Money Management,Instant Payouts,,,391301.7986,388347.2779,464691.0052,465782.8843
2026-12-21,2026-12-25,Money Management,Connect,,,804341.522,788430.5667,808802.668,789203.5943
2026-10-05,2026-10-11,Money Management,Capital,,,125857.3175,122685.1472,125857.3175,122685.1472
2026-10-26,2026-10-30,Money Management,Capital,,,438748.9496,427690.5033,438748.9496,427690.5033
2026-08-03,2026-08-06,Money Management,Connect,,,1843434.952,1815108.326,1854507.943,1816884.435
2026-06-15,2026-06-16,Money Management,Multicurrency Settlement,,,360698.3332,335027.165,360698.3332,335027.165
2026-11-23,2026-11-29,Money Management,Instant Payouts,,,350306.7226,356064.1038,414410.7456,422885.592
2025-06-30,2025-07-06,Money Management,Connect,1210515.031,1210515.031,869934.1871,869934.1871,870947.1229,870947.1229
2026-02-23,2026-02-27,Money Management,Instant Payouts,444260.8712,507449.0145,488357.1498,364255.964,437523.7939,439737.175
2025-12-15,2025-12-16,Money Management,Capital,304128.8504,304128.8504,355373.9825,355373.9825,355373.9825,355373.9825
2025-09-08,2025-09-09,Money Management,Instant Payouts,283022.4705,342819.6484,312923.7208,312923.7208,406909.7237,406909.7237
2025-07-21,2025-07-24,Money Management,Capital,378535.47,378535.47,352941.0352,352941.0352,352941.0352,352941.0352
2026-01-19,2026-01-22,Money Management,Connect,3704048.273,3704048.273,1418816.245,1375768.093,1475105.681,1377127.67
2025-08-04,2025-08-10,Money Management,Connect,807808.1339,807808.1339,644491.9563,644491.9563,645539.8077,645539.8077
2025-12-15,2025-12-15,Money Management,Connect,1637712.959,1637712.959,1582070.903,1582070.903,1584468.011,1584468.011
2025-02-03,2025-02-04,Money Management,Instant Payouts,115803.1064,179308.5965,430041.2497,430041.2497,525846.8824,525846.8824
2025-08-25,2025-08-28,Money Management,Instant Payouts,372984.2129,436306.6578,265964.9315,265964.9315,322338.045,322338.045
2025-09-08,2025-09-10,Money Management,Capital,264470.8,264470.8,306292.5139,306292.5139,306292.5139,306292.5139
2025-03-10,2025-03-15,Money Management,Capital,120171.87,120171.87,97105.38494,97105.38494,97105.38494,97105.38494
2025-02-17,2025-02-18,Money Management,Instant Payouts,131408.6177,193353.5874,297146.8074,297146.8074,363345.8938,363345.8938
2026-03-16,2026-03-16,Money Management,Instant Payouts,424373.6019,506678.0673,401298.4262,389847.7463,478303.7125,469244.9303
2025-09-22,2025-09-23,Money Management,Capital,228049.5711,228049.5711,289607.2966,289607.2966,289607.2966,289607.2966
2026-02-09,2026-02-14,Money Management,Multicurrency Settlement,-507253.2321,-507253.2321,0,0,0,0
2025-07-07,2025-07-07,Money Management,Instant Payouts,409354.0776,489134.847,511891.3538,511891.3538,713841.4443,713841.4443
2025-08-18,2025-08-20,Money Management,Capital,238840.7623,238840.7623,251540.789,251540.789,251540.789,251540.789
2026-08-17,2026-08-23,Money Management,Capital,,,120887.0144,122633.4163,120887.0144,122633.4163
2026-08-24,2026-08-28,Money Management,Capital,,,421422.0645,427510.165,421422.0645,427510.165
2026-06-29,2026-07-02,Money Management,Instant Payouts,,,523608.4346,521231.1891,620259.3754,623677.4643
2026-09-07,2026-09-07,Money Management,Multicurrency Settlement,,,837820.8164,773562.4817,837820.8164,773562.4817
2026-07-13,2026-07-14,Money Management,Capital,,,371896.1642,384106.4137,371896.1642,384106.4137
2026-05-25,2026-05-30,Money Management,Instant Payouts,,,294978.3138,290348.9233,350264.9269,348822.6342
2026-04-27,2026-05-02,Money Management,Multicurrency Settlement,,,0,0,0,0
2026-05-04,2026-05-09,Money Management,Multicurrency Settlement,,,0,0,0,0
2026-05-18,2026-05-19,Money Management,Connect,,,1514524.086,1477538.513,1523975.916,1478982.373
2026-12-21,2026-12-24,Money Management,Instant Payouts,,,339636.0197,346804.1024,401934.7009,412418.8648
2026-12-14,2026-12-14,Money Management,Instant Payouts,,,468835.5975,478730.4619,554833.0706,569305.4732
2026-08-17,2026-08-20,Money Management,Multicurrency Settlement,,,403490.0296,375070.9867,403490.0296,375070.9867
2026-08-17,2026-08-23,Money Management,Multicurrency Settlement,,,126606.8028,117689.4966,126606.8028,117689.4966
2026-06-08,2026-06-13,Money Management,Capital,,,140699.006,142903.7442,140699.006,142903.7442
2026-08-17,2026-08-19,Money Management,Instant Payouts,,,383950.2762,386173.5084,454715.985,461624.9029
2026-11-23,2026-11-27,Money Management,Instant Payouts,,,432912.2906,440027.3156,512132.6357,522605.9294
2025-02-03,2025-02-09,Money Management,Connect,23970.7152,23970.7152,525750.1343,525750.1343,604928.419,604928.419
2025-12-08,2025-12-10,Money Management,Capital,265795.945,265795.945,375848.2316,375848.2316,375848.2316,375848.2316
2025-01-13,2025-01-15,Money Management,Multicurrency Settlement,266141.4289,266141.4289,253980.7251,253980.7251,253980.7251,253980.7251
2025-02-17,2025-02-20,Money Management,Multicurrency Settlement,311135.5723,311135.5723,282562.9444,282562.9444,282562.9444,282562.9444
2026-01-26,2026-01-28,Money Management,Instant Payouts,345799.92,399453.5705,328367.6881,330014.2855,391388.3172,400055.5195
2025-06-02,2025-06-05,Money Management,Connect,1168834.62,1168834.62,1457524.15,1457524.15,1459212.939,1459212.939
2025-08-11,2025-08-14,Money Management,Connect,1300589.868,1300589.868,1059628.503,1059628.503,1061351.307,1061351.307
2025-11-24,2025-11-25,Money Management,Multicurrency Settlement,357389.7001,357389.7001,334753.1448,334753.1448,334753.1448,334753.1448
2026-03-30,2026-04-01,Money Management,Connect,2661400.592,2661400.592,1964808.838,1746014.781,1977256.604,1747715.359
2025-04-07,2025-04-09,Money Management,Instant Payouts,291683.5503,349890.102,292607.8591,292607.8591,357313.0922,357313.0922
2025-06-30,2025-06-30,Money Management,Capital,593323.606,593323.606,636892.0846,636892.0846,636892.0846,636892.0846
2025-12-15,2025-12-20,Money Management,Instant Payouts,295669.6837,357106.9162,268235.8292,268235.8292,318746.2735,318746.2735
2025-08-18,2025-08-18,Money Management,Multicurrency Settlement,467306.2593,467306.2593,475561.1071,475561.1071,475561.1071,475561.1071
2026-02-23,2026-02-28,Money Management,Multicurrency Settlement,640.8798404,640.8798404,0,0,0,0
2026-02-02,2026-02-07,Money Management,Capital,109689.62,109689.62,117253.3055,118194.9249,117253.3055,118194.9249
2026-04-06,2026-04-08,Money Management,Multicurrency Settlement,585094.6472,585094.6472,370007.0682,348778.465,370007.0682,348778.465
2025-10-20,2025-10-22,Money Management,Capital,225952.4775,225952.4775,292211.2967,292211.2967,292211.2967,292211.2967
2025-01-13,2025-01-15,Money Management,Capital,358496.21,358496.21,283509.4779,283509.4779,283509.4779,283509.4779
2025-09-15,2025-09-17,Money Management,Connect,1271809.992,1271809.992,1408747.534,1408747.534,1410836.15,1410836.15
2025-01-20,2025-01-20,Money Management,Multicurrency Settlement,289468.6639,289468.6639,418865.6837,418865.6837,418865.6837,418865.6837
2025-05-19,2025-05-24,Money Management,Connect,123872.9418,123872.9418,118185.4131,118185.4131,118278.2666,118278.2666
2025-02-17,2025-02-17,Money Management,Instant Payouts,97023.41334,181566.2776,338642.9819,338642.9819,414086.6867,414086.6867
2026-03-16,2026-03-20,Money Management,Instant Payouts,382935.8026,449413.2819,364373.5822,353976.5187,434293.3481,426068.0955
2025-01-27,2025-01-29,Money Management,Multicurrency Settlement,224090.8116,224090.8116,253980.7251,253980.7251,253980.7251,253980.7251
2025-06-23,2025-06-29,Money Management,Instant Payouts,260710.7984,324790.929,311747.2076,311747.2076,330756.517,330756.517
2025-01-27,2025-01-28,Money Management,Instant Payouts,89548.96084,149646.6672,282402.3592,282402.3592,348706.6936,348706.6936
2025-04-14,2025-04-19,Money Management,Multicurrency Settlement,0.0699999999,0.0699999999,0,0,0,0
2025-07-28,2025-08-01,Money Management,Connect,1054339.506,1054339.506,814972.0474,814972.0474,816297.0749,816297.0749
2026-03-23,2026-03-27,Money Management,Instant Payouts,405042.6805,469275.0041,364373.5822,353976.5187,434293.3481,426068.0955
2025-02-10,2025-02-14,Money Management,Capital,340496.67,340496.67,320722.6596,320722.6596,320722.6596,320722.6596
2025-10-13,2025-10-15,Money Management,Instant Payouts,406235.8604,464607.2606,327598.4611,327598.4611,392218.494,392218.494
2025-12-29,2025-12-30,Money Management,Capital,417756.6349,417756.6349,355373.9825,355373.9825,355373.9825,355373.9825
2025-08-18,2025-08-21,Money Management,Capital,384025.59,384025.59,326092.4383,326092.4383,326092.4383,326092.4383
2025-03-10,2025-03-12,Money Management,Connect,95086.12533,95086.12533,1182362.182,1182362.182,1183166.826,1183166.826
2025-11-24,2025-11-30,Money Management,Capital,489897.7358,489897.7358,623175.2289,623175.2289,623175.2289,623175.2289
2025-11-10,2025-11-11,Money Management,Capital,111601.1518,111601.1518,295075.0761,295075.0761,295075.0761,295075.0761
2026-03-16,2026-03-18,Money Management,Capital,413201.9061,413201.9061,399885.4984,398169.963,399885.4984,398169.963
2025-08-18,2025-08-21,Money Management,Multicurrency Settlement,334364.2639,334364.2639,297146.2129,297146.2129,297146.2129,297146.2129
2026-03-16,2026-03-18,Money Management,Multicurrency Settlement,361750.262,361750.262,355276.2338,324912.5613,355276.2338,324912.5613
2026-01-19,2026-01-23,Money Management,Instant Payouts,374446.7496,441209.8651,345331.9176,347063.582,411608.3372,420723.3071
2026-02-09,2026-02-10,Money Management,Capital,309572.9508,309572.9508,381931.5913,384998.7476,381931.5913,384998.7476
2026-02-23,2026-02-23,Money Management,Capital,386402.4015,386402.4015,357810.8903,360684.3419,357810.8903,360684.3419
2025-03-24,2025-03-26,Money Management,Multicurrency Settlement,301771.3103,301771.3103,276910.5382,276910.5382,276910.5382,276910.5382
2026-07-27,2026-08-02,Money Management,Capital,,,117684.5543,119384.6917,117684.5543,119384.6917
2026-11-09,2026-11-15,Money Management,Multicurrency Settlement,,,136048.4119,129738.9055,136048.4119,129738.9055
2026-12-21,2026-12-22,Money Management,Multicurrency Settlement,,,439790.5554,396159.7881,439790.5554,396159.7881
2026-08-31,2026-09-02,Money Management,Multicurrency Settlement,,,508015.6874,469052.4134,508015.6874,469052.4134
2026-08-31,2026-09-04,Money Management,Multicurrency Settlement,,,383467.5056,354056.7022,383467.5056,354056.7022
2026-06-01,2026-06-03,Money Management,Connect,,,2086196.229,2043417.418,2098919.002,2045415.797
2026-08-24,2026-08-25,Money Management,Multicurrency Settlement,,,380748.2919,353931.0195,380748.2919,353931.0195
2026-06-29,2026-06-29,Money Management,Multicurrency Settlement,,,611751.5936,568212.7783,611751.5936,568212.7783
2026-06-29,2026-06-29,Money Management,Capital,,,365735.7048,371466.7437,365735.7048,371466.7437
2026-09-21,2026-09-27,Money Management,Instant Payouts,,,332610.6886,337393.003,394011.9017,402256.2119
2026-11-09,2026-11-12,Money Management,Connect,,,1463455.358,1467639.031,1471893.81,1469077.406
2025-05-26,2025-05-27,Money Management,Capital,237306,237306,256668.3996,256668.3996,256668.3996,256668.3996
2025-08-04,2025-08-04,Money Management,Instant Payouts,416276.3969,497470.5999,607242.5669,607242.5669,735951.8444,735951.8444
2026-04-20,2026-04-25,Money Management,Connect,245144.4898,245144.4898,146670.0488,130337.3988,147599.2559,130464.3444
2025-05-19,2025-05-21,Money Management,Instant Payouts,307238.685,368806.1128,293785.3235,293785.3235,352770.67,352770.67
2025-01-27,2025-01-31,Money Management,Instant Payouts,-388959.706,227343.4141,-250990.7223,-250990.7223,-309920.0203,-309920.0203
2025-09-01,2025-09-04,Money Management,Connect,1889472.404,1889472.404,1503453.388,1503453.388,1505682.416,1505682.416
2025-02-10,2025-02-15,Money Management,Capital,119446.96,119446.96,104578.3209,104578.3209,104578.3209,104578.3209
2025-02-03,2025-02-03,Money Management,Instant Payouts,158346.6496,252014.783,490095.9641,490095.9641,599280.7317,599280.7317
2025-06-30,2025-07-05,Money Management,Instant Payouts,242953.4153,295913.1761,357860.7656,357860.7656,499043.0956,499043.0956
2025-06-16,2025-06-21,Money Management,Multicurrency Settlement,-9.604425325,-9.604425325,0,0,0,0
2025-03-24,2025-03-24,Money Management,Instant Payouts,104640.0678,189761.7813,336992.8346,336992.8346,408126.6621,408126.6621
2025-02-10,2025-02-14,Money Management,Connect,63775.49446,63775.49446,492067.2105,492067.2105,566172.8267,566172.8267
2025-12-01,2025-12-02,Money Management,Capital,307137.7803,307137.7803,345959.6458,345959.6458,345959.6458,345959.6458
2025-08-04,2025-08-09,Money Management,Multicurrency Settlement,-86.69706283,-86.69706283,0,0,0,0
2026-03-30,2026-04-03,Money Management,Multicurrency Settlement,33973.37719,33973.37719,336062.7623,316781.6629,336062.7623,316781.6629
2025-02-10,2025-02-13,Money Management,Instant Payouts,77876.97946,150147.04,245321.2921,245321.2921,299974.5645,299974.5645
2025-12-29,2026-01-02,Money Management,Multicurrency Settlement,789669.9286,789669.9286,341962.2968,326479.8468,341962.2968,326479.8468
2026-02-09,2026-02-10,Money Management,Instant Payouts,372985.4143,431509.2855,471940.3545,352011.0002,422815.8316,424954.8068
2025-04-21,2025-04-24,Money Management,Instant Payouts,310700.9771,372444.7033,245513.8692,245513.8692,299805.0703,299805.0703
2025-10-13,2025-10-13,Money Management,Multicurrency Settlement,265671.0884,265671.0884,538531.6817,538531.6817,538531.6817,538531.6817
2026-02-02,2026-02-06,Money Management,Connect,439128.3546,439128.3546,889231.4819,707937.8954,879601.2169,812581.4898
2025-10-06,2025-10-11,Money Management,Multicurrency Settlement,276.5279151,276.5279151,0,0,0,0
2025-01-20,2025-01-20,Money Management,Instant Payouts,82018.20962,169359.4393,321839.4898,321839.4898,397403.1402,397403.1402
2026-03-09,2026-03-10,Money Management,Capital,330601.2679,330601.2679,378101.8238,376479.7417,378101.8238,376479.7417
2026-11-02,2026-11-05,Money Management,Multicurrency Settlement,,,521708.8116,497513.5633,521708.8116,497513.5633
2026-11-02,2026-11-04,Money Management,Multicurrency Settlement,,,506279.4253,482799.7444,506279.4253,482799.7444
2026-06-29,2026-06-30,Money Management,Instant Payouts,,,-324481.5458,-322031.5508,-385338.5194,-386243.9449
2026-12-28,2026-12-29,Money Management,Connect,,,1641948.549,1609468.602,1651055.343,1611046.628
2026-09-14,2026-09-20,Money Management,Multicurrency Settlement,,,136514.9835,126044.6952,136514.9835,126044.6952
2026-09-14,2026-09-19,Money Management,Multicurrency Settlement,,,0,0,0,0
2026-07-20,2026-07-20,Money Management,Connect,,,1730530.726,1689404.044,1740461.254,1691058.806
2026-10-12,2026-10-14,Money Management,Capital,,,419820.2166,409238.8595,419820.2166,409238.8595
2026-11-30,2026-12-05,Money Management,Capital,,,164800.9238,154231.092,164800.9238,154231.092
2026-09-21,2026-09-27,Money Management,Capital,,,132969.8808,133851.4643,132969.8808,133851.4643
2026-08-03,2026-08-03,Money Management,Multicurrency Settlement,,,810795.3926,753688.5812,810795.3926,753688.5812
2026-08-24,2026-08-30,Money Management,Instant Payouts,,,326738.1505,328630.1006,386959.1172,392838.5428
2026-07-27,2026-07-28,Money Management,Multicurrency Settlement,,,379220.8824,349516.5752,379220.8824,349516.5752
2026-07-20,2026-07-26,Money Management,Multicurrency Settlement,,,126098.9069,116221.6009,126098.9069,116221.6009
2026-09-07,2026-09-07,Money Management,Instant Payouts,,,717556.0124,727873.1144,850019.6136,867805.4353
2026-11-02,2026-11-05,Money Management,Connect,,,1894856.16,1900273.106,1905782.119,1902135.489
2026-02-16,2026-02-19,Money Management,Connect,1613614.451,1613614.451,1321349.476,1051957.096,1307039.428,1207451.769
2026-03-23,2026-03-24,Money Management,Connect,1348053.769,1348053.769,1338378.488,1296221.934,1347319.563,1297499.265
2025-12-22,2025-12-23,Money Management,Capital,271402.8856,271402.8856,355373.9825,355373.9825,355373.9825,355373.9825
2026-02-02,2026-02-08,Money Management,Instant Payouts,263557.3094,329664.0221,395171.9464,294750.959,354038.288,355829.3257
2025-02-10,2025-02-11,Money Management,Capital,367322.21,367322.21,290168.338,290168.338,290168.338,290168.338
2025-10-06,2025-10-09,Money Management,Connect,1186957.408,1186957.408,1120209.944,1120209.944,1122325.6,1122325.6
2025-11-24,2025-11-29,Money Management,Instant Payouts,299448.3134,350783.5656,280102.9697,280102.9697,328465.736,328465.736
2025-08-25,2025-08-27,Money Management,Capital,179526.2,179526.2,251540.789,251540.789,251540.789,251540.789
2025-03-03,2025-03-04,Money Management,Capital,264866.44,264866.44,262295.8921,262295.8921,262295.8921,262295.8921
2025-01-13,2025-01-14,Money Management,Multicurrency Settlement,225702.0959,225702.0959,246969.7758,246969.7758,246969.7758,246969.7758
2025-10-27,2025-11-01,Money Management,Capital,118680.37,118680.37,163903.7839,163903.7839,163903.7839,163903.7839
2025-06-02,2025-06-03,Money Management,Multicurrency Settlement,267850.5112,267850.5112,346433.7321,346433.7321,346433.7321,346433.7321
2026-02-09,2026-02-15,Money Management,Instant Payouts,265852.4608,330728.5079,395171.9464,294750.959,354038.288,355829.3257
2025-07-21,2025-07-25,Money Management,Capital,221508.675,221508.675,284526.4112,284526.4112,284526.4112,284526.4112
2026-11-23,2026-11-24,Money Management,Multicurrency Settlement,,,409142.3167,390167.5559,409142.3167,390167.5559
2026-12-07,2026-12-12,Money Management,Capital,,,169285.5258,158428.0652,169285.5258,158428.0652
2026-05-18,2026-05-21,Money Management,Instant Payouts,,,305665.8774,300868.7562,362955.618,361461.0686
2026-05-04,2026-05-06,Money Management,Capital,,,375447.311,380024.8421,375447.311,380024.8421
2026-05-04,2026-05-10,Money Management,Capital,,,115617.694,117027.3288,115617.694,117027.3288
2026-05-25,2026-05-31,Money Management,Multicurrency Settlement,,,124239.5105,115319.7124,124239.5105,115319.7124
2026-09-21,2026-09-26,Money Management,Capital,,,151148.1784,152150.2832,151148.1784,152150.2832
2026-09-14,2026-09-17,Money Management,Capital,,,575003.4714,578815.7152,575003.4714,578815.7152
2026-11-30,2026-12-01,Money Management,Instant Payouts,,,680425.4704,694785.9793,805234.4043,826238.3371
2026-12-21,2026-12-26,Money Management,Instant Payouts,,,327760.6942,334678.146,387881.1109,397998.6975
2025-03-31,2025-04-06,Money Management,Instant Payouts,50396.04844,115852.5934,394692.1021,394692.1021,481971.5229,481971.5229
2026-03-02,2026-03-06,Money Management,Instant Payouts,411937.1609,479246.2443,602667.6436,585471.0791,718313.7349,704709.3085
2025-05-05,2025-05-08,Money Management,Instant Payouts,329416.9978,393780.4731,246501.826,246501.826,295993.7321,295993.7321
2025-03-03,2025-03-08,Money Management,Connect,19690.54276,19690.54276,114279.5261,114279.5261,114357.2978,114357.2978
2025-06-02,2025-06-06,Money Management,Capital,-894191.24,-894191.24,311011.4532,311011.4532,311011.4532,311011.4532
2025-03-31,2025-03-31,Money Management,Capital,397429.927,397429.927,581995.0788,581995.0788,581995.0788,581995.0788
2025-12-01,2025-12-05,Money Management,Multicurrency Settlement,423269.4344,423269.4344,364129.1562,364129.1562,364129.1562,364129.1562
2025-05-26,2025-05-30,Money Management,Multicurrency Settlement,227299.7957,227299.7957,206951.5339,206951.5339,206951.5339,206951.5339
2025-05-26,2025-05-31,Money Management,Capital,1067153.149,1067153.149,572673.3608,572673.3608,572673.3608,572673.3608
2026-03-02,2026-03-06,Money Management,Multicurrency Settlement,324409.6745,324409.6745,336713.0395,307935.8699,336713.0395,307935.8699
2026-03-09,2026-03-15,Money Management,Multicurrency Settlement,59405.45684,59405.45684,114875.73,105057.8793,114875.73,105057.8793
2026-04-13,2026-04-15,Money Management,Connect,1696193.56,1696193.56,1517481.948,1348500.607,1527095.738,1349814.016
2025-01-13,2025-01-14,Money Management,Instant Payouts,87381.51039,150059.7849,282402.3592,282402.3592,348706.6936,348706.6936
2025-03-31,2025-04-01,Money Management,Instant Payouts,2300697.546,1939093.428,471367.2927,471367.2927,575602.123,575602.123
2025-04-07,2025-04-12,Money Management,Instant Payouts,245931.881,305821.8279,236929.5113,236929.5113,289322.4282,289322.4282
2025-02-17,2025-02-23,Money Management,Multicurrency Settlement,103593.6198,103593.6198,88662.39152,88662.39152,88662.39152,88662.39152
2025-02-03,2025-02-06,Money Management,Multicurrency Settlement,347957.4256,347957.4256,310431.3645,310431.3645,310431.3645,310431.3645
2024-12-30,2025-01-04,Money Management,Multicurrency Settlement,0.1791120218,0.1791120218,0,0,0,0
2026-06-08,2026-06-14,Money Management,Instant Payouts,,,316636.0804,314245.3225,376021.6258,376905.1595
2026-07-27,2026-07-30,Money Management,Instant Payouts,,,316574.2884,315137.0029,375009.5633,377076.1439
2026-09-28,2026-09-28,Money Management,Connect,,,1868832.209,1838333.546,1879339.818,1840135.499
2026-07-06,2026-07-12,Money Management,Capital,,,117913.5468,121784.9334,117913.5468,121784.9334
2026-05-25,2026-05-31,Money Management,Instant Payouts,,,-329279.418,-324111.7058,-390994.9507,-389384.9432
2026-06-22,2026-06-24,Money Management,Connect,,,1611233.143,1578193.759,1621059.329,1579737.168
2026-06-22,2026-06-23,Money Management,Multicurrency Settlement,,,360698.3332,335027.165,360698.3332,335027.165
2026-11-02,2026-11-08,Money Management,Instant Payouts,,,350306.7226,356064.1038,414410.7456,422885.592
2026-10-26,2026-10-28,Money Management,Connect,,,1768793.237,1780628.828,1778631.464,1782375.716
2025-03-24,2025-03-29,Money Management,Connect,38751.18155,38751.18155,114279.5261,114279.5261,114357.2978,114357.2978
2026-02-23,2026-02-25,Money Management,Instant Payouts,349197.1316,403858.0681,464366.8876,346362.1007,416030.6909,418135.3409
2025-09-29,2025-09-29,Money Management,Instant Payouts,425140.96,507231.6947,356623.1207,356623.1207,463734.1494,463734.1494
2025-11-03,2025-11-08,Money Management,Connect,198756.2052,198756.2052,147390.3038,147390.3038,147732.9407,147732.9407
2025-04-14,2025-04-17,Money Management,Capital,419665.27,419665.27,377738.2874,377738.2874,377738.2874,377738.2874
2025-12-15,2025-12-18,Money Management,Capital,454414.2907,454414.2907,487242.1162,487242.1162,487242.1162,487242.1162
2025-04-14,2025-04-14,Money Management,Connect,1199789.227,1199789.227,1179785.612,1179785.612,1180978.185,1180978.185
2025-12-08,2025-12-13,Money Management,Connect,135990.2283,135990.2283,146073.9042,146073.9042,146295.2312,146295.2312
2026-01-26,2026-01-31,Money Management,Capital,569836.0624,569836.0624,792916.3561,813063.4947,792916.3561,813063.4947
2026-01-12,2026-01-12,Money Management,Capital,436792.6836,436792.6836,332936.0099,341395.5502,332936.0099,341395.5502
2025-12-01,2025-12-07,Money Management,Multicurrency Settlement,68753.21683,68753.21683,155979.0015,155979.0015,155979.0015,155979.0015
2026-02-09,2026-02-12,Money Management,Connect,1351202.065,1351202.065,1321349.476,1051957.096,1307039.428,1207451.769
2025-05-26,2025-05-28,Money Management,Multicurrency Settlement,272897.5695,272897.5695,274168.278,274168.278,274168.278,274168.278
2025-09-01,2025-09-03,Money Management,Connect,2079660.267,2079660.267,1824021.437,1824021.437,1826725.741,1826725.741
2025-12-29,2026-01-01,Money Management,Connect,663020.9271,663020.9271,1916930.322,1858768.944,1992981.698,1860605.838
2025-12-01,2025-12-05,Money Management,Connect,623006.6377,623006.6377,958084.5613,958084.5613,959536.2237,959536.2237
2025-12-22,2025-12-22,Money Management,Instant Payouts,396691.5019,479153.2969,383690.013,383690.013,455941.1851,455941.1851
2026-03-30,2026-03-30,Money Management,Capital,324654.6225,324654.6225,354222.9889,352703.3486,354222.9889,352703.3486
2025-05-26,2025-05-28,Money Management,Capital,222706.87,222706.87,271455.9001,271455.9001,271455.9001,271455.9001
2025-08-04,2025-08-06,Money Management,Capital,290416.72,290416.72,244877.1343,244877.1343,244877.1343,244877.1343
2026-07-27,2026-07-29,Money Management,Instant Payouts,,,377298.9489,375585.9661,446943.1638,449406.1519
2026-07-27,2026-07-28,Money Management,Connect,,,1583419.885,1545789.346,1592506.228,1547303.438
2026-10-12,2026-10-17,Money Management,Multicurrency Settlement,,,0,0,0,0
2026-10-12,2026-10-17,Money Management,Capital,,,143063.2571,139457.4198,143063.2571,139457.4198
2026-05-04,2026-05-08,Money Management,Capital,,,403052.7821,407966.8849,403052.7821,407966.8849
2026-05-25,2026-05-26,Money Management,Multicurrency Settlement,,,373629.0657,346804.2995,373629.0657,346804.2995
2026-05-11,2026-05-14,Money Management,Connect,,,1303311.488,1271483.852,1311445.184,1272726.354
2026-05-18,2026-05-21,Money Management,Connect,,,1303311.488,1271483.852,1311445.184,1272726.354
2026-06-22,2026-06-24,Money Management,Multicurrency Settlement,,,370937.7948,344537.8765,370937.7948,344537.8765
2026-11-02,2026-11-02,Money Management,Capital,,,377353.8462,366634.2747,377353.8462,366634.2747
2024-12-30,2025-01-01,Money Management,Capital,-563644.24,-563644.24,158893.0219,158893.0219,158893.0219,158893.0219
2025-11-10,2025-11-13,Money Management,Multicurrency Settlement,398560.4661,398560.4661,354747.636,354747.636,354747.636,354747.636
2025-02-03,2025-02-04,Money Management,Capital,287787.31,287787.31,247171.2135,247171.2135,247171.2135,247171.2135
2025-12-15,2025-12-18,Money Management,Multicurrency Settlement,443522.151,443522.151,395912.8243,395912.8243,395912.8243,395912.8243
2025-02-24,2025-03-02,Money Management,Capital,60655.43,60655.43,83163.6408,83163.6408,83163.6408,83163.6408
2025-06-23,2025-06-26,Money Management,Multicurrency Settlement,335506.9954,335506.9954,305109.7516,305109.7516,305109.7516,305109.7516
2026-01-05,2026-01-07,Money Management,Multicurrency Settlement,541041.1829,541041.1829,453029.81,432518.7436,453029.81,432518.7436
2026-03-09,2026-03-14,Money Management,Connect,210698.1257,210698.1257,135054.4387,130800.4629,135956.6737,130929.3572
2026-06-01,2026-06-04,Money Management,Instant Payouts,,,494849.5392,491113.1821,587659.2712,589040.0874
2026-12-14,2026-12-18,Money Management,Multicurrency Settlement,,,341392.7514,307523.8392,341392.7514,307523.8392
2026-09-28,2026-09-30,Money Management,Connect,,,1537459.212,1512368.436,1546103.658,1513850.874
2026-05-18,2026-05-24,Money Management,Connect,,,792705.9037,773347.5576,797653.0168,774103.2775
2026-12-07,2026-12-12,Money Management,Instant Payouts,,,327760.6942,334678.146,387881.1109,397998.6975
2026-06-22,2026-06-26,Money Management,Multicurrency Settlement,,,279996.4537,260068.8981,279996.4537,260068.8981
2026-06-01,2026-06-05,Money Management,Capital,,,402564.4512,408872.5926,402564.4512,408872.5926
2026-06-22,2026-06-23,Money Management,Capital,,,390390.6323,396508.0113,390390.6323,396508.0113
2026-11-16,2026-11-17,Money Management,Connect,,,1700620.612,1705482.284,1710426.586,1707153.76
2026-01-05,2026-01-05,Money Management,Multicurrency Settlement,656692.511,656692.511,747137.9613,713311.0563,747137.9613,713311.0563
2025-04-28,2025-04-28,Money Management,Capital,277234.49,277234.49,258107.0031,258107.0031,258107.0031,258107.0031
2025-12-08,2025-12-12,Money Management,Instant Payouts,373978.829,438851.2614,348385.38,348385.38,413988.4741,413988.4741
2025-03-24,2025-03-27,Money Management,Instant Payouts,100355.0864,166311.8667,244125.8853,244125.8853,295656.9768,295656.9768
2025-03-24,2025-03-25,Money Management,Multicurrency Settlement,245130.0088,245130.0088,269266.6282,269266.6282,269266.6282,269266.6282
2025-12-29,2026-01-01,Money Management,Multicurrency Settlement,39744.29271,39744.29271,466836.3587,445700.1965,466836.3587,445700.1965
2025-12-29,2025-12-29,Money Management,Instant Payouts,389654.7108,464734.458,383690.013,383690.013,455941.1851,455941.1851
2025-11-10,2025-11-10,Money Management,Connect,1451984.935,1451984.935,1596328.331,1596328.331,1600039.3,1600039.3
2026-02-09,2026-02-09,Money Management,Instant Payouts,389950.4852,478863.0332,537846.2241,401168.8881,481861.524,484299.2044
2025-05-26,2025-05-31,Money Management,Instant Payouts,-623414.0905,-402892.6508,-265779.6838,-265779.6838,-319142.141,-319142.141
2026-03-23,2026-03-26,Money Management,Connect,1131814.211,1131814.211,1151730.817,1115453.334,1159424.987,1116552.532
2025-05-05,2025-05-08,Money Management,Connect,1203346.276,1203346.276,1007873.46,1007873.46,1008665.305,1008665.305
2025-06-30,2025-07-05,Money Management,Multicurrency Settlement,-0.0655780853,-0.0655780853,0,0,0,0
2025-10-13,2025-10-18,Money Management,Instant Payouts,263182.6318,323394.7614,265261.9917,265261.9917,317585.9208,317585.9208
2025-04-07,2025-04-08,Money Management,Instant Payouts,113446.2751,170112.4027,297380.068,297380.068,363140.5937,363140.5937
2026-03-23,2026-03-29,Money Management,Connect,466157.077,466157.077,700510.837,678445.9854,705190.6193,679114.544
2025-08-04,2025-08-09,Money Management,Instant Payouts,262236.1762,324384.7533,256665.5058,256665.5058,311067.5415,311067.5415
2025-01-27,2025-01-28,Money Management,Connect,72607.26861,72607.26861,1518901.805,1518901.805,1520262.28,1520262.28
2025-09-29,2025-10-05,Money Management,Multicurrency Settlement,57252.56323,57252.56323,132568.9127,132568.9127,132568.9127,132568.9127
2026-03-02,2026-03-07,Money Management,Multicurrency Settlement,11075.42355,11075.42355,0,0,0,0
2025-11-17,2025-11-18,Money Management,Instant Payouts,368839.8641,425415.5727,351568.867,351568.867,412270.983,412270.983
2025-10-06,2025-10-08,Money Management,Instant Payouts,342490.6366,401950.3591,327598.4611,327598.4611,392218.494,392218.494
2025-09-29,2025-10-02,Money Management,Capital,375342.0383,375342.0383,368781.4992,368781.4992,368781.4992,368781.4992
2025-09-29,2025-10-05,Money Management,Capital,269144.35,269144.35,85280.93201,85280.93201,85280.93201,85280.93201
2025-04-21,2025-04-24,Money Management,Multicurrency Settlement,340670.4658,340670.4658,284980.9379,284980.9379,284980.9379,284980.9379
2025-07-21,2025-07-27,Money Management,Capital,87988.84,87988.84,81617.81543,81617.81543,81617.81543,81617.81543
2026-03-23,2026-03-24,Money Management,Instant Payouts,359102.9954,414645.4208,352124.6638,342077.1118,419693.9807,411745.2313
2025-03-31,2025-04-04,Money Management,Instant Payouts,150641.4771,217708.047,487764.1528,487764.1528,595624.8688,595624.8688
2025-08-04,2025-08-08,Money Management,Capital,278877.8175,278877.8175,262882.1872,262882.1872,262882.1872,262882.1872
2025-06-30,2025-07-02,Money Management,Instant Payouts,391439.5606,454002.3516,441957.913,441957.913,616318.0383,616318.0383
2025-09-01,2025-09-04,Money Management,Capital,325625.2,325625.2,370446.1639,370446.1639,370446.1639,370446.1639
2025-09-01,2025-09-04,Money Management,Multicurrency Settlement,443735.7307,443735.7307,401152.9753,401152.9753,401152.9753,401152.9753
2025-05-05,2025-05-05,Money Management,Capital,141196.66,141196.66,234088.5603,234088.5603,234088.5603,234088.5603
2025-03-24,2025-03-25,Money Management,Instant Payouts,99719.36646,158105.9995,295698.8648,295698.8648,358116.1921,358116.1921
2025-06-09,2025-06-13,Money Management,Instant Payouts,351579.8203,415980.1315,385260.0851,385260.0851,408751.9657,408751.9657
2025-12-01,2025-12-03,Money Management,Connect,2549936.452,2549936.452,2041902.06,2041902.06,2044995.891,2044995.891
2025-12-29,2026-01-02,Money Management,Capital,473171.3823,473171.3823,382395.0278,392111.2677,382395.0278,392111.2677
2026-03-09,2026-03-12,Money Management,Connect,1411522.179,1411522.179,1151730.817,1115453.334,1159424.987,1116552.532
2025-05-19,2025-05-19,Money Management,Instant Payouts,367633.0627,447779.1498,340272.5971,340272.5971,408591.5207,408591.5207
2025-08-25,2025-08-25,Money Management,Connect,988836.9841,988836.9841,1345751.315,1345751.315,1347939.313,1347939.313
2024-12-30,2025-01-05,Money Management,Multicurrency Settlement,111745.3372,111745.3372,103111.052,103111.052,103111.052,103111.052
2025-01-06,2025-01-06,Money Management,Connect,141565.3148,141565.3148,2242813.151,2242813.151,2244822.03,2244822.03
2025-11-03,2025-11-05,Money Management,Connect,2018058.375,2018058.375,1974457.458,1974457.458,1979047.461,1979047.461
2025-12-01,2025-12-06,Money Management,Instant Payouts,287764.704,349538.3315,443657.453,443657.453,527200.8601,527200.8601
2026-08-17,2026-08-18,Money Management,Capital,,,381274.4004,386782.5052,381274.4004,386782.5052
2026-09-28,2026-09-29,Money Management,Connect,,,1709964.485,1682058.486,1719578.852,1683707.256
2026-10-19,2026-10-25,Money Management,Multicurrency Settlement,,,139141.561,127877.9289,139141.561,127877.9289
2026-07-13,2026-07-16,Money Management,Capital,,,509895.1618,526636.2517,509895.1618,526636.2517
2026-06-01,2026-06-04,Money Management,Capital,,,499361.4244,507186.364,499361.4244,507186.364
2026-08-10,2026-08-10,Money Management,Instant Payouts,,,444704.8475,447279.874,526668.2049,534670.3591
2026-08-10,2026-08-12,Money Management,Instant Payouts,,,383950.2762,386173.5084,454715.985,461624.9029
2026-11-09,2026-11-14,Money Management,Instant Payouts,,,333316.477,338794.6191,394311.3873,402375.1947
2026-03-02,2026-03-07,Money Management,Instant Payouts,288400.1965,349072.6866,464017.9096,450777.5872,553058.458,542583.8663
2025-05-26,2025-05-26,Money Management,Instant Payouts,290650.1806,362160.1452,340272.5971,340272.5971,408591.5207,408591.5207
2025-03-03,2025-03-09,Money Management,Multicurrency Settlement,124606.2503,124606.2503,89536.80849,89536.80849,89536.80849,89536.80849
2025-01-27,2025-02-01,Money Management,Instant Payouts,6226926.56,5888348.687,342623.7139,342623.7139,418954.2559,418954.2559
2025-01-27,2025-01-27,Money Management,Instant Payouts,91965.49782,180975.8234,321839.4898,321839.4898,397403.1402,397403.1402
2026-04-13,2026-04-18,Money Management,Multicurrency Settlement,8921.288157,8921.288157,0,0,0,0
2025-01-20,2025-01-26,Money Management,Capital,102358.1,102358.1,84992.91075,84992.91075,84992.91075,84992.91075
2025-08-18,2025-08-22,Money Management,Connect,554288.8471,554288.8471,603201.6736,603201.6736,604182.3929,604182.3929
2026-01-05,2026-01-10,Money Management,Connect,122715.387,122715.387,166373.4494,161325.5304,172974.07,161484.9573
2025-04-14,2025-04-20,Money Management,Connect,647911.3343,647911.3343,565009.5456,565009.5456,565580.6787,565580.6787
2025-01-06,2025-01-10,Money Management,Connect,58615.6814,58615.6814,744064.6011,744064.6011,744731.0569,744731.0569
2025-06-09,2025-06-09,Money Management,Instant Payouts,355842.6407,436284.6949,424301.5233,424301.5233,450174.021,450174.021
2025-12-08,2025-12-13,Money Management,Instant Payouts,274244.083,334444.6904,268235.8292,268235.8292,318746.2735,318746.2735
2025-09-22,2025-09-22,Money Management,Multicurrency Settlement,514400.126,514400.126,533564.8599,533564.8599,533564.8599,533564.8599
2025-02-24,2025-02-25,Money Management,Connect,65058.44962,65058.44962,1004485.062,1004485.062,1155761.113,1155761.113
2025-12-01,2025-12-03,Money Management,Instant Payouts,829646.3133,461953.5977,547916.7902,547916.7902,651092.8671,651092.8671
2025-12-29,2025-12-29,Money Management,Capital,463779.7506,463779.7506,332930.5143,332930.5143,332930.5143,332930.5143
2026-01-19,2026-01-21,Money Management,Connect,2995443.931,2995443.931,1721337.864,1669110.936,1789629.399,1670760.404
2025-02-24,2025-02-28,Money Management,Connect,-3893482.34,-609841.5299,821883.265,821883.265,945659.3763,945659.3763
2025-04-07,2025-04-10,Money Management,Instant Payouts,304885.1369,368496.6012,245513.8692,245513.8692,299805.0703,299805.0703
2025-10-27,2025-10-30,Money Management,Multicurrency Settlement,403573.1019,403573.1019,336492.2981,336492.2981,336492.2981,336492.2981
2025-12-01,2025-12-02,Money Management,Multicurrency Settlement,450258.8046,450258.8046,469080.1545,469080.1545,469080.1545,469080.1545
2026-01-19,2026-01-23,Money Management,Connect,1048457.43,1048457.43,807672.0542,783166.5629,839715.2488,783940.5125
2025-02-24,2025-02-24,Money Management,Capital,280145.57,280145.57,271842.8998,271842.8998,271842.8998,271842.8998
2025-07-28,2025-07-28,Money Management,Multicurrency Settlement,485117.9627,485117.9627,474244.1918,474244.1918,474244.1918,474244.1918
2026-02-23,2026-02-23,Money Management,Connect,1570996.833,1570996.833,1678142.655,1336008.456,1659968.582,1533490.083
2025-07-21,2025-07-26,Money Management,Connect,95863.44047,95863.44047,124136.7079,124136.7079,124281.2505,124281.2505
2025-05-05,2025-05-11,Money Management,Multicurrency Settlement,158815.8316,158815.8316,88650.12081,88650.12081,88650.12081,88650.12081
2026-01-19,2026-01-22,Money Management,Instant Payouts,350808.8422,412700.3928,275518.3062,276899.8908,328396.0332,335668.2862
2025-11-03,2025-11-08,Money Management,Instant Payouts,283558.9365,344715.8324,280102.9697,280102.9697,328465.736,328465.736
2026-02-02,2026-02-03,Money Management,Instant Payouts,818492.736,485708.8697,683008.5816,509442.6269,611913.8545,615009.4542
2025-01-13,2025-01-14,Money Management,Connect,66608.07537,66608.07537,1518901.805,1518901.805,1520262.28,1520262.28
2025-11-03,2025-11-07,Money Management,Capital,567761.407,567761.407,304276.6044,304276.6044,304276.6044,304276.6044
2025-11-17,2025-11-17,Money Management,Instant Payouts,415976.7546,496406.7384,400665.0133,400665.0133,469844.1028,469844.1028
2025-06-30,2025-07-01,Money Management,Capital,248246.5959,248246.5959,150722.6214,150722.6214,150722.6214,150722.6214
2025-03-10,2025-03-14,Money Management,Connect,-555544.5741,-555544.5741,554778.2979,554778.2979,555155.8463,555155.8463
2026-08-24,2026-08-27,Money Management,Capital,,,522753.367,530305.3567,522753.367,530305.3567
2026-11-16,2026-11-22,Money Management,Multicurrency Settlement,,,136048.4119,129738.9055,136048.4119,129738.9055
2026-04-27,2026-04-30,Money Management,Capital,,,804419.9135,823697.9334,804419.9135,823697.9334
2026-10-26,2026-10-29,Money Management,Multicurrency Settlement,,,443437.7251,407541.0501,443437.7251,407541.0501
2026-12-14,2026-12-18,Money Management,Capital,,,519167.869,485870.0155,519167.869,485870.0155
2026-05-25,2026-05-31,Money Management,Connect,,,1354529.535,1321451.125,1362982.873,1322742.455
2026-08-17,2026-08-21,Money Management,Instant Payouts,,,403786.0299,406124.1194,478207.6578,485473.5064
2026-08-24,2026-08-27,Money Management,Instant Payouts,,,322155.1126,324020.525,381531.3816,387328.3386
2026-11-02,2026-11-03,Money Management,Instant Payouts,,,663127.5447,674026.2167,784475.8965,800518.7063
2026-10-19,2026-10-23,Money Management,Connect,,,829938.6754,835492.0748,834554.888,836311.735
2026-11-02,2026-11-03,Money Management,Capital,,,402791.9747,391349.7768,402791.9747,391349.7768
2026-03-02,2026-03-05,Money Management,Multicurrency Settlement,553948.7209,553948.7209,459670.2346,420384.532,459670.2346,420384.532
2025-11-03,2025-11-06,Money Management,Instant Payouts,380215.0511,441413.027,460068.1542,460068.1542,539503.8298,539503.8298
2026-04-06,2026-04-10,Money Management,Connect,1133701.377,1133701.377,712020.451,632732.4103,716531.3549,633348.6772
2025-08-18,2025-08-24,Money Management,Instant Payouts,240922.9579,308041.4014,269748.5978,269748.5978,326923.6856,326923.6856
2026-02-23,2026-02-25,Money Management,Connect,1539646.337,1539646.337,1603089.12,1276256.589,1585727.867,1464906.014
2025-09-29,2025-09-30,Money Management,Capital,669762.9928,669762.9928,612604.4106,612604.4106,612604.4106,612604.4106
2025-11-03,2025-11-09,Money Management,Instant Payouts,260364.6438,324079.6471,294380.7472,294380.7472,345208.7242,345208.7242
2025-07-14,2025-07-18,Money Management,Instant Payouts,357042.7716,423461.0653,281012.8797,281012.8797,391877.3748,391877.3748
2025-07-28,2025-07-30,Money Management,Connect,1260095.72,1260095.72,1284346.849,1284346.849,1285842.32,1285842.32
2025-12-15,2025-12-15,Money Management,Capital,385741.8326,385741.8326,332930.5143,332930.5143,332930.5143,332930.5143
2025-09-22,2025-09-26,Money Management,Multicurrency Settlement,248156.962,248156.962,244210.6733,244210.6733,244210.6733,244210.6733
2026-03-30,2026-04-05,Money Management,Capital,96712.43,96712.43,112451.5818,115146.4975,112451.5818,115146.4975
2026-04-06,2026-04-12,Money Management,Capital,91594.67,91594.67,120533.8853,123422.4944,120533.8853,123422.4944
2025-06-02,2025-06-02,Money Management,Capital,247407.22,247407.22,263611.7302,263611.7302,263611.7302,263611.7302
2026-04-27,2026-04-27,Money Management,Capital,248296.2749,248296.2749,356151.785,364687.0053,356151.785,364687.0053
2025-06-09,2025-06-14,Money Management,Instant Payouts,255458.7457,315451.612,296627.1392,296627.1392,314714.4771,314714.4771
2025-07-14,2025-07-17,Money Management,Instant Payouts,322919.4208,385868.1378,224202.2485,224202.2485,312653.9562,312653.9562
2025-04-21,2025-04-21,Money Management,Connect,711566.3385,711566.3385,1179785.612,1179785.612,1180978.185,1180978.185
2024-12-30,2025-01-05,Money Management,Capital,88972.31,88972.31,82741.33403,82741.33403,82741.33403,82741.33403
2025-06-16,2025-06-21,Money Management,Connect,203254.5416,203254.5416,132000.8912,132000.8912,132153.8366,132153.8366
2025-03-17,2025-03-19,Money Management,Multicurrency Settlement,279879.0895,279879.0895,276910.5382,276910.5382,276910.5382,276910.5382
2025-06-23,2025-06-26,Money Management,Capital,360766.3697,360766.3697,413522.8776,413522.8776,413522.8776,413522.8776
2025-10-06,2025-10-10,Money Management,Instant Payouts,391481.5639,459797.5532,344522.9509,344522.9509,412481.4033,412481.4033
2025-05-19,2025-05-20,Money Management,Capital,204965.05,204965.05,256668.3996,256668.3996,256668.3996,256668.3996
2026-12-07,2026-12-09,Money Management,Multicurrency Settlement,,,452275.2786,407405.9262,452275.2786,407405.9262
2026-09-28,2026-09-30,Money Management,Multicurrency Settlement,,,422199.9672,389818.5006,422199.9672,389818.5006
2026-10-19,2026-10-21,Money Management,Capital,,,419820.2166,409238.8595,419820.2166,409238.8595
2026-05-18,2026-05-19,Money Management,Capital,,,364655.107,369101.0574,364655.107,369101.0574
2026-05-25,2026-05-27,Money Management,Multicurrency Settlement,,,384235.6042,356649.3396,384235.6042,356649.3396
2026-05-11,2026-05-17,Money Management,Multicurrency Settlement,,,124239.5105,115319.7124,124239.5105,115319.7124
2026-05-04,2026-05-09,Money Management,Connect,,,152829.1131,149096.936,153782.8879,149242.6344
2026-06-08,2026-06-09,Money Management,Multicurrency Settlement,,,360698.3332,335027.165,360698.3332,335027.165
2026-10-12,2026-10-13,Money Management,Connect,,,1694201.488,1705537.961,1703624.828,1707211.18
2026-01-12,2026-01-13,Money Management,Capital,368878.8633,368878.8633,355379.8484,364409.6622,355379.8484,364409.6622
2026-03-02,2026-03-04,Money Management,Connect,2120925.903,2120925.903,1887865.861,1828401.428,1900477.802,1830203.183
2025-07-07,2025-07-08,Money Management,Capital,364931.98,364931.98,257420.4012,257420.4012,257420.4012,257420.4012
2026-03-09,2026-03-10,Money Management,Connect,1418618.487,1418618.487,1338378.488,1296221.934,1347319.563,1297499.265
2026-02-09,2026-02-10,Money Management,Multicurrency Settlement,325715.614,325715.614,337623.743,342565.1898,337623.743,342565.1898
2025-03-17,2025-03-18,Money Management,Multicurrency Settlement,237359.2977,237359.2977,269266.6282,269266.6282,269266.6282,269266.6282
2025-04-07,2025-04-08,Money Management,Multicurrency Settlement,325121.8073,325121.8073,268918.6776,268918.6776,268918.6776,268918.6776
2025-11-10,2025-11-16,Money Management,Connect,478603.0912,478603.0912,764495.4624,764495.4624,766272.6779,766272.6779
2025-07-07,2025-07-08,Money Management,Connect,1371218.67,1371218.67,1230184.679,1230184.679,1231617.084,1231617.084
2025-12-29,2025-12-30,Money Management,Multicurrency Settlement,349178.018,349178.018,373598.157,373598.157,373598.157,373598.157
2025-12-29,2026-01-03,Money Management,Instant Payouts,307928.8147,363478.2632,439768.969,441974.1873,524169.8345,535777.4523
2025-03-03,2025-03-08,Money Management,Capital,109901.14,109901.14,97105.38494,97105.38494,97105.38494,97105.38494
2025-02-10,2025-02-12,Money Management,Connect,62950.86038,62950.86038,1048710.201,1048710.201,1206646.585,1206646.585
2026-04-27,2026-04-29,Money Management,Connect,1682246.441,1682246.441,1517481.948,1348500.607,1527095.738,1349814.016
2025-11-17,2025-11-18,Money Management,Capital,320949.0618,320949.0618,295075.0761,295075.0761,295075.0761,295075.0761
2026-06-08,2026-06-12,Money Management,Instant Payouts,,,391301.7986,388347.2779,464691.0052,465782.8843
2026-09-14,2026-09-14,Money Management,Connect,,,1868832.209,1838333.546,1879339.818,1840135.499
2026-09-21,2026-09-27,Money Management,Connect,,,894999.9271,880393.8532,900032.112,881256.8241
2026-10-12,2026-10-16,Money Management,Multicurrency Settlement,,,324822.5633,298527.8903,324822.5633,298527.8903
2026-09-28,2026-10-01,Money Management,Instant Payouts,,,548937.7976,555178.432,649008.844,660433.4969
2026-10-19,2026-10-22,Money Management,Instant Payouts,,,331888.453,335661.548,392391.528,399298.8869
2026-06-22,2026-06-22,Money Management,Connect,,,1686667.968,1652081.744,1696954.198,1653697.413
2026-08-31,2026-09-02,Money Management,Capital,,,413803.8889,416547.3876,413803.8889,416547.3876
2026-05-11,2026-05-17,Money Management,Connect,,,792705.9037,773347.5576,797653.0168,774103.2775
2026-08-10,2026-08-11,Money Management,Instant Payouts,,,390212.2095,392471.7009,462132.0525,469153.6496
2026-08-24,2026-08-28,Money Management,Instant Payouts,,,403786.0299,406124.1194,478207.6578,485473.5064
2026-09-28,2026-09-29,Money Management,Instant Payouts,,,397225.5817,402936.9363,470554.9526,480400.8507
2025-10-20,2025-10-24,Money Management,Instant Payouts,364926.7359,427528.0808,344522.9509,344522.9509,412481.4033,412481.4033
2025-01-13,2025-01-17,Money Management,Connect,-106818.9278,-106818.9278,744064.6011,744064.6011,744731.0569,744731.0569
2025-07-28,2025-08-01,Money Management,Instant Payouts,975022.8782,601529.2738,551368.096,551368.096,668234.3915,668234.3915
2025-03-03,2025-03-05,Money Management,Multicurrency Settlement,341450.7573,341450.7573,347681.6878,347681.6878,347681.6878,347681.6878
2025-10-06,2025-10-11,Money Management,Connect,132312.4159,132312.4159,131358.2326,131358.2326,131606.319,131606.319
2026-03-09,2026-03-12,Money Management,Capital,552241.362,552241.362,518403.5454,516179.5596,518403.5454,516179.5596
2025-12-01,2025-12-02,Money Management,Instant Payouts,482790.4079,543298.8655,556852.8915,556852.8915,661711.6908,661711.6908
2026-02-02,2026-02-06,Money Management,Capital,388906.0968,388906.0968,359594.5279,362482.3033,359594.5279,362482.3033
2025-04-14,2025-04-19,Money Management,Instant Payouts,246344.4772,307682.0469,236929.5113,236929.5113,289322.4282,289322.4282
2025-11-24,2025-11-28,Money Management,Multicurrency Settlement,562529.2072,562529.2072,259856.1872,259856.1872,259856.1872,259856.1872
2025-03-31,2025-04-06,Money Management,Connect,19456.60236,19456.60236,731564.3852,731564.3852,732303.8783,732303.8783
2026-03-23,2026-03-27,Money Management,Multicurrency Settlement,309567.4964,309567.4964,268174.5748,245255.043,268174.5748,245255.043
2025-01-06,2025-01-06,Money Management,Instant Payouts,329942.0023,173230.4029,532316.9857,532316.9857,657297.965,657297.965
2025-09-08,2025-09-09,Money Management,Multicurrency Settlement,275652.5552,275652.5552,314598.2089,314598.2089,314598.2089,314598.2089
2025-04-21,2025-04-21,Money Management,Instant Payouts,309261.2614,379411.7438,338908.8156,338908.8156,413852.7148,413852.7148
2025-10-06,2025-10-10,Money Management,Connect,776993.0266,776993.0266,637688.1239,637688.1239,638892.4774,638892.4774
2025-07-07,2025-07-13,Money Management,Connect,829724.7286,829724.7286,643881.9088,643881.9088,644631.6334,644631.6334
2025-09-15,2025-09-20,Money Management,Capital,101008.34,101008.34,104376.1181,104376.1181,104376.1181,104376.1181
2025-03-10,2025-03-10,Money Management,Capital,368387.74,368387.74,252417.6075,252417.6075,252417.6075,252417.6075
2025-01-27,2025-01-29,Money Management,Connect,59102.71518,59102.71518,1585775.518,1585775.518,1587195.891,1587195.891
2026-08-03,2026-08-04,Money Management,Capital,,,371173.9273,376536.1149,371173.9273,376536.1149
2026-06-01,2026-06-02,Money Management,Instant Payouts,,,599389.3134,594863.6297,711805.6282,713478.1497
2026-12-28,2026-12-31,Money Management,Multicurrency Settlement,,,466058.8324,419822.0403,466058.8324,419822.0403
2026-09-14,2026-09-14,Money Management,Multicurrency Settlement,,,696293.3039,642889.7034,696293.3039,642889.7034
2026-12-21,2026-12-24,Money Management,Capital,,,644002.2363,602697.8848,644002.2363,602697.8848
2026-05-04,2026-05-09,Money Management,Instant Payouts,,,294978.3138,290348.9233,350264.9269,348822.6342
2026-05-25,2026-05-30,Money Management,Capital,,,131423.776,133026.1219,131423.776,133026.1219
2026-05-11,2026-05-14,Money Management,Capital,,,499967.175,506062.8781,499967.175,506062.8781
2026-09-21,2026-09-22,Money Management,Capital,,,419383.4378,422163.9287,419383.4378,422163.9287
2026-12-21,2026-12-27,Money Management,Instant Payouts,,,344467.7447,351737.8019,407652.6985,418286.0121
2025-09-01,2025-09-06,Money Management,Connect,-95266.42912,-95266.42912,176298.1842,176298.1842,176559.5648,176559.5648
2025-04-14,2025-04-16,Money Management,Capital,335702.11,335702.11,291379.3021,291379.3021,291379.3021,291379.3021
2026-04-13,2026-04-18,Money Management,Instant Payouts,278302.7832,337325.9339,290600.4594,282912.7537,345856.1477,339878.2566
2025-09-22,2025-09-28,Money Management,Capital,82874.78,82874.78,91823.00565,91823.00565,91823.00565,91823.00565
2025-03-17,2025-03-18,Money Management,Connect,68725.9187,68725.9187,1132500.808,1132500.808,1133271.519,1133271.519
2026-02-23,2026-03-01,Money Management,Capital,103999.52,103999.52,220178.1328,219233.5539,220178.1328,219233.5539
2025-01-27,2025-02-02,Money Management,Connect,23982.12497,23982.12497,621537.9061,621537.9061,715141.8865,715141.8865
2026-01-12,2026-01-18,Money Management,Multicurrency Settlement,1825.827201,1825.827201,116666.6085,111384.4913,116666.6085,111384.4913
2025-01-20,2025-01-24,Money Management,Multicurrency Settlement,161878.7781,161878.7781,191713.2826,191713.2826,191713.2826,191713.2826
2026-02-16,2026-02-20,Money Management,Multicurrency Settlement,341001.9128,341001.9128,262084.5239,265920.3819,262084.5239,265920.3819
2025-04-14,2025-04-16,Money Management,Connect,1129734.421,1129734.421,1127020.682,1127020.682,1128159.917,1128159.917
2025-01-06,2025-01-12,Money Management,Instant Payouts,22481.15405,96706.0104,236465.2418,236465.2418,291984.1493,291984.1493
2025-10-20,2025-10-26,Money Management,Connect,456493.285,456493.285,681339.0703,681339.0703,682625.864,682625.864
2026-08-03,2026-08-08,Money Management,Capital,,,137413.4639,139398.6162,137413.4639,139398.6162
2026-10-19,2026-10-24,Money Management,Capital,,,143063.2571,139457.4198,143063.2571,139457.4198
2026-06-08,2026-06-12,Money Management,Connect,,,756009.6182,740507.1491,760620.1809,741231.3349
2026-06-15,2026-06-18,Money Management,Capital,,,535252.3465,543639.6929,535252.3465,543639.6929
2026-11-09,2026-11-10,Money Management,Instant Payouts,,,418359.3498,425235.1934,494916.5942,505037.8138
2026-09-14,2026-09-14,Money Management,Instant Payouts,,,452697.628,459206.566,536267.3522,547488.2174
2026-02-02,2026-02-06,Money Management,Instant Payouts,357163.2084,423231.6367,706767.5422,527163.9669,633199.7322,636403.0146
2025-03-17,2025-03-17,Money Management,Multicurrency Settlement,431385.1002,431385.1002,456681.5926,456681.5926,456681.5926,456681.5926
2025-07-21,2025-07-27,Money Management,Instant Payouts,316003.8458,303905.9512,227391.7913,227391.7913,317101.8294,317101.8294
2025-06-23,2025-06-27,Money Management,Instant Payouts,378108.4396,442942.2886,385260.0851,385260.0851,408751.9657,408751.9657
2025-11-24,2025-11-28,Money Management,Connect,1124023.76,1124023.76,715516.984,715516.984,717180.3396,717180.3396
2026-03-02,2026-03-04,Money Management,Instant Payouts,794625.2727,450400.8684,573061.9453,556710.1521,683026.9894,670090.8726
2025-02-24,2025-02-25,Money Management,Multicurrency Settlement,243745.585,243745.585,266636.9687,266636.9687,266636.9687,266636.9687
2026-04-06,2026-04-08,Money Management,Capital,321002.3336,321002.3336,402062.9329,411698.4194,402062.9329,411698.4194
2025-08-25,2025-08-26,Money Management,Connect,1352898.554,1352898.554,1231350.222,1231350.222,1233352.221,1233352.221
2025-11-17,2025-11-21,Money Management,Connect,886299.2176,886299.2176,715516.984,715516.984,717180.3396,717180.3396
2025-09-15,2025-09-21,Money Management,Connect,738820.7462,738820.7462,706247.7375,706247.7375,707294.8241,707294.8241
2025-12-08,2025-12-08,Money Management,Capital,312971.2267,312971.2267,332930.5143,332930.5143,332930.5143,332930.5143
2026-03-23,2026-03-29,Money Management,Capital,90544.35218,90544.35218,119881.1162,119366.8182,119881.1162,119366.8182
2025-01-13,2025-01-19,Money Management,Capital,98804.87,98804.87,84992.91075,84992.91075,84992.91075,84992.91075
2025-05-05,2025-05-05,Money Management,Instant Payouts,661255.4615,484584.7363,562805.029,562805.029,675803.3548,675803.3548
2025-11-10,2025-11-16,Money Management,Capital,122960.25,122960.25,93556.6223,93556.6223,93556.6223,93556.6223
2025-11-17,2025-11-23,Money Management,Capital,118230.57,118230.57,93556.6223,93556.6223,93556.6223,93556.6223
2025-06-02,2025-06-06,Money Management,Instant Payouts,754435.0694,1197729.477,610662.9961,610662.9961,647899.1975,647899.1975
2025-09-15,2025-09-15,Money Management,Instant Payouts,421047.7272,504358.1024,356623.1207,356623.1207,463734.1494,463734.1494
2025-03-03,2025-03-04,Money Management,Instant Payouts,132638.4969,194395.3357,489080.8412,489080.8412,592318.0279,592318.0279
2026-02-16,2026-02-21,Money Management,Multicurrency Settlement,4714.245712,4714.245712,0,0,0,0
2025-02-24,2025-02-26,Money Management,Instant Payouts,92501.03126,152946.3787,292378.3418,292378.3418,357515.098,357515.098
2026-11-09,2026-11-11,Money Management,Multicurrency Settlement,,,420757.0006,401243.5865,420757.0006,401243.5865
2026-12-14,2026-12-19,Money Management,Multicurrency Settlement,,,0,0,0,0
2026-11-30,2026-12-01,Money Management,Multicurrency Settlement,,,552189.6124,497407.9529,552189.6124,497407.9529
2026-09-21,2026-09-24,Money Management,Connect,,,1471496.15,1447481.867,1479769.716,1448900.703
2026-09-14,2026-09-19,Money Management,Connect,,,172550.812,169734.8454,173520.9882,169901.2212
2026-08-31,2026-09-06,Money Management,Connect,,,1158830.106,1139918.419,1165345.69,1141035.779
2026-11-30,2026-12-01,Money Management,Capital,,,275019.6083,257380.6842,275019.6083,257380.6842
2026-05-11,2026-05-13,Money Management,Multicurrency Settlement,,,384235.6042,356649.3396,384235.6042,356649.3396
2026-08-10,2026-08-16,Money Management,Connect,,,829872.7649,817120.7578,834857.5754,817920.3219
2026-06-08,2026-06-13,Money Management,Multicurrency Settlement,,,0,0,0,0
2026-06-01,2026-06-07,Money Management,Capital,,,115477.6146,117287.1363,115477.6146,117287.1363
2026-07-13,2026-07-18,Money Management,Multicurrency Settlement,,,0,0,0,0
2026-11-02,2026-11-07,Money Management,Capital,,,145168.5206,141044.6874,145168.5206,141044.6874
2025-08-11,2025-08-17,Money Management,Capital,97314.7,97314.7,75409.06208,75409.06208,75409.06208,75409.06208
2025-07-21,2025-07-25,Money Management,Instant Payouts,785895.536,424705.3796,281012.8797,281012.8797,391877.3748,391877.3748
2025-08-04,2025-08-08,Money Management,Connect,616504.8803,616504.8803,603201.6736,603201.6736,604182.3929,604182.3929
2025-10-06,2025-10-07,Money Management,Connect,1383637.164,1383637.164,1758763.964,1758763.964,1762085.609,1762085.609
2026-01-19,2026-01-20,Money Management,Instant Payouts,394684.741,456057.1613,333723.1123,335396.5645,397771.5594,406580.1171
2025-07-28,2025-07-31,Money Management,Multicurrency Settlement,276918.9135,276918.9135,296323.3605,296323.3605,296323.3605,296323.3605
2025-04-28,2025-05-04,Money Management,Instant Payouts,259564.2372,325793.8003,413509.9389,413509.9389,496533.2389,496533.2389
2025-09-01,2025-09-05,Money Management,Instant Payouts,419566.2918,489443.3243,513258.9242,513258.9242,667415.1977,667415.1977
2025-08-04,2025-08-04,Money Management,Connect,1869864.87,1869864.87,1818213.96,1818213.96,1821170.115,1821170.115
2025-03-31,2025-04-02,Money Management,Instant Payouts,137688.9127,198612.979,463803.0224,463803.0224,566365.1434,566365.1434
2025-09-08,2025-09-13,Money Management,Instant Payouts,262717.91,326475.0548,249313.4957,249313.4957,324194.2968,324194.2968
2025-02-10,2025-02-16,Money Management,Connect,24123.65702,24123.65702,525750.1343,525750.1343,604928.419,604928.419
2026-07-27,2026-07-29,Money Management,Connect,,,1653134.179,1613846.854,1662620.573,1615427.608
2026-10-05,2026-10-05,Money Management,Capital,,,362029.7443,352904.9669,362029.7443,352904.9669
2026-05-04,2026-05-09,Money Management,Capital,,,131423.776,133026.1219,131423.776,133026.1219
2026-10-12,2026-10-15,Money Management,Instant Payouts,,,331888.453,335661.548,392391.528,399298.8869
2026-11-30,2026-12-02,Money Management,Instant Payouts,,,669506.3382,683636.3968,792312.3999,812979.272
2026-08-24,2026-08-25,Money Management,Connect,,,1585534.158,1561170.492,1595058.012,1562698.119
2026-11-09,2026-11-09,Money Management,Connect,,,1858620.227,1863933.583,1869337.245,1865760.351
2025-03-03,2025-03-07,Money Management,Instant Payouts,131767.1224,204625.0335,506093.8813,506093.8813,612922.2502,612922.2502
2025-08-18,2025-08-23,Money Management,Multicurrency Settlement,74.95711567,74.95711567,0,0,0,0
2026-04-27,2026-04-28,Money Management,Connect,1361148.038,1361148.038,1453488.245,1291633.013,1462696.612,1292891.034
2025-09-15,2025-09-16,Money Management,Connect,1410425.104,1410425.104,1349339.266,1349339.266,1351339.804,1351339.804
2025-07-21,2025-07-27,Money Management,Multicurrency Settlement,132308.3475,132308.3475,92980.12471,92980.12471,92980.12471,92980.12471
2025-10-27,2025-11-02,Money Management,Instant Payouts,307171.4719,371016.3657,466613.1684,466613.1684,547178.9106,547178.9106
2025-05-26,2025-05-27,Money Management,Instant Payouts,364807.3986,424780.5208,298576.7359,298576.7359,358524.0881,358524.0881
2025-06-16,2025-06-16,Money Management,Multicurrency Settlement,443023.3697,443023.3697,488306.1772,488306.1772,488306.1772,488306.1772
2025-03-10,2025-03-11,Money Management,Multicurrency Settlement,254901.4037,254901.4037,269266.6282,269266.6282,269266.6282,269266.6282
2026-03-30,2026-04-02,Money Management,Connect,1785590.535,1785590.535,1619497.689,1439156.242,1629757.785,1440557.947
2026-03-23,2026-03-26,Money Management,Instant Payouts,357654.697,417235.104,290710.4347,282415.281,346494.9551,339932.5508
2025-06-02,2025-06-05,Money Management,Multicurrency Settlement,356045.2761,356045.2761,367125.8935,367125.8935,367125.8935,367125.8935
2025-11-03,2025-11-04,Money Management,Capital,230167.6676,230167.6676,275289.0505,275289.0505,275289.0505,275289.0505
2026-03-02,2026-03-04,Money Management,Multicurrency Settlement,398857.9343,398857.9343,446075.6221,407951.7827,446075.6221,407951.7827
2025-01-27,2025-01-31,Money Management,Multicurrency Settlement,199832.1708,199832.1708,191713.2826,191713.2826,191713.2826,191713.2826
2025-09-08,2025-09-08,Money Management,Capital,255357.34,255357.34,271317.2908,271317.2908,271317.2908,271317.2908
2025-09-22,2025-09-27,Money Management,Multicurrency Settlement,273.2238901,273.2238901,0,0,0,0
2026-04-06,2026-04-09,Money Management,Capital,560342.8387,560342.8387,521226.3283,533717.5799,521226.3283,533717.5799
2025-01-20,2025-01-24,Money Management,Instant Payouts,98882.00275,172773.6236,292225.9343,292225.9343,360836.714,360836.714
2025-05-05,2025-05-05,Money Management,Multicurrency Settlement,288634.1322,288634.1322,567719.173,567719.173,567719.173,567719.173
2026-02-02,2026-02-06,Money Management,Multicurrency Settlement,317552.2815,317552.2815,287933.2129,292147.3912,287933.2129,292147.3912
2025-04-28,2025-04-29,Money Management,Multicurrency Settlement,254282.1157,254282.1157,268918.6776,268918.6776,268918.6776,268918.6776
2025-03-17,2025-03-17,Money Management,Connect,46257.94287,46257.94287,1237718.096,1237718.096,1238560.411,1238560.411
2025-07-07,2025-07-07,Money Management,Multicurrency Settlement,600332.6657,600332.6657,595448.7044,595448.7044,595448.7044,595448.7044
2025-04-14,2025-04-20,Money Management,Instant Payouts,209431.9663,271128.2337,249006.5942,249006.5942,304070.1518,304070.1518
2025-09-22,2025-09-27,Money Management,Capital,126816.8619,126816.8619,104376.1181,104376.1181,104376.1181,104376.1181
2025-12-15,2025-12-17,Money Management,Multicurrency Settlement,394639.9559,394639.9559,384203.8181,384203.8181,384203.8181,384203.8181
2025-04-07,2025-04-09,Money Management,Capital,275620.47,275620.47,291379.3021,291379.3021,291379.3021,291379.3021
2025-06-23,2025-06-24,Money Management,Connect,1301404.453,1301404.453,1308118.085,1308118.085,1309633.761,1309633.761
2025-11-17,2025-11-21,Money Management,Instant Payouts,380299.0499,444961.2221,363798.4509,363798.4509,426612.1351,426612.1351
2025-08-25,2025-08-31,Money Management,Connect,318010.972,365511.112,1101270.201,1101270.201,1103060.709,1103060.709
2026-04-13,2026-04-14,Money Management,Capital,296031.3141,296031.3141,380160.6426,389271.2381,380160.6426,389271.2381
2025-02-03,2025-02-08,Money Management,Multicurrency Settlement,-190.9780523,-190.9780523,0,0,0,0
2025-12-08,2025-12-10,Money Management,Instant Payouts,352239.8399,409311.3075,331271.15,331271.15,393651.5301,393651.5301
2026-12-21,2026-12-21,Money Management,Multicurrency Settlement,,,745893.5871,671894.9323,745893.5871,671894.9323
2026-09-07,2026-09-12,Money Management,Multicurrency Settlement,,,0,0,0,0
2026-09-28,2026-10-02,Money Management,Multicurrency Settlement,,,407838.7842,374823.8749,407838.7842,374823.8749
2026-04-27,2026-04-30,Money Management,Instant Payouts,,,-311432.9438,-303194.124,-370649.7864,-364243.3539
2026-10-12,2026-10-13,Money Management,Capital,,,396950.6026,386945.6625,396950.6026,386945.6625
2026-12-21,2026-12-27,Money Management,Capital,,,148925.884,139374.2292,148925.884,139374.2292
2026-04-27,2026-05-02,Money Management,Connect,,,206483.9377,201441.478,207772.5611,201638.3279
2026-08-03,2026-08-09,Money Management,Multicurrency Settlement,,,126606.8028,117689.4966,126606.8028,117689.4966
2026-06-08,2026-06-10,Money Management,Multicurrency Settlement,,,370937.7948,344537.8765,370937.7948,344537.8765
2026-06-29,2026-07-02,Money Management,Multicurrency Settlement,,,504579.2911,465055.681,504579.2911,465055.681
2026-11-02,2026-11-08,Money Management,Connect,,,890109.3197,892653.9319,895241.7924,893528.787
2025-09-08,2025-09-10,Money Management,Instant Payouts,338044.6889,399112.6372,307902.0756,307902.0756,400379.8375,400379.8375
2025-11-03,2025-11-04,Money Management,Connect,1676201.826,1676201.826,1891192.649,1891192.649,1895589.087,1895589.087
2025-01-06,2025-01-12,Money Management,Capital,101437.1,101437.1,84992.91075,84992.91075,84992.91075,84992.91075
2025-12-01,2025-12-02,Money Management,Connect,2221981.183,2221981.183,1955793.046,1955793.046,1958756.408,1958756.408
2025-12-22,2025-12-28,Money Management,Connect,464800.57,464800.57,757667.4547,757667.4547,758815.4508,758815.4508
2025-09-22,2025-09-27,Money Management,Instant Payouts,275120.2106,337809.152,249313.4957,249313.4957,324194.2968,324194.2968
2026-01-26,2026-01-28,Money Management,Capital,375846.6538,375846.6538,375854.4363,385404.487,375854.4363,385404.487
2025-08-11,2025-08-13,Money Management,Multicurrency Settlement,313298.8449,313298.8449,288358.2002,288358.2002,288358.2002,288358.2002
2025-06-09,2025-06-09,Money Management,Connect,1308168.544,1308168.544,1429651.455,1429651.455,1431307.948,1431307.948
2025-10-06,2025-10-06,Money Management,Multicurrency Settlement,600819.6973,600819.6973,676166.4092,676166.4092,676166.4092,676166.4092
2025-02-03,2025-02-04,Money Management,Multicurrency Settlement,247328.1347,247328.1347,292934.6532,292934.6532,292934.6532,292934.6532
2026-03-09,2026-03-13,Money Management,Multicurrency Settlement,276395.3749,276395.3749,268174.5748,245255.043,268174.5748,245255.043
2025-02-03,2025-02-04,Money Management,Connect,-36986.00641,-36986.00641,1187494.782,1187494.782,1366332.207,1366332.207
2026-02-23,2026-02-27,Money Management,Capital,458163.6114,458163.6114,422148.4572,425538.5809,422148.4572,425538.5809
2025-06-16,2025-06-18,Money Management,Connect,835237.0066,835237.0066,1365711.48,1365711.48,1367293.888,1367293.888
2025-12-15,2025-12-21,Money Management,Capital,114081.16,114081.16,112675.0175,112675.0175,112675.0175,112675.0175
2025-12-08,2025-12-11,Money Management,Instant Payouts,354240.9468,414576.6942,277954.4676,277954.4676,330294.9909,330294.9909
2025-02-17,2025-02-17,Money Management,Capital,95119.35,95119.35,271842.8998,271842.8998,271842.8998,271842.8998
2026-06-22,2026-06-22,Money Management,Instant Payouts,,,430955.4907,427701.5651,511781.8034,512984.3312
2026-12-21,2026-12-27,Money Management,Connect,,,859400.2058,842400.1157,864166.7255,843226.0585
2026-09-07,2026-09-08,Money Management,Multicurrency Settlement,,,410545.4508,379057.8505,410545.4508,379057.8505
2026-09-21,2026-09-26,Money Management,Multicurrency Settlement,,,0,0,0,0
2026-07-27,2026-07-29,Money Management,Capital,,,393322.311,406236.0327,393322.311,406236.0327
2026-05-18,2026-05-24,Money Management,Multicurrency Settlement,,,124239.5105,115319.7124,124239.5105,115319.7124
2026-06-08,2026-06-13,Money Management,Connect,,,155731.4368,152538.0624,156681.1728,152687.2384
2026-09-28,2026-09-29,Money Management,Capital,,,419383.4378,422163.9287,419383.4378,422163.9287
2026-05-11,2026-05-13,Money Management,Connect,,,1581205.055,1542591.094,1591073.028,1544098.523
2026-05-11,2026-05-16,Money Management,Connect,,,152829.1131,149096.936,153782.8879,149242.6344
2026-08-17,2026-08-18,Money Management,Connect,,,1585534.158,1561170.492,1595058.012,1562698.119
2026-06-08,2026-06-11,Money Management,Capital,,,535252.3465,543639.6929,535252.3465,543639.6929
2026-11-23,2026-11-23,Money Management,Instant Payouts,,,476782.702,484618.7485,564031.0684,575565.7035
2026-11-02,2026-11-04,Money Management,Capital,,,425998.1292,413896.7091,425998.1292,413896.7091
2026-11-09,2026-11-10,Money Management,Capital,,,431742.0997,419477.5093,431742.0997,419477.5093
2025-03-10,2025-03-16,Money Management,Capital,82618.88,82618.88,85426.70957,85426.70957,85426.70957,85426.70957
2025-07-07,2025-07-08,Money Management,Instant Payouts,328054.438,387293.2594,271566.2464,271566.2464,378703.8795,378703.8795
2025-04-07,2025-04-07,Money Management,Instant Payouts,134967.1343,215135.0848,537193.1357,537193.1357,655984.2275,655984.2275
2025-01-27,2025-02-02,Money Management,Instant Payouts,69274.0985,143951.0835,360088.3809,360088.3809,440309.7438,440309.7438
2025-04-14,2025-04-17,Money Management,Instant Payouts,302346.7051,365507.5832,245513.8692,245513.8692,299805.0703,299805.0703
2025-06-16,2025-06-22,Money Management,Connect,761764.6623,761764.6623,684672.4605,684672.4605,685465.7696,685465.7696
2026-03-16,2026-03-21,Money Management,Instant Payouts,272051.0142,331075.2435,280545.7861,272540.6713,334379.8088,328046.858
2025-07-07,2025-07-10,Money Management,Connect,1139047.596,1139047.596,1058625.508,1058625.508,1059858.152,1059858.152
2026-03-23,2026-03-29,Money Management,Instant Payouts,276388.7475,340621.0485,294846.134,286432.972,351424.2552,344768.4929
2025-06-23,2025-06-27,Money Management,Capital,284106.01,284106.01,333364.9778,333364.9778,333364.9778,333364.9778
2025-01-27,2025-02-02,Money Management,Multicurrency Settlement,158403.9008,158403.9008,97406.92406,97406.92406,97406.92406,97406.92406
2025-03-03,2025-03-05,Money Management,Instant Payouts,382572.7828,173852.026,481232.3132,481232.3132,582812.8005,582812.8005
2025-02-10,2025-02-13,Money Management,Capital,519994.15,519994.15,397840.7028,397840.7028,397840.7028,397840.7028
2026-01-12,2026-01-13,Money Management,Connect,1503266.818,1503266.818,1648747.355,1598722.888,1714158.969,1600302.796
2025-10-13,2025-10-19,Money Management,Multicurrency Settlement,43313.4831,43313.4831,105584.3039,105584.3039,105584.3039,105584.3039
2025-09-29,2025-10-03,Money Management,Connect,965299.5164,965299.5164,861565.9041,861565.9041,863193.0787,863193.0787
2026-02-16,2026-02-16,Money Management,Instant Payouts,386812.0514,460066.3057,537846.2241,401168.8881,481861.524,484299.2044
2026-12-21,2026-12-26,Money Management,Multicurrency Settlement,,,0,0,0,0
2026-11-30,2026-12-05,Money Management,Connect,,,223856.4609,219428.2796,225098.0434,219643.421
2026-10-26,2026-10-26,Money Management,Multicurrency Settlement,,,709690.1333,652240.091,709690.1333,652240.091
2026-10-12,2026-10-14,Money Management,Instant Payouts,,,395550.646,400047.4888,467659.3025,475891.6174
2026-11-30,2026-12-05,Money Management,Instant Payouts,,,542110.5579,553551.9042,641548.6943,658283.0087
2026-08-17,2026-08-19,Money Management,Connect,,,1655341.536,1629905.195,1665284.704,1631500.08
2026-06-01,2026-06-01,Money Management,Multicurrency Settlement,,,736095.2873,683706.839,736095.2873,683706.839
2026-06-01,2026-06-02,Money Management,Multicurrency Settlement,,,434013.325,403124.2743,434013.325,403124.2743
2026-06-29,2026-06-30,Money Management,Multicurrency Settlement,,,360698.3332,335027.165,360698.3332,335027.165
2026-06-29,2026-06-30,Money Management,Capital,,,825790.7381,838730.7897,825790.7381,838730.7897
2026-11-02,2026-11-05,Money Management,Instant Payouts,,,547471.1551,556468.9845,647655.0832,660899.859
2026-11-02,2026-11-04,Money Management,Instant Payouts,,,652486.0003,663209.7757,771887.0134,787672.3761
2026-10-12,2026-10-14,Money Management,Connect,,,1768793.237,1780628.828,1778631.464,1782375.716
2025-10-06,2025-10-12,Money Management,Capital,106387.01,106387.01,87601.61687,87601.61687,87601.61687,87601.61687
2026-02-02,2026-02-05,Money Management,Capital,787285.4465,787285.4465,446059.3457,449641.4892,446059.3457,449641.4892
2025-10-06,2025-10-08,Money Management,Connect,1466762.215,1466762.215,1359062.39,1359062.39,1361629.149,1361629.149
2025-12-15,2025-12-15,Money Management,Multicurrency Settlement,724567.1418,724567.1418,633629.9542,633629.9542,633629.9542,633629.9542
2026-03-23,2026-03-24,Money Management,Capital,321252.5691,321252.5691,378101.8238,376479.7417,378101.8238,376479.7417
2025-05-12,2025-05-15,Money Management,Capital,442862.93,442862.93,351909.9897,351909.9897,351909.9897,351909.9897
2026-12-14,2026-12-17,Money Management,Multicurrency Settlement,,,466058.8324,419822.0403,466058.8324,419822.0403
2026-09-21,2026-09-21,Money Management,Multicurrency Settlement,,,696293.3039,642889.7034,696293.3039,642889.7034
2026-10-05,2026-10-06,Money Management,Multicurrency Settlement,,,525387.9726,482857.3528,525387.9726,482857.3528
2026-05-11,2026-05-11,Money Management,Instant Payouts,,,421943.0097,415321.0348,501026.1112,498963.0262
2026-06-08,2026-06-08,Money Management,Capital,,,365735.7048,371466.7437,365735.7048,371466.7437
2026-06-29,2026-07-01,Money Management,Multicurrency Settlement,,,489656.5062,451301.7954,489656.5062,451301.7954
2026-08-31,2026-09-06,Money Management,Instant Payouts,,,527210.1822,534790.4702,624535.2106,637602.9937
2026-10-05,2026-10-07,Money Management,Connect,,,2389776.267,2405767.065,2403068.472,2408127.245
2026-10-05,2026-10-10,Money Management,Connect,,,170960.1805,172104.1327,171911.0804,172272.9756
2026-11-16,2026-11-21,Money Management,Capital,,,155602.3103,151182.0822,155602.3103,151182.0822
2026-04-20,2026-04-24,Money Management,Connect,943186.4431,943186.4431,712020.451,632732.4103,716531.3549,633348.6772
2025-09-08,2025-09-13,Money Management,Connect,148410.7408,148410.7408,136160.4796,136160.4796,136362.3519,136362.3519
2025-03-24,2025-03-28,Money Management,Instant Payouts,141933.7039,212036.1165,305984.9686,305984.9686,370573.5287,370573.5287
2026-02-16,2026-02-17,Money Management,Multicurrency Settlement,543947.9294,543947.9294,337623.743,342565.1898,337623.743,342565.1898
2025-02-17,2025-02-20,Money Management,Instant Payouts,79791.33719,148549.9497,245321.2921,245321.2921,299974.5645,299974.5645
2025-12-01,2025-12-07,Money Management,Capital,119538.14,119538.14,109690.1039,109690.1039,109690.1039,109690.1039
2026-11-02,2026-11-03,Money Management,Multicurrency Settlement,,,492303.9587,469472.4169,492303.9587,469472.4169
2026-10-26,2026-11-01,Money Management,Multicurrency Settlement,,,163701.4041,156109.437,163701.4041,156109.437
2026-06-15,2026-06-17,Money Management,Instant Payouts,,,372079.3251,369269.9435,441863.3296,442901.5707
2026-09-21,2026-09-26,Money Management,Connect,,,172550.812,169734.8454,173520.9882,169901.2212
2026-05-18,2026-05-18,Money Management,Instant Payouts,,,421943.0097,415321.0348,501026.1112,498963.0262
2026-06-15,2026-06-16,Money Management,Connect,,,1543285.859,1511639.778,1552697.665,1513118.1
2026-08-03,2026-08-09,Money Management,Connect,,,829872.7649,817120.7578,834857.5754,817920.3219
2025-11-03,2025-11-05,Money Management,Instant Payouts,834103.7642,458257.2079,548317.527,548317.527,642990.3985,642990.3985
2026-01-19,2026-01-24,Money Management,Capital,116910.4994,116910.4994,128080.9207,131335.317,128080.9207,131335.317
2024-12-30,2025-01-02,Money Management,Capital,264247.72,264247.72,357799.481,357799.481,357799.481,357799.481
2026-04-06,2026-04-11,Money Management,Instant Payouts,279935.7846,338985.3302,290600.4594,282912.7537,345856.1477,339878.2566
2025-01-20,2025-01-25,Money Management,Connect,148205.9547,148205.9547,153270.8659,153270.8659,153408.15,153408.15
2025-11-17,2025-11-20,Money Management,Instant Payouts,348027.9065,408341.0199,290251.5746,290251.5746,340366.6059,340366.6059
2025-09-29,2025-09-30,Money Management,Multicurrency Settlement,401638.7383,401638.7383,314598.2089,314598.2089,314598.2089,314598.2089
2025-02-17,2025-02-18,Money Management,Connect,39742.26675,39742.26675,1004485.062,1004485.062,1155761.113,1155761.113
2025-06-16,2025-06-18,Money Management,Instant Payouts,336558.7932,394614.7466,366334.4074,366334.4074,388672.263,388672.263
2025-07-28,2025-07-31,Money Management,Capital,661357.853,661357.853,573059.4002,573059.4002,573059.4002,573059.4002
2025-09-29,2025-10-01,Money Management,Capital,218103.05,218103.05,163769.9604,163769.9604,163769.9604,163769.9604
2025-01-27,2025-02-01,Money Management,Multicurrency Settlement,67.62516222,67.62516222,0,0,0,0
2026-03-16,2026-03-16,Money Management,Connect,1657538.119,1657538.119,1462723.262,1416650.068,1472495.026,1418046.072
2025-04-14,2025-04-15,Money Management,Multicurrency Settlement,246125.7055,246125.7055,268918.6776,268918.6776,268918.6776,268918.6776
2025-06-30,2025-07-02,Money Management,Connect,1837097.788,1837097.788,1735251.782,1735251.782,1737272.278,1737272.278
2025-09-15,2025-09-19,Money Management,Multicurrency Settlement,239635.8935,239635.8935,244210.6733,244210.6733,244210.6733,244210.6733
2025-03-10,2025-03-15,Money Management,Multicurrency Settlement,0.0652367941,0.0652367941,0,0,0,0
2026-01-05,2026-01-09,Money Management,Connect,882507.5583,882507.5583,807672.0542,783166.5629,839715.2488,783940.5125
2025-10-13,2025-10-17,Money Management,Multicurrency Settlement,239741.3199,239741.3199,246483.9697,246483.9697,246483.9697,246483.9697
2025-01-27,2025-02-02,Money Management,Capital,106517.05,106517.05,78368.20398,78368.20398,78368.20398,78368.20398
2026-03-16,2026-03-21,Money Management,Connect,135618.4394,135618.4394,135054.4387,130800.4629,135956.6737,130929.3572
2025-04-07,2025-04-10,Money Management,Multicurrency Settlement,307213.8567,307213.8567,284980.9379,284980.9379,284980.9379,284980.9379
2025-04-07,2025-04-07,Money Management,Capital,329763.28,329763.28,240799.8419,240799.8419,240799.8419,240799.8419
2026-08-24,2026-08-30,Money Management,Capital,,,120887.0144,122633.4163,120887.0144,122633.4163
2026-08-31,2026-08-31,Money Management,Capital,,,823579.0402,835476.927,823579.0402,835476.927
2026-09-07,2026-09-09,Money Management,Connect,,,1785250.242,1756115.606,1795287.907,1757836.968
2026-12-14,2026-12-14,Money Management,Connect,,,1794497.116,1758999.553,1804449.994,1760724.188
2026-12-21,2026-12-26,Money Management,Capital,,,169285.5258,158428.0652,169285.5258,158428.0652
2026-07-13,2026-07-18,Money Management,Capital,,,134033.4947,138434.1382,134033.4947,138434.1382
2026-09-14,2026-09-15,Money Management,Capital,,,419383.4378,422163.9287,419383.4378,422163.9287
2026-08-17,2026-08-18,Money Management,Instant Payouts,,,390212.2095,392471.7009,462132.0525,469153.6496
2026-07-13,2026-07-13,Money Management,Multicurrency Settlement,,,643166.208,592787.1083,643166.208,592787.1083
2026-11-23,2026-11-23,Money Management,Capital,,,404475.6405,392985.6143,404475.6405,392985.6143
2025-05-19,2025-05-20,Money Management,Instant Payouts,316944.5065,376703.0896,298576.7359,298576.7359,358524.0881,358524.0881
2025-07-07,2025-07-12,Money Management,Multicurrency Settlement,-84.06139582,-84.06139582,0,0,0,0
2025-11-17,2025-11-22,Money Management,Connect,187175.1739,187175.1739,147390.3038,147390.3038,147732.9407,147732.9407
2025-07-07,2025-07-10,Money Management,Multicurrency Settlement,307765.8286,307765.8286,296323.3605,296323.3605,296323.3605,296323.3605
2025-08-11,2025-08-11,Money Management,Capital,216987.7739,216987.7739,222817.6082,222817.6082,222817.6082,222817.6082
2025-02-10,2025-02-12,Money Management,Capital,308542.01,308542.01,306885.8788,306885.8788,306885.8788,306885.8788
2025-01-13,2025-01-16,Money Management,Instant Payouts,79980.20638,152349.1588,233148.4296,233148.4296,287888.5935,287888.5935
2025-05-26,2025-05-29,Money Management,Capital,246432.74,246432.74,351909.9897,351909.9897,351909.9897,351909.9897
2025-08-25,2025-08-25,Money Management,Capital,250317.68,250317.68,222817.6082,222817.6082,222817.6082,222817.6082
2025-06-09,2025-06-12,Money Management,Capital,376103.3964,376103.3964,413522.8776,413522.8776,413522.8776,413522.8776
2025-04-28,2025-05-04,Money Management,Capital,81514.91,81514.91,79223.53623,79223.53623,79223.53623,79223.53623
2026-04-06,2026-04-06,Money Management,Capital,382030.0784,382030.0784,332270.3092,340233.2071,332270.3092,340233.2071
2025-06-09,2025-06-10,Money Management,Instant Payouts,320339.185,378017.1711,372309.0386,372309.0386,395011.2073,395011.2073
2026-03-16,2026-03-19,Money Management,Capital,561641.647,561641.647,518403.5454,516179.5596,518403.5454,516179.5596
2025-06-30,2025-07-04,Money Management,Capital,95926.17848,95926.17848,276988.9229,276988.9229,276988.9229,276988.9229
2025-08-25,2025-08-26,Money Management,Capital,173349.04,173349.04,237838.16,237838.16,237838.16,237838.16
2025-11-17,2025-11-21,Money Management,Multicurrency Settlement,283026.0826,283026.0826,259856.1872,259856.1872,259856.1872,259856.1872
2026-02-16,2026-02-20,Money Management,Connect,962810.4139,962810.4139,752188.3478,598834.6642,744042.2427,687351.2024
2026-03-02,2026-03-02,Money Management,Instant Payouts,572683.3615,657980.3956,663740.7015,644801.4737,791106.1218,776123.0518
2025-05-26,2025-06-01,Money Management,Capital,84989.03,84989.03,167511.5084,167511.5084,167511.5084,167511.5084
2026-08-24,2026-08-29,Money Management,Capital,,,137413.4639,139398.6162,137413.4639,139398.6162
2026-11-30,2026-12-04,Money Management,Multicurrency Settlement,,,428643.8815,386118.954,428643.8815,386118.954
2026-09-07,2026-09-12,Money Management,Connect,,,172550.812,169734.8454,173520.9882,169901.2212
2026-12-14,2026-12-15,Money Management,Connect,,,1641948.549,1609468.602,1651055.343,1611046.628
2026-12-28,2026-12-31,Money Management,Connect,,,1561961.905,1531064.201,1570625.066,1532565.354
2026-07-06,2026-07-06,Money Management,Capital,,,339179.4147,350315.4943,339179.4147,350315.4943
2026-10-19,2026-10-20,Money Management,Instant Payouts,,,402001.7726,406571.9554,475286.4657,483653.0433
2026-05-04,2026-05-07,Money Management,Multicurrency Settlement,,,497138.997,461446.813,497138.997,461446.813
2026-08-03,2026-08-05,Money Management,Multicurrency Settlement,,,491628.7236,457001.8017,491628.7236,457001.8017
2026-07-27,2026-08-01,Money Management,Connect,,,216165.1576,212843.5163,217463.6004,213051.7867
2026-06-15,2026-06-20,Money Management,Capital,,,140699.006,142903.7442,140699.006,142903.7442
2026-11-09,2026-11-11,Money Management,Instant Payouts,,,411645.726,418411.2296,486974.4177,496933.217
2026-07-06,2026-07-11,Money Management,Multicurrency Settlement,,,0,0,0,0
2026-03-09,2026-03-11,Money Management,Connect,1674364.563,1674364.563,1397304.179,1353291.571,1406638.909,1354625.14
2025-12-15,2025-12-19,Money Management,Instant Payouts,380372.9007,447692.3832,348385.38,348385.38,413988.4741,413988.4741
2025-07-21,2025-07-25,Money Management,Connect,538023.1024,538023.1024,602630.7081,602630.7081,603332.4006,603332.4006
2025-04-28,2025-05-02,Money Management,Multicurrency Settlement,392586.2204,392586.2204,259842.9774,259842.9774,259842.9774,259842.9774
2026-01-19,2026-01-23,Money Management,Multicurrency Settlement,260690.2716,260690.2716,272355.3377,260024.3646,272355.3377,260024.3646
2026-04-06,2026-04-07,Money Management,Capital,770079.8854,770079.8854,354669.2718,363168.9635,354669.2718,363168.9635
2025-04-28,2025-05-04,Money Management,Connect,1145387.297,1145387.297,828228.2773,828228.2773,828878.9831,828878.9831
2025-11-10,2025-11-15,Money Management,Instant Payouts,293995.2563,354468.6494,280102.9697,280102.9697,328465.736,328465.736
2025-12-08,2025-12-08,Money Management,Instant Payouts,407341.7263,489477.2986,383690.013,383690.013,455941.1851,455941.1851
2025-08-25,2025-08-30,Money Management,Multicurrency Settlement,341.0654052,341.0654052,0,0,0,0
2026-01-05,2026-01-09,Money Management,Multicurrency Settlement,291679.8794,291679.8794,272355.3377,260024.3646,272355.3377,260024.3646
2025-02-10,2025-02-13,Money Management,Connect,27455.65839,27455.65839,864401.5197,864401.5197,994580.9057,994580.9057
2026-03-09,2026-03-11,Money Management,Capital,385859.915,385859.915,399885.4984,398169.963,399885.4984,398169.963
2025-12-15,2025-12-21,Money Management,Multicurrency Settlement,49973.03897,49973.03897,124229.2331,124229.2331,124229.2331,124229.2331
2025-02-24,2025-02-28,Money Management,Instant Payouts,-290522.5164,277803.5184,-229978.8197,-229978.8197,-281214.0589,-281214.0589
2025-07-21,2025-07-22,Money Management,Capital,201489.45,201489.45,257420.4012,257420.4012,257420.4012,257420.4012
2026-08-10,2026-08-15,Money Management,Capital,,,137413.4639,139398.6162,137413.4639,139398.6162
2026-11-09,2026-11-10,Money Management,Multicurrency Settlement,,,409142.3167,390167.5559,409142.3167,390167.5559
2026-09-07,2026-09-10,Money Management,Connect,,,1471496.15,1447481.867,1479769.716,1448900.703
2026-12-14,2026-12-19,Money Management,Connect,,,165687.3891,162409.87,166606.3465,162569.107
2026-09-07,2026-09-09,Money Management,Multicurrency Settlement,,,422199.9672,389818.5006,422199.9672,389818.5006
2026-09-28,2026-10-04,Money Management,Instant Payouts,,,556747.0884,563076.5032,658241.764,669828.9462
2026-08-24,2026-08-28,Money Management,Multicurrency Settlement,,,295560.4775,274743.2447,295560.4775,274743.2447
2026-06-01,2026-06-06,Money Management,Capital,,,131264.5454,133321.4467,131264.5454,133321.4467
2026-06-08,2026-06-09,Money Management,Capital,,,390390.6323,396508.0113,390390.6323,396508.0113
2026-11-16,2026-11-22,Money Management,Instant Payouts,,,350306.7226,356064.1038,414410.7456,422885.592
2026-08-31,2026-09-04,Money Management,Instant Payouts,,,651531.2226,660899.0127,771806.3935,787955.6808
2025-12-29,2026-01-02,Money Management,Connect,1761679.811,1761679.811,1091227.325,1058118.513,1134520.155,1059164.179
2025-10-20,2025-10-25,Money Management,Multicurrency Settlement,307.9428076,307.9428076,0,0,0,0
2025-02-03,2025-02-06,Money Management,Instant Payouts,84546.37316,157301.3373,355037.5518,355037.5518,434133.6787,434133.6787
2025-05-05,2025-05-06,Money Management,Connect,1854838.533,1854838.533,1582392.236,1582392.236,1583635.458,1583635.458
2026-04-13,2026-04-19,Money Management,Capital,93184.03,93184.03,120533.8853,123422.4944,120533.8853,123422.4944
2025-10-20,2025-10-25,Money Management,Instant Payouts,257895.1982,315907.642,265261.9917,265261.9917,317585.9208,317585.9208
2025-01-27,2025-01-30,Money Management,Multicurrency Settlement,237257.7135,237257.7135,261721.0487,261721.0487,261721.0487,261721.0487
2025-05-19,2025-05-21,Money Management,Connect,1163329.427,1163329.427,1222773.389,1222773.389,1223734.073,1223734.073
2025-03-24,2025-03-27,Money Management,Capital,446453.77,446453.77,369411.8866,369411.8866,369411.8866,369411.8866
2025-05-05,2025-05-06,Money Management,Capital,135723.0334,135723.0334,249868.908,249868.908,249868.908,249868.908
2025-11-03,2025-11-09,Money Management,Multicurrency Settlement,45628.83284,45628.83284,111312.4506,111312.4506,111312.4506,111312.4506
2026-06-22,2026-06-23,Money Management,Instant Payouts,,,378147.6518,375292.4513,449069.7795,450124.9536
2026-12-07,2026-12-10,Money Management,Multicurrency Settlement,,,466058.8324,419822.0403,466058.8324,419822.0403
2026-12-14,2026-12-20,Money Management,Multicurrency Settlement,,,146239.5954,131731.4491,146239.5954,131731.4491
2026-09-14,2026-09-18,Money Management,Multicurrency Settlement,,,318690.8837,294248.2523,318690.8837,294248.2523
2026-10-26,2026-10-27,Money Management,Multicurrency Settlement,,,418444.4319,384570.9861,418444.4319,384570.9861
2026-05-18,2026-05-18,Money Management,Capital,,,341625.4934,345790.662,341625.4934,345790.662
2026-04-27,2026-05-03,Money Management,Multicurrency Settlement,,,155991.9065,144792.4395,155991.9065,144792.4395
2026-05-18,2026-05-18,Money Management,Connect,,,1655234.021,1614812.229,1665563.993,1616390.233
2026-06-08,2026-06-14,Money Management,Multicurrency Settlement,,,119939.7706,111403.568,119939.7706,111403.568
2026-09-28,2026-10-04,Money Management,Connect,,,1198067.106,1206083.776,1204730.89,1207267.006
2025-04-21,2025-04-21,Money Management,Multicurrency Settlement,154697.1387,154697.1387,456091.4611,456091.4611,456091.4611,456091.4611
2025-07-14,2025-07-14,Money Management,Connect,1261549.308,1261549.308,1344477.486,1344477.486,1346042.972,1346042.972
2025-11-24,2025-11-27,Money Management,Instant Payouts,290780.9901,343224.5382,290251.5746,290251.5746,340366.6059,340366.6059
2025-08-11,2025-08-12,Money Management,Multicurrency Settlement,248587.8416,248587.8416,280398.2862,280398.2862,280398.2862,280398.2862
2025-07-21,2025-07-23,Money Management,Multicurrency Settlement,310945.5756,310945.5756,287559.6837,287559.6837,287559.6837,287559.6837
2026-03-30,2026-04-05,Money Management,Multicurrency Settlement,30393.08425,30393.08425,143956.4326,135697.1471,143956.4326,135697.1471
2026-03-02,2026-03-05,Money Management,Instant Payouts,402437.8076,464850.6482,480830.0641,467110.0225,573096.7025,562242.5986
2025-07-14,2025-07-18,Money Management,Multicurrency Settlement,166182.8673,166182.8673,217059.8223,217059.8223,217059.8223,217059.8223
2025-01-20,2025-01-23,Money Management,Capital,303262.08,303262.08,367536.0055,367536.0055,367536.0055,367536.0055
2026-03-30,2026-03-30,Money Management,Instant Payouts,448630.9208,530455.2629,401298.4262,389847.7463,478303.7125,469244.9303
2026-03-23,2026-03-23,Money Management,Capital,294918.0416,294918.0416,354222.9889,352703.3486,354222.9889,352703.3486
2026-02-23,2026-02-26,Money Management,Multicurrency Settlement,413503.0758,413503.0758,357789.692,363026.2868,357789.692,363026.2868
2025-11-10,2025-11-15,Money Management,Connect,168262.4145,168262.4145,147390.3038,147390.3038,147732.9407,147732.9407
2025-08-04,2025-08-06,Money Management,Multicurrency Settlement,438007.7693,438007.7693,362055.0751,362055.0751,362055.0751,362055.0751
2025-04-21,2025-04-26,Money Management,Instant Payouts,248438.212,308112.677,236929.5113,236929.5113,289322.4282,289322.4282
2025-09-01,2025-09-01,Money Management,Capital,84154.08472,84154.08472,161123.5111,161123.5111,161123.5111,161123.5111
2026-02-23,2026-02-25,Money Management,Multicurrency Settlement,441245.802,441245.802,347208.1664,352289.8905,347208.1664,352289.8905
2026-03-23,2026-03-25,Money Management,Capital,395183.8448,395183.8448,399885.4984,398169.963,399885.4984,398169.963
2025-05-05,2025-05-11,Money Management,Capital,714.77,714.77,81379.38587,81379.38587,81379.38587,81379.38587
2026-09-07,2026-09-08,Money Management,Connect,,,1709964.485,1682058.486,1719578.852,1683707.256
2026-09-21,2026-09-25,Money Management,Multicurrency Settlement,,,318690.8837,294248.2523,318690.8837,294248.2523
2026-07-20,2026-07-26,Money Management,Connect,,,828766.15,809070.2262,833521.9661,809862.7059
2026-10-12,2026-10-16,Money Management,Capital,,,438748.9496,427690.5033,438748.9496,427690.5033
2026-11-30,2026-12-02,Money Management,Capital,,,483609.5652,452592.3135,483609.5652,452592.3135
2026-05-04,2026-05-05,Money Management,Instant Payouts,,,612369.8214,602759.2876,727143.8634,724149.6889
2026-05-18,2026-05-22,Money Management,Instant Payouts,,,383118.5865,377105.9223,454924.9806,453051.7271
2026-05-25,2026-05-28,Money Management,Instant Payouts,,,305665.8774,300868.7562,362955.618,361461.0686
2026-06-15,2026-06-19,Money Management,Multicurrency Settlement,,,279996.4537,260068.8981,279996.4537,260068.8981
2026-01-12,2026-01-12,Money Management,Instant Payouts,391384.4139,471540.1695,380327.1202,382234.2679,453319.8514,463358.513
2025-06-30,2025-07-01,Money Management,Multicurrency Settlement,367845.6664,367845.6664,351085.8935,351085.8935,351085.8935,351085.8935
2025-11-10,2025-11-10,Money Management,Instant Payouts,419531.3598,501729.8232,400665.0133,400665.0133,469844.1028,469844.1028
2025-03-10,2025-03-16,Money Management,Instant Payouts,36572.8066,107835.3352,247598.865,247598.865,299863.0474,299863.0474
2026-04-06,2026-04-11,Money Management,Multicurrency Settlement,9710.007329,9710.007329,0,0,0,0
2025-11-17,2025-11-18,Money Management,Multicurrency Settlement,301162.2241,301162.2241,334753.1448,334753.1448,334753.1448,334753.1448
2026-03-09,2026-03-09,Money Management,Multicurrency Settlement,798954.0022,798954.0022,585922.5048,535846.6559,585922.5048,535846.6559
2025-08-11,2025-08-11,Money Management,Instant Payouts,373145.9088,452921.0252,367139.586,367139.586,444957.3699,444957.3699
2025-06-23,2025-06-23,Money Management,Capital,206928.52,206928.52,282558.4646,282558.4646,282558.4646,282558.4646
2025-06-02,2025-06-03,Money Management,Instant Payouts,341037.7001,402505.595,590134.7221,590134.7221,626119.1776,626119.1776
2026-02-23,2026-02-24,Money Management,Connect,1351494.287,1351494.287,1535485.276,1222435.594,1518856.164,1403129.487
2025-03-17,2025-03-23,Money Management,Multicurrency Settlement,112443.6058,112443.6058,89536.80849,89536.80849,89536.80849,89536.80849
2025-10-06,2025-10-09,Money Management,Instant Payouts,352119.2334,415387.1072,274872.8827,274872.8827,329092.5963,329092.5963
2026-03-30,2026-04-04,Money Management,Capital,106658.7745,106658.7745,127824.824,130888.1612,127824.824,130888.1612
2025-12-22,2025-12-23,Money Management,Connect,1220576.404,1220576.404,1447580.494,1447580.494,1449773.827,1449773.827
2025-07-21,2025-07-27,Money Management,Connect,704968.2919,704968.2919,643881.9088,643881.9088,644631.6334,644631.6334
2025-03-24,2025-03-24,Money Management,Capital,299521.08,299521.08,252417.6075,252417.6075,252417.6075,252417.6075
2025-06-09,2025-06-15,Money Management,Multicurrency Settlement,133324.2748,133324.2748,95737.11173,95737.11173,95737.11173,95737.11173
2026-02-23,2026-02-28,Money Management,Capital,787632.9597,787632.9597,768172.2534,774341.1707,768172.2534,774341.1707
2025-06-30,2025-07-05,Money Management,Connect,122233.7275,122233.7275,167718.2812,167718.2812,167913.5694,167913.5694
2025-06-09,2025-06-15,Money Management,Capital,89631.93,89631.93,95627.40145,95627.40145,95627.40145,95627.40145
2025-11-24,2025-11-29,Money Management,Connect,141392.1928,141392.1928,147390.3038,147390.3038,147732.9407,147732.9407
2025-02-10,2025-02-11,Money Management,Multicurrency Settlement,236941.9774,236941.9774,266636.9687,266636.9687,266636.9687,266636.9687
2026-08-24,2026-08-26,Money Management,Capital,,,403240.8574,409066.302,403240.8574,409066.302
2026-11-23,2026-11-29,Money Management,Multicurrency Settlement,,,136048.4119,129738.9055,136048.4119,129738.9055
2026-09-14,2026-09-16,Money Management,Connect,,,1785250.242,1756115.606,1795287.907,1757836.968
2026-12-14,2026-12-18,Money Management,Connect,,,804341.522,788430.5667,808802.668,789203.5943
2026-08-31,2026-09-05,Money Management,Multicurrency Settlement,,,0,0,0,0
2026-12-28,2026-12-30,Money Management,Capital,,,496769.6635,464908.363,496769.6635,464908.363
2026-05-18,2026-05-20,Money Management,Instant Payouts,,,364298.1078,358580.8122,432577.0544,430795.8234
2026-06-15,2026-06-19,Money Management,Capital,,,431498.2233,438259.7538,431498.2233,438259.7538
2026-07-27,2026-08-01,Money Management,Instant Payouts,,,514208.3801,517185.861,608981.9035,618234.7254
2026-09-28,2026-10-01,Money Management,Connect,,,1969777.961,1982958.409,1980734.089,1984903.792
2026-11-16,2026-11-17,Money Management,Capital,,,431742.0997,419477.5093,431742.0997,419477.5093
2025-07-07,2025-07-09,Money Management,Instant Payouts,320444.5565,380528.4058,267208.2853,267208.2853,372626.6265,372626.6265
2025-10-20,2025-10-24,Money Management,Connect,775107.3067,775107.3067,637688.1239,637688.1239,638892.4774,638892.4774
2025-08-11,2025-08-16,Money Management,Connect,149188.5986,149188.5986,124254.3213,124254.3213,124456.341,124456.341
2025-07-14,2025-07-15,Money Management,Multicurrency Settlement,250319.8328,250319.8328,279621.8122,279621.8122,279621.8122,279621.8122
2025-05-19,2025-05-20,Money Management,Multicurrency Settlement,263742.8321,263742.8321,266600.0667,266600.0667,266600.0667,266600.0667
2025-02-10,2025-02-12,Money Management,Instant Payouts,82093.03319,145825.535,292378.3418,292378.3418,357515.098,357515.098
2025-04-14,2025-04-16,Money Management,Instant Payouts,291081.7436,349382.3046,292607.8591,292607.8591,357313.0922,357313.0922
2025-07-14,2025-07-17,Money Management,Multicurrency Settlement,345044.2798,345044.2798,296323.3605,296323.3605,296323.3605,296323.3605
2025-07-07,2025-07-11,Money Management,Multicurrency Settlement,163196.187,163196.187,217059.8223,217059.8223,217059.8223,217059.8223
2025-10-27,2025-11-01,Money Management,Connect,186429.7415,186429.7415,190838.3647,190838.3647,191282.0049,191282.0049
2025-06-30,2025-07-06,Money Management,Multicurrency Settlement,229599.1942,229599.1942,116743.4327,116743.4327,116743.4327,116743.4327
2025-08-25,2025-08-28,Money Management,Multicurrency Settlement,335736.8199,335736.8199,297146.2129,297146.2129,297146.2129,297146.2129
2025-07-07,2025-07-13,Money Management,Multicurrency Settlement,126892.1316,126892.1316,92980.12471,92980.12471,92980.12471,92980.12471
2026-04-20,2026-04-22,Money Management,Capital,372324.1196,372324.1196,402062.9329,411698.4194,402062.9329,411698.4194
2026-04-20,2026-04-25,Money Management,Multicurrency Settlement,9730.614966,9730.614966,0,0,0,0
2025-04-28,2025-05-01,Money Management,Connect,1592530.592,1592530.592,1361714.882,1361714.882,1362784.727,1362784.727
2025-09-15,2025-09-18,Money Management,Instant Payouts,330755.1331,402708.848,258346.5466,258346.5466,335940.4062,335940.4062
2025-04-14,2025-04-19,Money Management,Connect,92733.09714,92733.09714,108930.5741,108930.5741,109040.6853,109040.6853
2025-04-21,2025-04-22,Money Management,Capital,317268.53,317268.53,275506.4785,275506.4785,275506.4785,275506.4785
2025-04-21,2025-04-23,Money Management,Capital,254949.7,254949.7,291379.3021,291379.3021,291379.3021,291379.3021
2025-10-27,2025-10-29,Money Management,Multicurrency Settlement,273905.9296,273905.9296,326540.6366,326540.6366,326540.6366,326540.6366
2025-12-29,2025-12-30,Money Management,Connect,1291866.778,1291866.778,1447580.494,1447580.494,1449773.827,1449773.827
2025-12-22,2025-12-23,Money Management,Instant Payouts,381442.0381,444951.3318,336673.9269,336673.9269,400071.6829,400071.6829
2025-01-13,2025-01-19,Money Management,Connect,53436.1978,53436.1978,794997.2166,794997.2166,795709.2926,795709.2926
2025-05-19,2025-05-21,Money Management,Capital,304992.03,304992.03,271455.9001,271455.9001,271455.9001,271455.9001
2025-06-23,2025-06-28,Money Management,Capital,87508.76469,87508.76469,108700.6126,108700.6126,108700.6126,108700.6126
2026-12-21,2026-12-25,Money Management,Multicurrency Settlement,,,341392.7514,307523.8392,341392.7514,307523.8392
2026-09-14,2026-09-17,Money Management,Connect,,,1471496.15,1447481.867,1479769.716,1448900.703
2026-09-14,2026-09-16,Money Management,Multicurrency Settlement,,,422199.9672,389818.5006,422199.9672,389818.5006
2026-09-28,2026-09-28,Money Management,Multicurrency Settlement,,,696293.3039,642889.7034,696293.3039,642889.7034
2026-07-20,2026-07-22,Money Management,Capital,,,393322.311,406236.0327,393322.311,406236.0327
2026-08-03,2026-08-08,Money Management,Connect,,,159994.6692,157536.156,160955.7118,157690.3073
2026-06-22,2026-06-25,Money Management,Multicurrency Settlement,,,382242.5051,355038.0221,382242.5051,355038.0221
2026-09-14,2026-09-15,Money Management,Instant Payouts,,,397225.5817,402936.9363,470554.9526,480400.8507
2026-11-23,2026-11-27,Money Management,Capital,,,477203.9411,463647.9065,477203.9411,463647.9065
2025-12-22,2025-12-24,Money Management,Connect,1217971.041,1217971.041,1511314.094,1511314.094,1513603.994,1513603.994
2025-08-25,2025-08-26,Money Management,Instant Payouts,341995.4742,400285.1496,322151.5342,322151.5342,390433.7882,390433.7882
2026-02-23,2026-02-24,Money Management,Capital,400768.5688,400768.5688,381931.5913,384998.7476,381931.5913,384998.7476
2025-05-19,2025-05-24,Money Management,Capital,87682.5,87682.5,92504.75253,92504.75253,92504.75253,92504.75253
2025-06-16,2025-06-18,Money Management,Multicurrency Settlement,218133.8275,218133.8275,296086.2196,296086.2196,296086.2196,296086.2196
2025-12-15,2025-12-15,Money Management,Instant Payouts,418840.7978,500242.5864,383690.013,383690.013,455941.1851,455941.1851
2025-06-09,2025-06-14,Money Management,Connect,119103.0211,119103.0211,132000.8912,132000.8912,132153.8366,132153.8366
2025-05-19,2025-05-22,Money Management,Multicurrency Settlement,284465.7573,284465.7573,282523.8385,282523.8385,282523.8385,282523.8385
2026-02-16,2026-02-17,Money Management,Capital,323675.4072,323675.4072,381931.5913,384998.7476,381931.5913,384998.7476
2025-07-14,2025-07-20,Money Management,Connect,724482.4134,724482.4134,643881.9088,643881.9088,644631.6334,644631.6334
2025-11-03,2025-11-06,Money Management,Capital,461971.884,461971.884,377440.1793,377440.1793,377440.1793,377440.1793
2025-09-01,2025-09-01,Money Management,Multicurrency Settlement,413913.3625,413913.3625,642016.4377,642016.4377,642016.4377,642016.4377
2025-08-11,2025-08-12,Money Management,Instant Payouts,323533.8656,382651.6614,322151.5342,322151.5342,390433.7882,390433.7882
2026-01-05,2026-01-05,Money Management,Capital,343860.9299,343860.9299,324116.086,332351.5217,324116.086,332351.5217
2026-08-03,2026-08-06,Money Management,Capital,,,508904.9253,516256.8526,508904.9253,516256.8526
2026-12-14,2026-12-20,Money Management,Capital,,,148925.884,139374.2292,148925.884,139374.2292
2026-04-27,2026-05-03,Money Management,Capital,,,112554.8257,113927.1174,112554.8257,113927.1174
2026-06-15,2026-06-19,Money Management,Connect,,,756009.6182,740507.1491,760620.1809,741231.3349
2026-09-07,2026-09-13,Money Management,Capital,,,132969.8808,133851.4643,132969.8808,133851.4643
2026-05-25,2026-05-29,Money Management,Connect,,,741920.0863,723801.9598,746550.2556,724509.2634
2026-09-21,2026-09-23,Money Management,Instant Payouts,,,390851.1011,396470.8028,463003.7185,472691.6144
2026-10-26,2026-10-30,Money Management,Connect,,,829938.6754,835492.0748,834554.888,836311.735
2026-10-19,2026-10-25,Money Management,Connect,,,886749.5336,892683.0736,891681.7346,893558.8411
2025-01-20,2025-01-22,Money Management,Multicurrency Settlement,279753.6347,279753.6347,253980.7251,253980.7251,253980.7251,253980.7251
2025-04-14,2025-04-14,Money Management,Instant Payouts,357822.2391,436662.8712,338908.8156,338908.8156,413852.7148,413852.7148
2024-12-30,2025-01-02,Money Management,Multicurrency Settlement,526792.0574,526792.0574,328610.1588,328610.1588,328610.1588,328610.1588
2026-02-02,2026-02-07,Money Management,Instant Payouts,257870.9112,318883.8387,544168.5818,405884.61,487525.7842,489992.1194
2025-02-24,2025-03-02,Money Management,Multicurrency Settlement,171948.7995,171948.7995,112420.094,112420.094,112420.094,112420.094
2025-04-07,2025-04-12,Money Management,Connect,110183.6629,110183.6629,108930.5741,108930.5741,109040.6853,109040.6853
2026-01-19,2026-01-24,Money Management,Multicurrency Settlement,675.0379039,675.0379039,0,0,0,0
2026-02-09,2026-02-13,Money Management,Capital,362648.2717,362648.2717,422148.4572,425538.5809,422148.4572,425538.5809
2025-06-09,2025-06-09,Money Management,Capital,305687.31,305687.31,282558.4646,282558.4646,282558.4646,282558.4646
2025-12-22,2025-12-26,Money Management,Instant Payouts,239253.1724,282067.2216,348385.38,348385.38,413988.4741,413988.4741
2026-02-02,2026-02-02,Money Management,Instant Payouts,501963.956,600420.0176,778389.8627,580585.6428,697366.8472,700894.7434
2026-02-23,2026-02-24,Money Management,Multicurrency Settlement,314470.1729,314470.1729,337623.743,342565.1898,337623.743,342565.1898
2025-10-06,2025-10-10,Money Management,Capital,260142.101,260142.101,305386.4351,305386.4351,305386.4351,305386.4351
2025-03-17,2025-03-23,Money Management,Capital,84650.1,84650.1,85426.70957,85426.70957,85426.70957,85426.70957
2025-05-19,2025-05-19,Money Management,Multicurrency Settlement,412726.1986,412726.1986,452159.0501,452159.0501,452159.0501,452159.0501
2026-01-26,2026-01-29,Money Management,Capital,484368.9779,484368.9779,487250.1601,499630.6544,487250.1601,499630.6544
2025-09-01,2025-09-06,Money Management,Capital,112893.373,112893.373,97377.2601,97377.2601,97377.2601,97377.2601
2026-04-20,2026-04-20,Money Management,Capital,317062.6864,317062.6864,356151.785,364687.0053,356151.785,364687.0053
2025-12-29,2025-12-31,Money Management,Capital,1266341.79,1266341.79,789281.617,789281.617,789281.617,789281.617
2026-06-29,2026-07-01,Money Management,Instant Payouts,,,624045.9786,621212.7345,739236.3135,743310.0535
2026-09-21,2026-09-22,Money Management,Connect,,,1709964.485,1682058.486,1719578.852,1683707.256
2026-09-21,2026-09-23,Money Management,Connect,,,1785250.242,1756115.606,1795287.907,1757836.968
2026-12-14,2026-12-20,Money Management,Connect,,,859400.2058,842400.1157,864166.7255,843226.0585
2026-10-05,2026-10-08,Money Management,Capital,,,544246.5168,530529.0574,544246.5168,530529.0574
2026-12-07,2026-12-10,Money Management,Capital,,,644002.2363,602697.8848,644002.2363,602697.8848
2026-10-19,2026-10-25,Money Management,Instant Payouts,,,336609.9585,340436.7303,397973.7614,404979.3856
2026-06-22,2026-06-25,Money Management,Connect,,,1328062.204,1300829.425,1336161.459,1302101.583
2026-09-14,2026-09-16,Money Management,Capital,,,443545.4806,446486.1646,443545.4806,446486.1646
2026-05-04,2026-05-07,Money Management,Connect,,,1760874.479,1717872.885,1771863.731,1719551.6
2026-06-15,2026-06-15,Money Management,Multicurrency Settlement,,,611751.5936,568212.7783,611751.5936,568212.7783
2026-08-03,2026-08-05,Money Management,Instant Payouts,,,635047.1597,638724.3476,752092.4261,763519.6577
2026-10-05,2026-10-05,Money Management,Connect,,,2501660.976,2518400.433,2515575.497,2520871.112
2026-01-26,2026-01-31,Money Management,Instant Payouts,-608162.9096,432857.3438,-297065.4194,-298555.0518,-354078.4882,-361919.4731
2025-12-01,2025-12-05,Money Management,Capital,581533.0938,581533.0938,382388.7157,382388.7157,382388.7157,382388.7157
2025-02-24,2025-02-24,Money Management,Connect,51214.81688,51214.81688,1097808.787,1097808.787,1263139.447,1263139.447
2026-02-09,2026-02-13,Money Management,Connect,968375.9953,968375.9953,752188.3478,598834.6642,744042.2427,687351.2024
2025-03-03,2025-03-03,Money Management,Multicurrency Settlement,610110.7768,610110.7768,573397.56,573397.56,573397.56,573397.56
2025-09-08,2025-09-12,Money Management,Multicurrency Settlement,235938.8553,235938.8553,244210.6733,244210.6733,244210.6733,244210.6733
2025-07-28,2025-07-30,Money Management,Capital,218298.55,218298.55,272251.2274,272251.2274,272251.2274,272251.2274
2025-10-20,2025-10-21,Money Management,Instant Payouts,346895.9301,404523.1675,332941.34,332941.34,398615.276,398615.276
2026-02-23,2026-02-26,Money Management,Capital,465580.1309,465580.1309,523654.4211,527859.703,523654.4211,527859.703
2025-01-06,2025-01-07,Money Management,Connect,43921.44214,43921.44214,2052153.644,2052153.644,2053991.75,2053991.75
2025-06-23,2025-06-27,Money Management,Connect,929491.2214,929491.2214,640807.9551,640807.9551,641550.4398,641550.4398
2025-10-06,2025-10-11,Money Management,Capital,107137.8,107137.8,99577.62424,99577.62424,99577.62424,99577.62424
2025-04-21,2025-04-27,Money Management,Multicurrency Settlement,152736.2124,152736.2124,89421.1074,89421.1074,89421.1074,89421.1074
2025-07-07,2025-07-12,Money Management,Connect,98435.11399,98435.11399,124136.7079,124136.7079,124281.2505,124281.2505
2025-09-22,2025-09-24,Money Management,Capital,214213.737,214213.737,306292.5139,306292.5139,306292.5139,306292.5139
2025-11-03,2025-11-08,Money Management,Capital,111088.2937,111088.2937,106346.7375,106346.7375,106346.7375,106346.7375
2025-11-03,2025-11-04,Money Management,Multicurrency Settlement,300182.6731,300182.6731,402794.5576,402794.5576,402794.5576,402794.5576
2025-09-22,2025-09-24,Money Management,Multicurrency Settlement,322653.1438,322653.1438,323528.9856,323528.9856,323528.9856,323528.9856
2025-01-06,2025-01-11,Money Management,Connect,-1258532.804,-1258532.804,153270.8659,153270.8659,153408.15,153408.15
2025-12-29,2026-01-04,Money Management,Multicurrency Settlement,56020.38493,56020.38493,146483.5674,139851.478,146483.5674,139851.478
2025-09-22,2025-09-22,Money Management,Capital,230635.4142,230635.4142,271317.2908,271317.2908,271317.2908,271317.2908
2025-06-02,2025-06-03,Money Management,Connect,1873634.094,1873634.094,1693728.205,1693728.205,1695690.676,1695690.676
2025-07-07,2025-07-10,Money Management,Instant Payouts,327537.817,390030.8229,224202.2485,224202.2485,312653.9562,312653.9562
2026-08-17,2026-08-21,Money Management,Capital,,,421422.0645,427510.165,421422.0645,427510.165
2026-11-09,2026-11-09,Money Management,Multicurrency Settlement,,,693913.5592,661731.985,693913.5592,661731.985
2026-06-22,2026-06-24,Money Management,Instant Payouts,,,372079.3251,369269.9435,441863.3296,442901.5707
2026-07-20,2026-07-22,Money Management,Instant Payouts,,,377298.9489,375585.9661,446943.1638,449406.1519
2026-07-13,2026-07-18,Money Management,Instant Payouts,,,305505.3138,304118.2828,361897.4077,363891.7306
2026-07-06,2026-07-11,Money Management,Connect,,,159781.321,155984.0608,160698.2148,156136.8463
2026-07-27,2026-07-28,Money Management,Capital,,,371896.1642,384106.4137,371896.1642,384106.4137
2026-05-18,2026-05-21,Money Management,Capital,,,499967.175,506062.8781,499967.175,506062.8781
2026-09-14,2026-09-20,Money Management,Capital,,,132969.8808,133851.4643,132969.8808,133851.4643
2026-06-08,2026-06-12,Money Management,Multicurrency Settlement,,,279996.4537,260068.8981,279996.4537,260068.8981
2026-06-01,2026-06-03,Money Management,Capital,,,385196.8089,391232.8013,385196.8089,391232.8013
2026-10-26,2026-11-01,Money Management,Instant Payouts,,,555259.5809,564385.4151,656868.7441,670301.9425
2026-11-02,2026-11-02,Money Management,Connect,,,2406508.658,2413388.298,2420384.863,2415753.565
2026-03-02,2026-03-05,Money Management,Connect,1840196.394,1840196.394,1556077.286,1507063.605,1566472.704,1508548.705
2026-01-05,2026-01-08,Money Management,Instant Payouts,344907.3517,402918.2823,275518.3062,276899.8908,328396.0332,335668.2862
2026-02-09,2026-02-11,Money Management,Multicurrency Settlement,349812.2206,349812.2206,347208.1664,352289.8905,347208.1664,352289.8905
2025-08-11,2025-08-16,Money Management,Capital,102643.05,102643.05,85718.22656,85718.22656,85718.22656,85718.22656
2025-11-03,2025-11-09,Money Management,Capital,118009.84,118009.84,93556.6223,93556.6223,93556.6223,93556.6223
2025-03-17,2025-03-21,Money Management,Capital,248650.74,248650.74,297804.5283,297804.5283,297804.5283,297804.5283
2025-09-22,2025-09-24,Money Management,Instant Payouts,324369.3249,384278.8316,307902.0756,307902.0756,400379.8375,400379.8375
2025-01-20,2025-01-23,Money Management,Multicurrency Settlement,309442.9336,309442.9336,261721.0487,261721.0487,261721.0487,261721.0487
2026-03-23,2026-03-25,Money Management,Connect,1545306.595,1545306.595,1397304.179,1353291.571,1406638.909,1354625.14
2026-01-26,2026-01-31,Money Management,Connect,-146255.032,1457359.617,1523633.293,1477404.899,1584081.192,1478864.916
2025-02-24,2025-02-24,Money Management,Instant Payouts,92038.30324,179967.06,338642.9819,338642.9819,414086.6867,414086.6867
2025-07-21,2025-07-23,Money Management,Capital,193451.2882,193451.2882,272251.2274,272251.2274,272251.2274,272251.2274
2025-05-19,2025-05-25,Money Management,Capital,85919.41,85919.41,81379.38587,81379.38587,81379.38587,81379.38587
2025-11-03,2025-11-07,Money Management,Instant Payouts,373840.1268,440107.1169,576644.8715,576644.8715,676208.7612,676208.7612
2025-09-08,2025-09-11,Money Management,Instant Payouts,336024.7608,400000.7528,258346.5466,258346.5466,335940.4062,335940.4062
2026-01-05,2026-01-07,Money Management,Capital,390949.3936,390949.3936,365897.5456,375194.6026,365897.5456,375194.6026
2025-03-24,2025-03-27,Money Management,Multicurrency Settlement,282162.2048,282162.2048,285349.6709,285349.6709,285349.6709,285349.6709
2026-04-27,2026-04-27,Money Management,Connect,1646778.507,1646778.507,1588527.523,1411634.802,1598591.412,1413009.702
2026-04-06,2026-04-07,Money Management,Multicurrency Settlement,478228.9382,478228.9382,432924.3332,408085.9458,432924.3332,408085.9458
2025-11-10,2025-11-12,Money Management,Instant Payouts,383997.1468,442887.6247,345927.0636,345927.0636,405655.062,405655.062
2025-05-19,2025-05-21,Money Management,Multicurrency Settlement,299300.4459,299300.4459,274168.278,274168.278,274168.278,274168.278
2025-05-12,2025-05-17,Money Management,Multicurrency Settlement,-12.88070079,-12.88070079,0,0,0,0
2026-04-13,2026-04-17,Money Management,Capital,345061.8893,345061.8893,420191.0291,430260.9576,420191.0291,430260.9576
2026-02-09,2026-02-13,Money Management,Instant Payouts,391648.3725,458699.7525,488357.1498,364255.964,437523.7939,439737.175
2026-06-22,2026-06-25,Money Management,Instant Payouts,,,312194.7409,309837.5173,370747.3068,371618.4474
2026-08-31,2026-09-03,Money Management,Multicurrency Settlement,,,523497.9875,483347.2677,523497.9875,483347.2677
2026-05-04,2026-05-07,Money Management,Instant Payouts,,,505566.1098,497631.7538,600322.3566,597850.3975
2026-05-04,2026-05-04,Money Management,Multicurrency Settlement,,,795635.1518,738512.3824,795635.1518,738512.3824
2026-05-18,2026-05-18,Money Management,Multicurrency Settlement,,,633682.3756,588187.0351,633682.3756,588187.0351
2026-09-28,2026-09-28,Money Management,Capital,,,392897.4841,395502.3744,392897.4841,395502.3744
2026-12-14,2026-12-20,Money Management,Instant Payouts,,,344467.7447,351737.8019,407652.6985,418286.0121
2026-08-10,2026-08-10,Money Management,Multicurrency Settlement,,,645756.7263,600274.0954,645756.7263,600274.0954
2026-08-03,2026-08-05,Money Management,Connect,,,2236494.258,2202127.796,2249928.245,2204282.609
2026-06-15,2026-06-21,Money Management,Multicurrency Settlement,,,119939.7706,111403.568,119939.7706,111403.568
2026-06-22,2026-06-26,Money Management,Capital,,,431498.2233,438259.7538,431498.2233,438259.7538
2026-09-14,2026-09-18,Money Management,Instant Payouts,,,411043.3681,416953.3964,486923.5556,497111.9505
2026-10-26,2026-11-01,Money Management,Capital,,,239788.692,232976.9633,239788.692,232976.9633
2026-11-23,2026-11-29,Money Management,Connect,,,890109.3197,892653.9319,895241.7924,893528.787
2026-01-19,2026-01-25,Money Management,Instant Payouts,223153.2248,277711.9617,279437.8798,280839.119,333067.855,340443.5644
2025-04-28,2025-05-04,Money Management,Multicurrency Settlement,104252.837,104252.837,111306.7921,111306.7921,111306.7921,111306.7921
2025-08-11,2025-08-12,Money Management,Capital,206265.16,206265.16,237838.16,237838.16,237838.16,237838.16
2025-06-23,2025-06-25,Money Management,Multicurrency Settlement,332318.8861,332318.8861,296086.2196,296086.2196,296086.2196,296086.2196
2025-09-08,2025-09-13,Money Management,Multicurrency Settlement,217.6562615,217.6562615,0,0,0,0
2026-08-17,2026-08-17,Money Management,Capital,,,357195.204,362355.4472,357195.204,362355.4472
2026-06-22,2026-06-28,Money Management,Instant Payouts,,,316636.0804,314245.3225,376021.6258,376905.1595
2026-12-14,2026-12-17,Money Management,Capital,,,644002.2363,602697.8848,644002.2363,602697.8848
2026-07-13,2026-07-13,Money Management,Capital,,,348409.2458,359848.363,348409.2458,359848.363
2026-10-05,2026-10-07,Money Management,Instant Payouts,,,654233.9724,661671.673,773500.4511,787116.5586
2026-09-07,2026-09-07,Money Management,Capital,,,366552.0537,368982.2753,366552.0537,368982.2753
2026-05-25,2026-05-27,Money Management,Connect,,,1581205.055,1542591.094,1591073.028,1544098.523
2026-08-03,2026-08-07,Money Management,Multicurrency Settlement,,,371098.0688,344960.4913,371098.0688,344960.4913
2026-11-16,2026-11-19,Money Management,Instant Payouts,,,345393.0979,351069.7224,408597.9572,416953.9301
2026-10-19,2026-10-19,Money Management,Connect,,,1851604.719,1863994.431,1861903.554,1865823.104
2025-06-30,2025-07-03,Money Management,Capital,454737.87,454737.87,343591.1512,343591.1512,343591.1512,343591.1512
2026-04-13,2026-04-16,Money Management,Multicurrency Settlement,419092.7772,419092.7772,381283.4138,359407.847,381283.4138,359407.847
2026-03-23,2026-03-26,Money Management,Multicurrency Settlement,454169.4991,454169.4991,366103.6417,334814.6052,366103.6417,334814.6052
2025-01-13,2025-01-16,Money Management,Multicurrency Settlement,268305.4021,268305.4021,261721.0487,261721.0487,261721.0487,261721.0487
2025-04-21,2025-04-27,Money Management,Instant Payouts,236313.7865,300853.3247,249006.5942,249006.5942,304070.1518,304070.1518
2025-03-03,2025-03-03,Money Management,Capital,435570.5,435570.5,245730.7246,245730.7246,245730.7246,245730.7246
2026-04-20,2026-04-20,Money Management,Multicurrency Settlement,305450.1996,305450.1996,610216.6355,575206.3668,610216.6355,575206.3668
2025-06-02,2025-06-08,Money Management,Capital,86936.56,86936.56,95627.40145,95627.40145,95627.40145,95627.40145
2025-04-21,2025-04-24,Money Management,Connect,1060536.233,1060536.233,928949.0934,928949.0934,929888.1106,929888.1106
2026-01-26,2026-02-01,Money Management,Connect,770057.9026,770057.9026,950101.043,756397.5708,939811.5683,868204.2153
2025-09-22,2025-09-27,Money Management,Connect,142370.3771,142370.3771,136160.4796,136160.4796,136362.3519,136362.3519
2025-03-03,2025-03-07,Money Management,Multicurrency Settlement,223008.0097,223008.0097,262441.954,262441.954,262441.954,262441.954
2025-05-05,2025-05-08,Money Management,Capital,387412.62,387412.62,351909.9897,351909.9897,351909.9897,351909.9897
2026-03-02,2026-03-03,Money Management,Connect,1866899.342,1866899.342,1808252.704,1751295.944,1820332.787,1753021.718
2026-01-12,2026-01-14,Money Management,Connect,1729776.624,1729776.624,1721337.864,1669110.936,1789629.399,1670760.404
2025-12-29,2026-01-02,Money Management,Instant Payouts,432867.2597,492751.3937,571173.0591,574037.2023,680793.1186,695869.1222
2026-01-19,2026-01-21,Money Management,Capital,306957.7671,306957.7671,375854.4363,385404.487,375854.4363,385404.487
2025-09-01,2025-09-05,Money Management,Multicurrency Settlement,246970.6905,246970.6905,293848.5615,293848.5615,293848.5615,293848.5615
2025-05-26,2025-05-29,Money Management,Connect,1214599.073,1214599.073,1007873.46,1007873.46,1008665.305,1008665.305
2025-11-17,2025-11-17,Money Management,Multicurrency Settlement,585876.8596,585876.8596,567748.0359,567748.0359,567748.0359,567748.0359
2026-04-20,2026-04-21,Money Management,Connect,1384241.034,1384241.034,1453488.245,1291633.013,1462696.612,1292891.034
2025-11-17,2025-11-20,Money Management,Capital,473856.1408,473856.1408,404568.1784,404568.1784,404568.1784,404568.1784
2026-08-10,2026-08-12,Money Management,Capital,,,403240.8574,409066.302,403240.8574,409066.302
2026-12-21,2026-12-21,Money Management,Connect,,,1794497.116,1758999.553,1804449.994,1760724.188
2026-07-27,2026-07-31,Money Management,Connect,,,1497634.592,1462042.771,1506228.663,1463474.834
2026-10-26,2026-10-28,Money Management,Multicurrency Settlement,,,430323.1832,395488.142,430323.1832,395488.142
2026-06-08,2026-06-10,Money Management,Connect,,,1611233.143,1578193.759,1621059.329,1579737.168
2026-05-04,2026-05-08,Money Management,Connect,,,741920.0863,723801.9598,746550.2556,724509.2634
2026-08-17,2026-08-21,Money Management,Multicurrency Settlement,,,295560.4775,274743.2447,295560.4775,274743.2447
2026-08-24,2026-08-29,Money Management,Connect,,,159994.6692,157536.156,160955.7118,157690.3073
2026-08-24,2026-08-29,Money Management,Instant Payouts,,,310891.0054,312691.194,368191.1917,373785.459
2026-07-20,2026-07-25,Money Management,Multicurrency Settlement,,,0,0,0,0
2026-09-07,2026-09-12,Money Management,Instant Payouts,,,316478.7189,321029.0859,374901.9082,382746.3607
2026-11-09,2026-11-13,Money Management,Connect,,,833083.2126,835464.8007,837886.8662,836283.6069
2025-06-16,2025-06-20,Money Management,Instant Payouts,377006.6887,443688.9091,385260.0851,385260.0851,408751.9657,408751.9657
2026-02-09,2026-02-11,Money Management,Instant Payouts,341993.8335,399252.3665,464366.8876,346362.1007,416030.6909,418135.3409
2025-05-26,2025-05-29,Money Management,Instant Payouts,338259.7744,401689.8181,246501.826,246501.826,295993.7321,295993.7321
2025-03-24,2025-03-28,Money Management,Capital,250789.3,250789.3,297804.5283,297804.5283,297804.5283,297804.5283
2025-11-03,2025-11-05,Money Management,Capital,473394.8069,473394.8069,291149.3473,291149.3473,291149.3473,291149.3473
2026-01-12,2026-01-17,Money Management,Instant Payouts,272779.9785,335188.673,265884.8475,267218.1252,316913.7123,323931.692
2026-03-02,2026-03-02,Money Management,Connect,2706688.501,2706688.501,1976252.094,1914003.651,1989454.502,1915889.761
2025-05-19,2025-05-22,Money Management,Connect,1047881.282,1047881.282,1007873.46,1007873.46,1008665.305,1008665.305
2025-02-24,2025-02-28,Money Management,Capital,300297.1268,300297.1268,563816.8084,563816.8084,563816.8084,563816.8084
2026-03-30,2026-04-01,Money Management,Capital,367482.1862,367482.1862,211573.6659,216644.0542,211573.6659,216644.0542
2026-02-09,2026-02-09,Money Management,Connect,1644282.621,1644282.621,1678142.655,1336008.456,1659968.582,1533490.083
2025-07-14,2025-07-20,Money Management,Multicurrency Settlement,125315.0095,125315.0095,92980.12471,92980.12471,92980.12471,92980.12471
2025-08-11,2025-08-14,Money Management,Instant Payouts,328929.1197,392959.2973,265964.9315,265964.9315,322338.045,322338.045
2025-10-27,2025-10-27,Money Management,Connect,1349515.752,1349515.752,1422691.064,1422691.064,1425377.993,1425377.993
2025-12-08,2025-12-14,Money Management,Connect,497711.1815,497711.1815,757667.4547,757667.4547,758815.4508,758815.4508
2025-12-08,2025-12-10,Money Management,Multicurrency Settlement,424586.7949,424586.7949,384203.8181,384203.8181,384203.8181,384203.8181
2025-03-10,2025-03-13,Money Management,Multicurrency Settlement,279695.7915,279695.7915,285349.6709,285349.6709,285349.6709,285349.6709
2026-08-03,2026-08-09,Money Management,Capital,,,120887.0144,122633.4163,120887.0144,122633.4163
2026-08-31,2026-09-02,Money Management,Connect,,,2311510.497,2273787.485,2324507.089,2276016.275
2026-07-20,2026-07-22,Money Management,Connect,,,1653134.179,1613846.854,1662620.573,1615427.608
2026-07-27,2026-07-31,Money Management,Capital,,,838121.5876,865639.1439,838121.5876,865639.1439
2026-06-29,2026-07-02,Money Management,Capital,,,496387.3512,512684.9471,496387.3512,512684.9471
2026-10-26,2026-10-26,Money Management,Instant Payouts,,,458140.8085,463349.2115,541659.6157,551194.5753
2026-06-22,2026-06-22,Money Management,Multicurrency Settlement,,,611751.5936,568212.7783,611751.5936,568212.7783
2026-07-20,2026-07-24,Money Management,Multicurrency Settlement,,,294374.8075,271316.4789,294374.8075,271316.4789
2026-09-07,2026-09-08,Money Management,Instant Payouts,,,397225.5817,402936.9363,470554.9526,480400.8507
2026-11-02,2026-11-05,Money Management,Capital,,,552255.4379,536567.3993,552255.4379,536567.3993
2025-02-24,2025-02-27,Money Management,Instant Payouts,108180.3929,174596.5201,245321.2921,245321.2921,299974.5645,299974.5645
2025-03-24,2025-03-28,Money Management,Connect,58561.88781,58561.88781,554778.2979,554778.2979,555155.8463,555155.8463
2025-03-03,2025-03-03,Money Management,Instant Payouts,179779.5584,274197.9401,557380.3592,557380.3592,675034.4879,675034.4879
2025-02-10,2025-02-14,Money Management,Multicurrency Settlement,150266.6945,150266.6945,206980.1797,206980.1797,206980.1797,206980.1797
2025-10-06,2025-10-12,Money Management,Multicurrency Settlement,328.8416067,328.8416067,105584.3039,105584.3039,105584.3039,105584.3039
2026-02-16,2026-02-20,Money Management,Capital,756681.1462,756681.1462,422148.4572,425538.5809,422148.4572,425538.5809
2025-02-10,2025-02-10,Money Management,Multicurrency Settlement,478707.0587,478707.0587,452221.6369,452221.6369,452221.6369,452221.6369
2026-03-16,2026-03-18,Money Management,Connect,1587265.859,1587265.859,1397304.179,1353291.571,1406638.909,1354625.14
2026-06-01,2026-06-07,Money Management,Instant Payouts,,,501889.3595,498099.8483,596019.4197,597419.8797
2026-10-26,2026-10-28,Money Management,Capital,,,419820.2166,409238.8595,419820.2166,409238.8595
2026-07-20,2026-07-20,Money Management,Capital,,,348409.2458,359848.363,348409.2458,359848.363
2026-06-29,2026-06-29,Money Management,Connect,,,1686667.968,1652081.744,1696954.198,1653697.413
2026-07-06,2026-07-10,Money Management,Multicurrency Settlement,,,294374.8075,271316.4789,294374.8075,271316.4789
2026-10-05,2026-10-08,Money Management,Connect,,,1457931.432,1467686.943,1466040.611,1469126.818
2026-11-09,2026-11-12,Money Management,Capital,,,591948.0451,575132.4501,591948.0451,575132.4501
2025-06-23,2025-06-29,Money Management,Connect,815606.7069,815606.7069,684672.4605,684672.4605,685465.7696,685465.7696
2025-03-24,2025-03-25,Money Management,Connect,55179.07463,55179.07463,1132500.808,1132500.808,1133271.519,1133271.519
2025-12-15,2025-12-18,Money Management,Connect,1286369.698,1286369.698,1245703.724,1245703.724,1247591.178,1247591.178
2026-01-05,2026-01-07,Money Management,Instant Payouts,358530.3073,413443.2358,543114.5142,545837.9581,647349.5519,661684.9557
2025-06-02,2025-06-02,Money Management,Connect,1893495.641,1893495.641,1851087.465,1851087.465,1853232.263,1853232.263
2025-07-28,2025-08-02,Money Management,Instant Payouts,317600.5468,380466.1071,424520.3367,424520.3367,514500.3691,514500.3691
2025-12-08,2025-12-13,Money Management,Capital,137380.9895,137380.9895,128078.8063,128078.8063,128078.8063,128078.8063
2025-02-24,2025-02-26,Money Management,Connect,71294.9403,71294.9403,1048710.201,1048710.201,1206646.585,1206646.585
2026-03-30,2026-04-04,Money Management,Instant Payouts,306115.9188,367052.2819,460621.1602,448435.6326,548205.121,538729.7638
2025-12-22,2025-12-22,Money Management,Connect,1721986.876,1721986.876,1582070.903,1582070.903,1584468.011,1584468.011
2025-10-20,2025-10-20,Money Management,Connect,1317944.025,1317944.025,1422691.064,1422691.064,1425377.993,1425377.993
2025-03-17,2025-03-21,Money Management,Instant Payouts,117413.5339,186751.7594,305984.9686,305984.9686,370573.5287,370573.5287
2025-01-20,2025-01-20,Money Management,Connect,69976.01841,69976.01841,1660018.463,1660018.463,1661505.335,1661505.335
2025-10-20,2025-10-23,Money Management,Connect,1150030.587,1150030.587,1120209.944,1120209.944,1122325.6,1122325.6
2025-03-17,2025-03-23,Money Management,Connect,24424.60712,24424.60712,592753.9134,592753.9134,593157.3057,593157.3057
2026-01-05,2026-01-09,Money Management,Capital,408099.1431,408099.1431,392800.8528,402781.4934,392800.8528,402781.4934
2025-02-17,2025-02-21,Money Management,Connect,46909.39213,46909.39213,492067.2105,492067.2105,566172.8267,566172.8267
2025-01-06,2025-01-08,Money Management,Connect,-2843.331846,-2843.331846,1585775.518,1585775.518,1587195.891,1587195.891
2025-03-10,2025-03-11,Money Management,Connect,67734.93889,67734.93889,1132500.808,1132500.808,1133271.519,1133271.519
2025-06-02,2025-06-02,Money Management,Instant Payouts,461302.8808,543915.8388,672546.2861,672546.2861,713555.9251,713555.9251
2026-11-23,2026-11-23,Money Management,Multicurrency Settlement,,,693913.5592,661731.985,693913.5592,661731.985
2026-06-22,2026-06-26,Money Management,Instant Payouts,,,391301.7986,388347.2779,464691.0052,465782.8843
2026-12-07,2026-12-08,Money Management,Multicurrency Settlement,,,439790.5554,396159.7881,439790.5554,396159.7881
2026-09-07,2026-09-10,Money Management,Multicurrency Settlement,,,435066.9454,401698.6203,435066.9454,401698.6203
2026-07-06,2026-07-08,Money Management,Connect,,,1653134.179,1613846.854,1662620.573,1615427.608
2026-11-30,2026-12-03,Money Management,Capital,,,626941.7486,586731.6051,626941.7486,586731.6051
2026-08-31,2026-08-31,Money Management,Multicurrency Settlement,,,645756.7263,600274.0954,645756.7263,600274.0954
2026-08-24,2026-08-30,Money Management,Multicurrency Settlement,,,126606.8028,117689.4966,126606.8028,117689.4966
2026-08-24,2026-08-24,Money Management,Instant Payouts,,,444704.8475,447279.874,526668.2049,534670.3591
2026-10-12,2026-10-15,Money Management,Connect,,,1457931.432,1467686.943,1466040.611,1469126.818
2026-11-30,2026-11-30,Money Management,Capital,,,911695.688,885796.9533,911695.688,885796.9533
2025-03-17,2025-03-22,Money Management,Connect,22229.93819,22229.93819,114279.5261,114279.5261,114357.2978,114357.2978
2025-05-12,2025-05-15,Money Management,Connect,1071142.097,1071142.097,1007873.46,1007873.46,1008665.305,1008665.305
2025-06-16,2025-06-19,Money Management,Capital,90839.31,90839.31,413522.8776,413522.8776,413522.8776,413522.8776
2025-04-28,2025-04-28,Money Management,Instant Payouts,375397.5043,453855.2401,338908.8156,338908.8156,413852.7148,413852.7148
2025-03-17,2025-03-19,Money Management,Connect,77135.7628,77135.7628,1182362.182,1182362.182,1183166.826,1183166.826
2026-02-09,2026-02-14,Money Management,Capital,109896.0355,109896.0355,137650.32,138755.7406,137650.32,138755.7406
2026-03-30,2026-04-02,Money Management,Multicurrency Settlement,393082.4726,393082.4726,458782.4972,432460.5362,458782.4972,432460.5362
2025-08-04,2025-08-09,Money Management,Connect,99082.66903,99082.66903,124254.3213,124254.3213,124456.341,124456.341
2025-02-17,2025-02-19,Money Management,Capital,292957.14,292957.14,306885.8788,306885.8788,306885.8788,306885.8788
2025-09-15,2025-09-19,Money Management,Capital,264717.1953,264717.1953,320102.5424,320102.5424,320102.5424,320102.5424
2025-10-27,2025-11-02,Money Management,Capital,99419.63,99419.63,87283.25706,87283.25706,87283.25706,87283.25706
2026-02-16,2026-02-22,Money Management,Connect,444480.8346,444480.8346,803677.0492,639826.0187,794973.3279,734401.6797
2025-12-22,2025-12-23,Money Management,Multicurrency Settlement,388639.8037,388639.8037,373598.157,373598.157,373598.157,373598.157
2025-12-08,2025-12-12,Money Management,Multicurrency Settlement,298646.4747,298646.4747,290010.0987,290010.0987,290010.0987,290010.0987
2026-01-12,2026-01-13,Money Management,Instant Payouts,349633.2811,405352.0669,333723.1123,335396.5645,397771.5594,406580.1171
2025-03-10,2025-03-15,Money Management,Instant Payouts,63288.96741,129144.6909,235590.0588,235590.0588,285319.3732,285319.3732
2025-01-06,2025-01-10,Money Management,Instant Payouts,102972.0606,177380.8349,292225.9343,292225.9343,360836.714,360836.714
2025-12-08,2025-12-08,Money Management,Multicurrency Settlement,872121.3024,872121.3024,633629.9542,633629.9542,633629.9542,633629.9542
2026-03-16,2026-03-17,Money Management,Multicurrency Settlement,323615.5177,323615.5177,345469.0969,315943.5911,345469.0969,315943.5911
2025-06-02,2025-06-08,Money Management,Instant Payouts,228027.7176,295669.9184,311747.2076,311747.2076,330756.517,330756.517
2025-03-24,2025-03-30,Money Management,Multicurrency Settlement,112208.6522,112208.6522,89536.80849,89536.80849,89536.80849,89536.80849
2025-12-22,2025-12-28,Money Management,Capital,93571.73,93571.73,112675.0175,112675.0175,112675.0175,112675.0175
2026-11-30,2026-12-06,Money Management,Multicurrency Settlement,,,183614.6426,165398.5903,183614.6426,165398.5903
2026-10-19,2026-10-25,Money Management,Capital,,,125857.3175,122685.1472,125857.3175,122685.1472
2026-10-12,2026-10-12,Money Management,Capital,,,371881.3836,362508.3006,371881.3836,362508.3006
2026-05-25,2026-05-29,Money Management,Instant Payouts,,,383118.5865,377105.9223,454924.9806,453051.7271
2026-06-22,2026-06-26,Money Management,Connect,,,756009.6182,740507.1491,760620.1809,741231.3349
2026-05-18,2026-05-20,Money Management,Connect,,,1581205.055,1542591.094,1591073.028,1544098.523
2026-12-14,2026-12-17,Money Management,Instant Payouts,,,339636.0197,346804.1024,401934.7009,412418.8648
2026-08-10,2026-08-15,Money Management,Multicurrency Settlement,,,0,0,0,0
2026-08-17,2026-08-18,Money Management,Multicurrency Settlement,,,380748.2919,353931.0195,380748.2919,353931.0195
2026-11-23,2026-11-25,Money Management,Capital,,,456616.1641,443644.9709,456616.1641,443644.9709
2026-11-23,2026-11-24,Money Management,Capital,,,431742.0997,419477.5093,431742.0997,419477.5093
2025-12-22,2025-12-26,Money Management,Multicurrency Settlement,79784.31429,79784.31429,290010.0987,290010.0987,290010.0987,290010.0987
2025-12-22,2025-12-22,Money Management,Capital,218579.461,218579.461,332930.5143,332930.5143,332930.5143,332930.5143
2026-04-13,2026-04-14,Money Management,Connect,1460421.129,1460421.129,1453488.245,1291633.013,1462696.612,1292891.034
2025-12-29,2026-01-03,Money Management,Connect,268880.8518,268880.8518,224783.3822,217963.2536,233701.3305,218178.6517
2025-10-20,2025-10-26,Money Management,Multicurrency Settlement,48074.37189,48074.37189,105584.3039,105584.3039,105584.3039,105584.3039
2026-02-16,2026-02-16,Money Management,Connect,1054374.415,1054374.415,1678142.655,1336008.456,1659968.582,1533490.083
2025-12-22,2025-12-25,Money Management,Connect,320139.5208,320139.5208,1245703.724,1245703.724,1247591.178,1247591.178
2026-03-16,2026-03-18,Money Management,Instant Payouts,348481.7052,406479.5645,346473.9408,336587.627,412958.9387,405137.7469
2025-12-01,2025-12-01,Money Management,Instant Payouts,1119513.393,735940.8707,634616.6896,634616.6896,754118.8869,754118.8869
2025-07-28,2025-07-30,Money Management,Instant Payouts,326852.6527,385803.2643,267208.2853,267208.2853,372626.6265,372626.6265
2025-09-15,2025-09-17,Money Management,Capital,267076.6327,267076.6327,306292.5139,306292.5139,306292.5139,306292.5139
2026-06-08,2026-06-08,Money Management,Instant Payouts,,,430955.4907,427701.5651,511781.8034,512984.3312
2026-09-28,2026-10-03,Money Management,Instant Payouts,,,529744.2656,535766.6971,626316.3421,637341.5336
2026-05-11,2026-05-11,Money Management,Multicurrency Settlement,,,633682.3756,588187.0351,633682.3756,588187.0351
2026-06-01,2026-06-03,Money Management,Multicurrency Settlement,,,446334.0443,414568.1189,446334.0443,414568.1189
2026-08-24,2026-08-25,Money Management,Instant Payouts,,,390212.2095,392471.7009,462132.0525,469153.6496
2026-08-03,2026-08-08,Money Management,Instant Payouts,,,310891.0054,312691.194,368191.1917,373785.459
2026-08-31,2026-09-02,Money Management,Instant Payouts,,,619525.1301,628432.7329,733891.8531,749247.8161
2026-11-02,2026-11-07,Money Management,Connect,,,222194.918,222830.1208,223476.1194,223048.5078
2025-03-10,2025-03-14,Money Management,Instant Payouts,130826.4799,201372.9197,305984.9686,305984.9686,370573.5287,370573.5287
2026-03-02,2026-03-04,Money Management,Capital,499018.6482,499018.6482,389291.9922,387621.9036,389291.9922,387621.9036
2026-04-20,2026-04-23,Money Management,Capital,662362.8634,662362.8634,521226.3283,533717.5799,521226.3283,533717.5799
2026-01-26,2026-01-29,Money Management,Multicurrency Settlement,387817.864,387817.864,371811.0902,354977.2268,371811.0902,354977.2268
2026-02-02,2026-02-03,Money Management,Multicurrency Settlement,312684.489,312684.489,370922.6614,376351.4698,370922.6614,376351.4698
2025-06-09,2025-06-13,Money Management,Connect,538659.6809,538659.6809,640807.9551,640807.9551,641550.4398,641550.4398
2025-01-13,2025-01-18,Money Management,Instant Payouts,41979.47495,115529.7502,224996.4281,224996.4281,277822.6101,277822.6101
2026-04-20,2026-04-23,Money Management,Multicurrency Settlement,431693.3749,431693.3749,381283.4138,359407.847,381283.4138,359407.847
2025-06-16,2025-06-16,Money Management,Capital,303147.03,303147.03,282558.4646,282558.4646,282558.4646,282558.4646
2026-02-09,2026-02-11,Money Management,Capital,337126.5925,337126.5925,403935.912,407179.7773,403935.912,407179.7773
2025-08-11,2025-08-11,Money Management,Connect,1262485.538,1262485.538,1345751.315,1345751.315,1347939.313,1347939.313
2025-03-03,2025-03-03,Money Management,Connect,56042.42184,56042.42184,1672252.738,1672252.738,1673390.771,1673390.771
2025-09-08,2025-09-12,Money Management,Capital,305263.85,305263.85,320102.5424,320102.5424,320102.5424,320102.5424
2025-01-20,2025-01-21,Money Management,Capital,340902.54,340902.54,268065.3611,268065.3611,268065.3611,268065.3611
2025-10-20,2025-10-21,Money Management,Capital,320062.2277,320062.2277,276293.1502,276293.1502,276293.1502,276293.1502
2025-12-22,2025-12-27,Money Management,Capital,112513.65,112513.65,128078.8063,128078.8063,128078.8063,128078.8063
2025-02-03,2025-02-05,Money Management,Connect,228495.4411,228495.4411,1239777.415,1239777.415,1426488.635,1426488.635
2025-08-18,2025-08-18,Money Management,Capital,207602.04,207602.04,222817.6082,222817.6082,222817.6082,222817.6082
2025-05-19,2025-05-23,Money Management,Multicurrency Settlement,173655.6332,173655.6332,206951.5339,206951.5339,206951.5339,206951.5339
2026-03-16,2026-03-22,Money Management,Capital,107334.49,107334.49,119881.1162,119366.8182,119881.1162,119366.8182
2025-11-17,2025-11-17,Money Management,Connect,1648374.863,1648374.863,1596328.331,1596328.331,1600039.3,1600039.3
2026-04-06,2026-04-07,Money Management,Instant Payouts,507851.177,566457.1869,578144.7442,562850.1825,688075.0101,676182.0959
2026-03-30,2026-04-03,Money Management,Connect,979230.3069,979230.3069,921911.5121,819250.7565,927752.1508,820048.6879
2026-03-30,2026-03-31,Money Management,Multicurrency Settlement,440467.6899,440467.6899,345469.0969,315943.5911,345469.0969,315943.5911
2025-10-13,2025-10-18,Money Management,Connect,106883.6265,106883.6265,131358.2326,131358.2326,131606.319,131606.319
2025-09-08,2025-09-08,Money Management,Connect,1094118.407,1094118.407,1474702.374,1474702.374,1476888.775,1476888.775
2026-11-09,2026-11-13,Money Management,Multicurrency Settlement,,,317601.6839,302872.2957,317601.6839,302872.2957
2026-12-28,2026-12-29,Money Management,Multicurrency Settlement,,,439790.5554,396159.7881,439790.5554,396159.7881
2026-10-26,2026-10-30,Money Management,Multicurrency Settlement,,,324822.5633,298527.8903,324822.5633,298527.8903
2026-12-21,2026-12-22,Money Management,Capital,,,469708.2446,439582.5814,469708.2446,439582.5814
2026-05-04,2026-05-08,Money Management,Multicurrency Settlement,,,290034.0919,269211.0419,290034.0919,269211.0419
2026-05-18,2026-05-23,Money Management,Connect,,,152829.1131,149096.936,153782.8879,149242.6344
2026-08-24,2026-08-26,Money Management,Multicurrency Settlement,,,391556.9305,363978.3725,391556.9305,363978.3725
2026-08-03,2026-08-03,Money Management,Instant Payouts,,,735534.1781,739793.2277,871100.1633,884335.5889
2026-10-12,2026-10-18,Money Management,Connect,,,886749.5336,892683.0736,891681.7346,893558.8411
2025-06-02,2025-06-07,Money Management,Multicurrency Settlement,-282.8063422,-282.8063422,0,0,0,0
2025-12-15,2025-12-19,Money Management,Capital,367251.9285,367251.9285,392794.3676,392794.3676,392794.3676,392794.3676
2025-04-28,2025-05-03,Money Management,Connect,130795.9938,130795.9938,159677.6227,159677.6227,159803.075,159803.075
2025-07-21,2025-07-22,Money Management,Connect,1303601.655,1303601.655,1230184.679,1230184.679,1231617.084,1231617.084
2025-04-07,2025-04-10,Money Management,Connect,-960298.7725,-960298.7725,928949.0934,928949.0934,929888.1106,929888.1106
2025-11-10,2025-11-15,Money Management,Capital,133393.95,133393.95,106346.7375,106346.7375,106346.7375,106346.7375
2026-01-12,2026-01-13,Money Management,Multicurrency Settlement,314596.4561,314596.4561,350854.8588,334969.7953,350854.8588,334969.7953
2025-04-28,2025-04-29,Money Management,Instant Payouts,328292.9308,384322.1713,297380.068,297380.068,363140.5937,363140.5937
2026-03-02,2026-03-03,Money Management,Instant Payouts,428657.4475,487666.3618,582408.1442,565789.6658,694166.6335,681019.5386
2025-01-27,2025-01-31,Money Management,Connect,300486.6264,334623.1264,1436611.923,1436611.923,1437898.691,1437898.691
2025-07-14,2025-07-16,Money Management,Connect,1253389.636,1253389.636,1284346.849,1284346.849,1285842.32,1285842.32
2025-11-24,2025-11-26,Money Management,Connect,1439194.277,1439194.277,1524933.873,1524933.873,1528478.873,1528478.873
2025-05-05,2025-05-10,Money Management,Connect,133372.528,133372.528,118185.4131,118185.4131,118278.2666,118278.2666
2025-02-03,2025-02-03,Money Management,Capital,364389.49,364389.49,231561.2381,231561.2381,231561.2381,231561.2381
2025-01-06,2025-01-12,Money Management,Multicurrency Settlement,117458.5372,117458.5372,82122.6367,82122.6367,82122.6367,82122.6367
2025-09-22,2025-09-28,Money Management,Instant Payouts,265272.7431,334224.2882,262021.8319,262021.8319,340719.5559,340719.5559
2025-01-20,2025-01-22,Money Management,Connect,97293.53726,97293.53726,1585775.518,1585775.518,1587195.891,1587195.891
2025-05-05,2025-05-07,Money Management,Instant Payouts,330842.2323,390801.1385,485915.8773,485915.8773,583476.6271,583476.6271
2026-08-10,2026-08-14,Money Management,Capital,,,421422.0645,427510.165,421422.0645,427510.165
2026-11-02,2026-11-07,Money Management,Multicurrency Settlement,,,0,0,0,0
2026-08-31,2026-09-01,Money Management,Multicurrency Settlement,,,493992.2923,456104.5705,493992.2923,456104.5705
2026-07-20,2026-07-21,Money Management,Connect,,,1583419.885,1545789.346,1592506.228,1547303.438
2026-10-12,2026-10-15,Money Management,Multicurrency Settlement,,,443437.7251,407541.0501,443437.7251,407541.0501
2026-09-28,2026-10-04,Money Management,Capital,,,122523.1875,119435.0522,122523.1875,119435.0522
2026-05-04,2026-05-04,Money Management,Instant Payouts,,,697886.4881,686933.8554,828688.579,825276.2719
2026-11-30,2026-12-06,Money Management,Instant Payouts,,,569743.7305,581768.2803,674250.5585,691837.8764
2026-06-01,2026-06-07,Money Management,Multicurrency Settlement,,,144318.5444,134047.2864,144318.5444,134047.2864
2026-06-15,2026-06-21,Money Management,Capital,,,123777.4105,125716.9891,123777.4105,125716.9891
2026-09-14,2026-09-19,Money Management,Instant Payouts,,,316478.7189,321029.0859,374901.9082,382746.3607
2025-06-30,2025-07-04,Money Management,Connect,557010.0904,557010.0904,814200.6313,814200.6313,815148.672,815148.672
2026-02-16,2026-02-21,Money Management,Connect,147684.1722,147684.1722,154944.2876,123354.7565,153266.2605,141588.397
2025-07-21,2025-07-21,Money Management,Capital,241478.2212,241478.2212,241163.1434,241163.1434,241163.1434,241163.1434
2026-02-09,2026-02-09,Money Management,Capital,448615.1931,448615.1931,357810.8903,360684.3419,357810.8903,360684.3419
2025-09-22,2025-09-25,Money Management,Multicurrency Settlement,364512.8089,364512.8089,333388.8637,333388.8637,333388.8637,333388.8637
2025-06-23,2025-06-28,Money Management,Connect,124865.4671,124865.4671,132000.8912,132000.8912,132153.8366,132153.8366
2025-07-14,2025-07-14,Money Management,Capital,311319.09,311319.09,241163.1434,241163.1434,241163.1434,241163.1434
2025-01-27,2025-01-28,Money Management,Multicurrency Settlement,226281.7543,226281.7543,246969.7758,246969.7758,246969.7758,246969.7758
2025-08-04,2025-08-08,Money Management,Instant Payouts,367637.9307,434575.2557,333357.8138,333357.8138,404015.3165,404015.3165
2026-02-16,2026-02-18,Money Management,Capital,281508.0627,281508.0627,403935.912,407179.7773,403935.912,407179.7773
2026-11-23,2026-11-25,Money Management,Multicurrency Settlement,,,420757.0006,401243.5865,420757.0006,401243.5865
2026-06-15,2026-06-15,Money Management,Instant Payouts,,,430955.4907,427701.5651,511781.8034,512984.3312
2026-12-28,2026-12-28,Money Management,Connect,,,1794497.116,1758999.553,1804449.994,1760724.188
2026-09-21,2026-09-23,Money Management,Multicurrency Settlement,,,422199.9672,389818.5006,422199.9672,389818.5006
2026-10-05,2026-10-05,Money Management,Multicurrency Settlement,,,891068.52,818935.7374,891068.52,818935.7374
2026-10-12,2026-10-12,Money Management,Multicurrency Settlement,,,709690.1333,652240.091,709690.1333,652240.091
2026-06-08,2026-06-11,Money Management,Connect,,,1328062.204,1300829.425,1336161.459,1302101.583
2026-06-01,2026-06-06,Money Management,Connect,,,201638.3139,197503.5891,202868.0153,197696.7395
2026-06-15,2026-06-20,Money Management,Connect,,,155731.4368,152538.0624,156681.1728,152687.2384
2026-08-31,2026-08-31,Money Management,Connect,,,1420120.714,1398298.827,1428650.977,1399667.082
2026-06-29,2026-07-04,Money Management,Multicurrency Settlement,,,0,0,0,0
2026-10-05,2026-10-09,Money Management,Connect,,,829938.6754,835492.0748,834554.888,836311.735
2024-12-30,2025-01-01,Money Management,Multicurrency Settlement,152503.31,152503.31,318891.6095,318891.6095,318891.6095,318891.6095
2025-11-17,2025-11-19,Money Management,Multicurrency Settlement,341705.9905,341705.9905,344256.0786,344256.0786,344256.0786,344256.0786
2026-01-26,2026-01-27,Money Management,Instant Payouts,336511.0947,386515.1176,333723.1123,335396.5645,397771.5594,406580.1171
2025-06-16,2025-06-20,Money Management,Capital,411785.89,411785.89,333364.9778,333364.9778,333364.9778,333364.9778
2025-07-14,2025-07-16,Money Management,Capital,286916.21,286916.21,272251.2274,272251.2274,272251.2274,272251.2274
2026-01-19,2026-01-21,Money Management,Instant Payouts,367033.5036,423873.9257,328367.6881,330014.2855,391388.3172,400055.5195
2025-05-12,2025-05-18,Money Management,Multicurrency Settlement,122265.5844,122265.5844,88650.12081,88650.12081,88650.12081,88650.12081
2025-04-07,2025-04-12,Money Management,Multicurrency Settlement,-12.67713273,-12.67713273,0,0,0,0
2026-01-26,2026-01-31,Money Management,Multicurrency Settlement,-663.8550894,-663.8550894,0,0,0,0
2024-12-30,2025-01-02,Money Management,Connect,57324.13461,57324.13461,1765964.275,1765964.275,1767546.042,1767546.042
2025-10-13,2025-10-17,Money Management,Capital,462609.2049,462609.2049,305386.4351,305386.4351,305386.4351,305386.4351
2025-09-15,2025-09-16,Money Management,Instant Payouts,350201.6755,419038.3422,312923.7208,312923.7208,406909.7237,406909.7237
2025-06-30,2025-06-30,Money Management,Multicurrency Settlement,550965.8138,550965.8138,488306.1772,488306.1772,488306.1772,488306.1772
2025-09-15,2025-09-18,Money Management,Connect,1145527.338,1145527.338,1161163.028,1161163.028,1162884.575,1162884.575
2025-01-13,2025-01-13,Money Management,Connect,25103.53364,25103.53364,1660018.463,1660018.463,1661505.335,1661505.335
2026-01-12,2026-01-18,Money Management,Instant Payouts,250442.5471,312002.5817,279437.8798,280839.119,333067.855,340443.5644
2025-03-10,2025-03-12,Money Management,Instant Payouts,93755.76044,155219.9003,290953.6351,290953.6351,352369.3198,352369.3198
2025-05-05,2025-05-05,Money Management,Connect,1409858.174,1409858.174,1729407.602,1729407.602,1730766.329,1730766.329
2025-01-20,2025-01-24,Money Management,Connect,156060.4453,156060.4453,744064.6011,744064.6011,744731.0569,744731.0569
2025-10-13,2025-10-16,Money Management,Connect,1328632.822,1328632.822,1120209.944,1120209.944,1122325.6,1122325.6
2025-03-10,2025-03-10,Money Management,Instant Payouts,114625.9859,202857.362,336992.8346,336992.8346,408126.6621,408126.6621
2025-02-10,2025-02-15,Money Management,Connect,6951.019553,6951.019553,101361.586,101361.586,116626.7015,116626.7015
2025-07-14,2025-07-17,Money Management,Capital,328633.95,328633.95,352941.0352,352941.0352,352941.0352,352941.0352
2026-11-09,2026-11-12,Money Management,Multicurrency Settlement,,,433580.0028,413471.8973,433580.0028,413471.8973
2026-11-30,2026-12-06,Money Management,Capital,,,144980.6369,135682.0183,144980.6369,135682.0183
2026-12-28,2026-12-29,Money Management,Capital,,,469708.2446,439582.5814,469708.2446,439582.5814
2026-07-06,2026-07-10,Money Management,Capital,,,411056.3136,424552.2854,411056.3136,424552.2854
2026-05-25,2026-05-25,Money Management,Capital,,,341625.4934,345790.662,341625.4934,345790.662
2026-05-04,2026-05-10,Money Management,Connect,,,792705.9037,773347.5576,797653.0168,774103.2775
2026-12-28,2026-12-31,Money Management,Instant Payouts,,,-367583.0811,-375340.9919,-435008.0298,-446354.8865
2026-11-16,2026-11-21,Money Management,Instant Payouts,,,333316.477,338794.6191,394311.3873,402375.1947
2026-11-16,2026-11-16,Money Management,Instant Payouts,,,476782.702,484618.7485,564031.0684,575565.7035
2026-07-13,2026-07-16,Money Management,Multicurrency Settlement,,,401871.3899,370392.8722,401871.3899,370392.8722
2026-03-23,2026-03-27,Money Management,Connect,1031148.732,1031148.732,655631.6236,634980.3878,660011.589,635606.1143
2025-10-27,2025-10-27,Money Management,Capital,280493.6684,280493.6684,258843.9929,258843.9929,258843.9929,258843.9929
2025-05-26,2025-05-27,Money Management,Connect,1277859.708,1277859.708,1171207.834,1171207.834,1172128.005,1172128.005
2025-10-27,2025-10-27,Money Management,Multicurrency Settlement,568139.8117,568139.8117,538531.6817,538531.6817,538531.6817,538531.6817
2025-05-12,2025-05-13,Money Management,Instant Payouts,313496.4319,372503.3305,298576.7359,298576.7359,358524.0881,358524.0881
2025-11-24,2025-11-25,Money Management,Connect,1433776.296,1433776.296,1460625.913,1460625.913,1464021.416,1464021.416
2025-12-29,2025-12-29,Money Management,Connect,1494554.992,1494554.992,1582070.903,1582070.903,1584468.011,1584468.011
2026-06-01,2026-06-06,Money Management,Instant Payouts,,,477547.1954,473941.4795,567111.8483,568444.3845
2026-06-29,2026-06-29,Money Management,Instant Payouts,,,430955.4907,427701.5651,511781.8034,512984.3312
2026-09-07,2026-09-11,Money Management,Multicurrency Settlement,,,318690.8837,294248.2523,318690.8837,294248.2523
2026-07-13,2026-07-14,Money Management,Connect,,,1583419.885,1545789.346,1592506.228,1547303.438
2026-10-19,2026-10-22,Money Management,Multicurrency Settlement,,,443437.7251,407541.0501,443437.7251,407541.0501
2026-05-11,2026-05-11,Money Management,Capital,,,341625.4934,345790.662,341625.4934,345790.662
2026-10-26,2026-10-29,Money Management,Instant Payouts,,,331888.453,335661.548,392391.528,399298.8869
2026-06-01,2026-06-07,Money Management,Connect,,,1045873.251,1024426.939,1052251.561,1025428.787
2026-06-22,2026-06-28,Money Management,Multicurrency Settlement,,,119939.7706,111403.568,119939.7706,111403.568
2026-04-06,2026-04-10,Money Management,Capital,437572.5086,437572.5086,420191.0291,430260.9576,420191.0291,430260.9576
2026-02-02,2026-02-02,Money Management,Multicurrency Settlement,960670.3833,960670.3833,629092.2595,638299.6272,629092.2595,638299.6272
2024-12-30,2025-01-02,Money Management,Instant Payouts,153795.2742,223445.3998,385623.4972,385623.4972,476162.788,476162.788
2025-12-01,2025-12-04,Money Management,Capital,483597.8489,483597.8489,474334.4151,474334.4151,474334.4151,474334.4151
2025-01-20,2025-01-26,Money Management,Multicurrency Settlement,85825.9703,85825.9703,82122.6367,82122.6367,82122.6367,82122.6367
2025-01-27,2025-01-27,Money Management,Connect,46647.73999,46647.73999,1660018.463,1660018.463,1661505.335,1661505.335
2026-01-26,2026-02-01,Money Management,Capital,121161.23,121161.23,202040.0253,203662.5367,202040.0253,203662.5367
2025-05-05,2025-05-09,Money Management,Instant Payouts,367163.8595,435728.827,308962.9485,308962.9485,370995.6136,370995.6136
2026-03-02,2026-03-08,Money Management,Capital,91879.57,91879.57,119881.1162,119366.8182,119881.1162,119366.8182
2025-03-17,2025-03-23,Money Management,Instant Payouts,28167.34765,98653.4838,247598.865,247598.865,299863.0474,299863.0474
2026-01-05,2026-01-07,Money Management,Connect,1847608.752,1847608.752,2325660.393,2255097.781,2417927.531,2257326.338
2026-03-16,2026-03-21,Money Management,Multicurrency Settlement,8963.716682,8963.716682,0,0,0,0
2025-08-25,2025-08-27,Money Management,Instant Payouts,332066.7306,391677.2062,316981.8042,316981.8042,384168.2981,384168.2981
2025-08-25,2025-08-25,Money Management,Instant Payouts,368773.2355,448477.1981,367139.586,367139.586,444957.3699,444957.3699
2025-04-28,2025-04-30,Money Management,Instant Payouts,-418353.7551,427745.167,-254044.5128,-254044.5128,-310222.1201,-310222.1201
2025-03-03,2025-03-05,Money Management,Connect,158178.6188,158178.6188,1597462.623,1597462.623,1598549.759,1598549.759
2025-12-22,2025-12-26,Money Management,Connect,571094.7978,571094.7978,709126.4199,709126.4199,710200.868,710200.868
2025-11-03,2025-11-09,Money Management,Connect,521453.439,521453.439,764495.4624,764495.4624,766272.6779,766272.6779
2025-04-21,2025-04-23,Money Management,Multicurrency Settlement,275559.3015,275559.3015,276552.7097,276552.7097,276552.7097,276552.7097
2026-03-02,2026-03-02,Money Management,Multicurrency Settlement,960113.788,960113.788,735669.0962,672795.1595,735669.0962,672795.1595
2025-09-01,2025-09-03,Money Management,Instant Payouts,411978.6594,474200.7919,488045.378,488045.378,634628.8143,634628.8143
2025-03-24,2025-03-29,Money Management,Capital,105050.05,105050.05,97105.38494,97105.38494,97105.38494,97105.38494
2025-05-26,2025-05-27,Money Management,Multicurrency Settlement,388409.9635,388409.9635,266600.0667,266600.0667,266600.0667,266600.0667
2025-06-23,2025-06-26,Money Management,Connect,1087395.485,1087395.485,1125690.473,1125690.473,1126994.776,1126994.776
2025-02-03,2025-02-09,Money Management,Capital,103342.72,103342.72,92000.88944,92000.88944,92000.88944,92000.88944
2025-05-05,2025-05-08,Money Management,Multicurrency Settlement,370039.6659,370039.6659,282523.8385,282523.8385,282523.8385,282523.8385
2025-02-17,2025-02-22,Money Management,Multicurrency Settlement,-107.5876948,-107.5876948,0,0,0,0
2025-02-03,2025-02-03,Money Management,Multicurrency Settlement,594371.7837,594371.7837,496823.0363,496823.0363,496823.0363,496823.0363
2026-01-19,2026-01-20,Money Management,Connect,3118966.387,3118966.387,1648747.355,1598722.888,1714158.969,1600302.796
2025-02-10,2025-02-11,Money Management,Instant Payouts,89971.34343,151706.4301,297146.8074,297146.8074,363345.8938,363345.8938
2025-06-02,2025-06-07,Money Management,Capital,94091.1,94091.1,101411.7791,101411.7791,101411.7791,101411.7791
2026-04-13,2026-04-16,Money Management,Instant Payouts,379901.3563,441483.5621,301129.4071,293163.1627,358387.1027,352192.6224
2025-09-15,2025-09-20,Money Management,Instant Payouts,268765.0487,333137.4246,249313.4957,249313.4957,324194.2968,324194.2968
2026-02-16,2026-02-22,Money Management,Capital,99536.17,99536.17,121095.3838,122067.8577,121095.3838,122067.8577
2025-09-01,2025-09-05,Money Management,Connect,779799.2299,779799.2299,855852.3996,855852.3996,857121.2909,857121.2909
2025-03-10,2025-03-11,Money Management,Instant Payouts,102641.1444,161922.8117,295698.8648,295698.8648,358116.1921,358116.1921
2026-03-30,2026-04-05,Money Management,Instant Payouts,257942.0163,320722.5698,484100.5488,471293.8844,576148.9546,566190.607
2026-01-12,2026-01-12,Money Management,Connect,1542205.836,1542205.836,1801927.578,1747255.486,1873416.391,1748982.179
2025-05-12,2025-05-16,Money Management,Capital,282209.32,282209.32,283695.2256,283695.2256,283695.2256,283695.2256
2026-07-13,2026-07-14,Money Management,Instant Payouts,,,383452.4045,381711.4843,454232.4631,456735.6206
2026-07-20,2026-07-26,Money Management,Instant Payouts,,,321077.9322,319620.1996,380344.518,382440.4982
2026-08-31,2026-09-05,Money Management,Connect,,,223415.7441,219769.6802,224671.911,219985.1007
2026-07-06,2026-07-12,Money Management,Connect,,,828766.15,809070.2262,833521.9661,809862.7059
2026-12-21,2026-12-25,Money Management,Capital,,,519167.869,485870.0155,519167.869,485870.0155
2026-04-27,2026-05-03,Money Management,Instant Payouts,,,512758.387,504711.1553,608862.6537,606355.528
2026-05-04,2026-05-06,Money Management,Multicurrency Settlement,,,482436.2562,447799.6581,482436.2562,447799.6581
2026-09-21,2026-09-23,Money Management,Capital,,,443545.4806,446486.1646,443545.4806,446486.1646
2026-05-25,2026-05-28,Money Management,Connect,,,1303311.488,1271483.852,1311445.184,1272726.354
2026-11-23,2026-11-26,Money Management,Instant Payouts,,,345393.0979,351069.7224,408597.9572,416953.9301
2026-07-06,2026-07-07,Money Management,Multicurrency Settlement,,,476139.902,438843.9445,476139.902,438843.9445
2026-07-13,2026-07-15,Money Management,Multicurrency Settlement,,,389986.1608,359438.6111,389986.1608,359438.6111
2026-01-19,2026-01-22,Money Management,Capital,312979.8325,312979.8325,487250.1601,499630.6544,487250.1601,499630.6544
2025-03-03,2025-03-07,Money Management,Connect,-318190.1748,-318190.1748,749548.3277,749548.3277,750058.4248,750058.4248
2025-10-13,2025-10-16,Money Management,Capital,331492.2096,331492.2096,378816.869,378816.869,378816.869,378816.869
2025-01-06,2025-01-07,Money Management,Capital,368386.44,368386.44,260963.9482,260963.9482,260963.9482,260963.9482
2025-07-21,2025-07-24,Money Management,Connect,1052617.948,1052617.948,1058625.508,1058625.508,1059858.152,1059858.152
2026-01-26,2026-01-29,Money Management,Connect,1304647.551,1304647.551,1418816.245,1375768.093,1475105.681,1377127.67
2025-06-30,2025-07-02,Money Management,Capital,268671.29,268671.29,265038.9252,265038.9252,265038.9252,265038.9252
2025-09-08,2025-09-11,Money Management,Capital,347310.14,347310.14,397071.4773,397071.4773,397071.4773,397071.4773
2025-04-21,2025-04-22,Money Management,Multicurrency Settlement,422035.1023,422035.1023,268918.6776,268918.6776,268918.6776,268918.6776
2025-06-30,2025-07-06,Money Management,Capital,88200.91,88200.91,79455.64968,79455.64968,79455.64968,79455.64968
2026-04-20,2026-04-20,Money Management,Connect,1643295.599,1643295.599,1588527.523,1411634.802,1598591.412,1413009.702
2025-06-02,2025-06-05,Money Management,Instant Payouts,-422551.5572,-355543.7307,487209.0453,487209.0453,516917.4348,516917.4348
2025-06-16,2025-06-18,Money Management,Capital,321103.55,321103.55,318982.7751,318982.7751,318982.7751,318982.7751
2025-07-07,2025-07-11,Money Management,Capital,202310.1486,202310.1486,284526.4112,284526.4112,284526.4112,284526.4112
2025-10-27,2025-10-29,Money Management,Instant Payouts,343873.4849,398167.9024,327598.4611,327598.4611,392218.494,392218.494
2025-02-03,2025-02-07,Money Management,Multicurrency Settlement,226159.4153,226159.4153,227394.076,227394.076,227394.076,227394.076
2026-02-23,2026-02-26,Money Management,Connect,1339456.668,1339456.668,1321349.476,1051957.096,1307039.428,1207451.769
2025-05-05,2025-05-07,Money Management,Multicurrency Settlement,428533.4334,428533.4334,344238.5777,344238.5777,344238.5777,344238.5777
2025-07-14,2025-07-18,Money Management,Capital,300022.666,300022.666,284526.4112,284526.4112,284526.4112,284526.4112
2025-02-10,2025-02-15,Money Management,Multicurrency Settlement,0.0266257825,0.0266257825,0,0,0,0
2026-02-02,2026-02-05,Money Management,Multicurrency Settlement,490208.7896,490208.7896,393077.5232,398830.5892,393077.5232,398830.5892
2025-05-12,2025-05-12,Money Management,Instant Payouts,357310.2755,435492.3055,340272.5971,340272.5971,408591.5207,408591.5207
2026-03-16,2026-03-20,Money Management,Capital,394130.4195,394130.4195,417915.4187,416122.5337,417915.4187,416122.5337
2025-12-22,2025-12-24,Money Management,Multicurrency Settlement,293117.7492,293117.7492,384203.8181,384203.8181,384203.8181,384203.8181
2026-04-20,2026-04-24,Money Management,Capital,387726.1321,387726.1321,420191.0291,430260.9576,420191.0291,430260.9576
2025-11-10,2025-11-11,Money Management,Multicurrency Settlement,125483.8344,125483.8344,334753.1448,334753.1448,334753.1448,334753.1448
2025-02-03,2025-02-05,Money Management,Instant Payouts,343382.6115,138994.3571,423140.1603,423140.1603,517408.3515,517408.3515
2026-12-14,2026-12-16,Money Management,Multicurrency Settlement,,,452275.2786,407405.9262,452275.2786,407405.9262
2026-09-21,2026-09-25,Money Management,Capital,,,463543.9302,466617.2029,463543.9302,466617.2029
2026-05-25,2026-05-25,Money Management,Connect,,,1655234.021,1614812.229,1665563.993,1616390.233
2026-05-04,2026-05-05,Money Management,Connect,,,2046239.006,1996268.641,2059009.159,1998219.407
2026-05-25,2026-05-26,Money Management,Connect,,,1514524.086,1477538.513,1523975.916,1478982.373
2026-12-07,2026-12-11,Money Management,Instant Payouts,,,425696.4261,434680.8301,503780.9767,516921.724
2026-07-27,2026-08-02,Money Management,Multicurrency Settlement,,,158964.2172,147767.8788,158964.2172,147767.8788
2026-06-15,2026-06-18,Money Management,Multicurrency Settlement,,,382242.5051,355038.0221,382242.5051,355038.0221
2026-06-29,2026-07-03,Money Management,Multicurrency Settlement,,,369609.3716,340657.9324,369609.3716,340657.9324
2026-10-19,2026-10-22,Money Management,Connect,,,1457931.432,1467686.943,1466040.611,1469126.818
2026-11-23,2026-11-26,Money Management,Connect,,,1463455.358,1467639.031,1471893.81,1469077.406
2025-01-20,2025-01-20,Money Management,Capital,110023.26,110023.26,251135.8257,251135.8257,251135.8257,251135.8257
2025-12-22,2025-12-24,Money Management,Capital,246708.1472,246708.1472,375848.2316,375848.2316,375848.2316,375848.2316
2025-04-07,2025-04-08,Money Management,Connect,7702.170291,7702.170291,1079493.112,1079493.112,1080584.305,1080584.305
2025-12-01,2025-12-03,Money Management,Capital,275445.1108,275445.1108,365891.5059,365891.5059,365891.5059,365891.5059
2025-09-29,2025-10-01,Money Management,Instant Payouts,989720.9201,590440.2349,541842.2258,541842.2258,648722.65,648722.65
2025-03-10,2025-03-16,Money Management,Connect,25126.45942,25126.45942,592753.9134,592753.9134,593157.3057,593157.3057
2026-03-09,2026-03-10,Money Management,Instant Payouts,380009.1939,437441.5521,352124.6638,342077.1118,419693.9807,411745.2313
2025-12-01,2025-12-07,Money Management,Instant Payouts,262101.5349,326253.3019,466272.1451,466272.1451,554074.0368,554074.0368
2025-10-20,2025-10-26,Money Management,Instant Payouts,242760.0952,306571.5357,278783.2746,278783.2746,333774.3278,333774.3278
2026-04-13,2026-04-18,Money Management,Connect,144964.5013,144964.5013,146670.0488,130337.3988,147599.2559,130464.3444
2026-02-23,2026-02-23,Money Management,Multicurrency Settlement,553143.1787,553143.1787,572616.6272,580997.4199,572616.6272,580997.4199
2025-09-29,2025-10-03,Money Management,Instant Payouts,718046.0661,498740.0356,569835.0413,569835.0413,682237.154,682237.154
2026-01-12,2026-01-18,Money Management,Capital,92884.07,92884.07,112676.8775,115539.8739,112676.8775,115539.8739
2026-03-02,2026-03-07,Money Management,Capital,107256.05,107256.05,132660.072,132090.9514,132660.072,132090.9514
2026-09-07,2026-09-07,Money Management,Connect,,,2419730.953,2380241.823,2433336.02,2382574.96
2026-12-28,2026-12-30,Money Management,Connect,,,1714239.725,1680329.762,1723747.47,1681977.264
2026-07-06,2026-07-10,Money Management,Connect,,,775670.0803,757236.0036,780121.2083,757977.712
2026-07-06,2026-07-09,Money Management,Connect,,,1362599.215,1330216.558,1370418.395,1331519.498
2026-10-05,2026-10-07,Money Management,Multicurrency Settlement,,,540302.6259,496564.6517,540302.6259,496564.6517
2026-12-28,2026-12-31,Money Management,Capital,,,1045646.435,978581.8423,1045646.435,978581.8423
2026-07-06,2026-07-07,Money Management,Capital,,,362044.1334,373930.9169,362044.1334,373930.9169
2026-07-27,2026-07-29,Money Management,Multicurrency Settlement,,,389986.1608,359438.6111,389986.1608,359438.6111
2026-09-21,2026-09-25,Money Management,Instant Payouts,,,411043.3681,416953.3964,486923.5556,497111.9505
2026-11-16,2026-11-21,Money Management,Connect,,,171607.9297,172098.5162,172597.4407,172267.1832
2026-11-23,2026-11-28,Money Management,Connect,,,171607.9297,172098.5162,172597.4407,172267.1832
2026-11-23,2026-11-23,Money Management,Connect,,,1858620.227,1863933.583,1869337.245,1865760.351
2026-03-16,2026-03-20,Money Management,Multicurrency Settlement,288070.8228,288070.8228,268174.5748,245255.043,268174.5748,245255.043
2025-12-15,2025-12-20,Money Management,Capital,122758.8294,122758.8294,128078.8063,128078.8063,128078.8063,128078.8063
2025-12-29,2026-01-04,Money Management,Capital,113500.38,113500.38,109691.9151,112479.0668,109691.9151,112479.0668
2025-03-31,2025-04-04,Money Management,Multicurrency Settlement,181389.9005,181389.9005,251181.8711,251181.8711,251181.8711,251181.8711
2026-01-12,2026-01-14,Money Management,Instant Payouts,340389.4862,395019.3758,328367.6881,330014.2855,391388.3172,400055.5195
2026-01-12,2026-01-14,Money Management,Multicurrency Settlement,352202.8775,352202.8775,360814.8852,344478.8784,360814.8852,344478.8784
2025-02-17,2025-02-19,Money Management,Connect,71340.93512,71340.93512,1048710.201,1048710.201,1206646.585,1206646.585
2025-11-24,2025-11-29,Money Management,Capital,129506.98,129506.98,106346.7375,106346.7375,106346.7375,106346.7375
2025-06-02,2025-06-05,Money Management,Capital,1539156,1539156,385794.4286,385794.4286,385794.4286,385794.4286
2025-07-28,2025-08-03,Money Management,Connect,1139891.61,1139891.61,870758.4092,870758.4092,872174.1374,872174.1374
2025-08-18,2025-08-20,Money Management,Instant Payouts,319256.6418,379745.9484,316981.8042,316981.8042,384168.2981,384168.2981
2025-11-10,2025-11-11,Money Management,Instant Payouts,368312.9991,420342.0885,351568.867,351568.867,412270.983,412270.983
2026-03-23,2026-03-27,Money Management,Capital,439313.6566,439313.6566,417915.4187,416122.5337,417915.4187,416122.5337
2025-09-01,2025-09-04,Money Management,Instant Payouts,709456.1171,496437.3786,409496.5507,409496.5507,532488.0064,532488.0064
2025-10-13,2025-10-18,Money Management,Multicurrency Settlement,239.8084872,239.8084872,0,0,0,0
2025-06-02,2025-06-08,Money Management,Connect,824820.7157,824820.7157,684672.4605,684672.4605,685465.7696,685465.7696
2025-05-12,2025-05-16,Money Management,Multicurrency Settlement,174383.9928,174383.9928,206951.5339,206951.5339,206951.5339,206951.5339
2026-02-02,2026-02-05,Money Management,Instant Payouts,387212.4668,449745.4362,563884.7315,420590.4971,505189.6694,507745.364
2025-11-10,2025-11-10,Money Management,Capital,314794.6832,314794.6832,276439.7558,276439.7558,276439.7558,276439.7558
2025-12-15,2025-12-16,Money Management,Multicurrency Settlement,326457.082,326457.082,373598.157,373598.157,373598.157,373598.157
2025-11-24,2025-11-26,Money Management,Instant Payouts,399290.5959,462615.0399,345927.0636,345927.0636,405655.062,405655.062
2025-08-04,2025-08-06,Money Management,Instant Payouts,336728.6048,398102.8868,524282.459,524282.459,635407.7657,635407.7657
2025-11-24,2025-11-27,Money Management,Connect,932117.4326,932117.4326,1256929.854,1256929.854,1259851.828,1259851.828
2025-08-04,2025-08-04,Money Management,Capital,339286.24,339286.24,216914.8696,216914.8696,216914.8696,216914.8696
2025-03-17,2025-03-19,Money Management,Instant Payouts,94586.23096,154421.15,290953.6351,290953.6351,352369.3198,352369.3198
2025-09-01,2025-09-01,Money Management,Instant Payouts,901543.3044,539090.9014,565271.4927,565271.4927,735049.6353,735049.6353
2025-05-12,2025-05-17,Money Management,Capital,100567.3,100567.3,92504.75253,92504.75253,92504.75253,92504.75253
2025-11-24,2025-11-25,Money Management,Instant Payouts,393891.5504,452320.877,351568.867,351568.867,412270.983,412270.983
2026-08-17,2026-08-22,Money Management,Capital,,,137413.4639,139398.6162,137413.4639,139398.6162
2026-07-13,2026-07-15,Money Management,Connect,,,1653134.179,1613846.854,1662620.573,1615427.608
2026-10-19,2026-10-21,Money Management,Multicurrency Settlement,,,430323.1832,395488.142,430323.1832,395488.142
2026-12-21,2026-12-23,Money Management,Capital,,,496769.6635,464908.363,496769.6635,464908.363
2026-07-13,2026-07-17,Money Management,Capital,,,411056.3136,424552.2854,411056.3136,424552.2854
2026-05-25,2026-05-27,Money Management,Instant Payouts,,,364298.1078,358580.8122,432577.0544,430795.8234
2026-05-18,2026-05-24,Money Management,Capital,,,115617.694,117027.3288,115617.694,117027.3288
2026-05-04,2026-05-05,Money Management,Capital,,,354994.9009,359323.072,354994.9009,359323.072
2026-08-03,2026-08-04,Money Management,Multicurrency Settlement,,,478057.6784,444386.6069,478057.6784,444386.6069
2025-11-03,2025-11-08,Money Management,Multicurrency Settlement,256.8681061,256.8681061,0,0,0,0
2025-10-27,2025-10-30,Money Management,Connect,1226382.5,1226382.5,1120209.944,1120209.944,1122325.6,1122325.6
2025-07-28,2025-07-29,Money Management,Instant Payouts,327717.0322,385287.2495,271566.2464,271566.2464,378703.8795,378703.8795
2025-10-27,2025-10-31,Money Management,Capital,539385.4404,539385.4404,622666.4214,622666.4214,622666.4214,622666.4214
2025-02-17,2025-02-20,Money Management,Capital,297049.61,297049.61,397840.7028,397840.7028,397840.7028,397840.7028
2025-12-08,2025-12-14,Money Management,Capital,118451.61,118451.61,112675.0175,112675.0175,112675.0175,112675.0175
2025-04-14,2025-04-14,Money Management,Multicurrency Settlement,429953.286,429953.286,456091.4611,456091.4611,456091.4611,456091.4611
2026-11-16,2026-11-19,Money Management,Multicurrency Settlement,,,433580.0028,413471.8973,433580.0028,413471.8973
2026-06-08,2026-06-10,Money Management,Instant Payouts,,,372079.3251,369269.9435,441863.3296,442901.5707
2026-11-30,2026-12-02,Money Management,Multicurrency Settlement,,,567865.1065,511528.3116,567865.1065,511528.3116
2026-07-27,2026-07-31,Money Management,Instant Payouts,,,-340800.963,-339253.6855,-403708.15,-405932.8811
2026-07-06,2026-07-06,Money Management,Connect,,,2338080.664,2282515.342,2351497.575,2284751.053
2026-10-26,2026-10-31,Money Management,Instant Payouts,,,-357844.0352,-361912.208,-423078.798,-430526.3521
2026-06-22,2026-06-23,Money Management,Connect,,,1543285.859,1511639.778,1552697.665,1513118.1
2026-12-07,2026-12-09,Money Management,Instant Payouts,,,404784.3365,413327.3869,479033.0289,491528.2446
2026-12-21,2026-12-21,Money Management,Instant Payouts,,,468835.5975,478730.4619,554833.0706,569305.4732
2026-06-15,2026-06-17,Money Management,Capital,,,412882.3051,419352.1261,412882.3051,419352.1261
2026-09-28,2026-09-30,Money Management,Instant Payouts,,,-339340.091,-344219.1615,-401983.5777,-410394.6874
2025-05-05,2025-05-07,Money Management,Capital,976996.77,976996.77,264264.6674,264264.6674,264264.6674,264264.6674
2026-04-13,2026-04-18,Money Management,Capital,102350.8607,102350.8607,137012.0594,140295.5698,137012.0594,140295.5698
2025-02-17,2025-02-22,Money Management,Instant Payouts,41332.88262,108519.1105,236743.6678,236743.6678,289485.9963,289485.9963
2026-01-19,2026-01-25,Money Management,Multicurrency Settlement,20315.8886,20315.8886,116666.6085,111384.4913,116666.6085,111384.4913
2025-05-19,2025-05-22,Money Management,Instant Payouts,309506.725,374741.5736,246501.826,246501.826,295993.7321,295993.7321
2025-02-03,2025-02-07,Money Management,Instant Payouts,115345.99,190109.8349,445000.5534,445000.5534,544138.8561,544138.8561
2025-11-24,2025-11-24,Money Management,Capital,330584.2176,330584.2176,276439.7558,276439.7558,276439.7558,276439.7558
2026-04-06,2026-04-11,Money Management,Connect,252893.8671,252893.8671,146670.0488,130337.3988,147599.2559,130464.3444
2025-10-27,2025-10-28,Money Management,Instant Payouts,356621.3381,412118.6519,332941.34,332941.34,398615.276,398615.276
2025-10-06,2025-10-06,Money Management,Connect,1615460.375,1615460.375,1922165.506,1922165.506,1925795.755,1925795.755
2025-11-10,2025-11-13,Money Management,Capital,285094.917,285094.917,404568.1784,404568.1784,404568.1784,404568.1784
2026-02-02,2026-02-03,Money Management,Connect,1745113.714,1745113.714,1815239.295,1445154.285,1795580.482,1658769.264
2025-10-20,2025-10-24,Money Management,Multicurrency Settlement,237346.5957,237346.5957,246483.9697,246483.9697,246483.9697,246483.9697
2025-06-23,2025-06-24,Money Management,Instant Payouts,310867.0234,369423.6442,372309.0386,372309.0386,395011.2073,395011.2073
2025-10-20,2025-10-20,Money Management,Capital,263373.3843,263373.3843,258843.9929,258843.9929,258843.9929,258843.9929
2024-12-30,2025-01-05,Money Management,Instant Payouts,33073.3871,109344.8358,391109.4472,391109.4472,482936.7664,482936.7664
2025-03-24,2025-03-26,Money Management,Instant Payouts,94298.4262,154267.1981,290953.6351,290953.6351,352369.3198,352369.3198
2026-01-19,2026-01-19,Money Management,Multicurrency Settlement,257162.6984,257162.6984,595056.8642,568115.4785,595056.8642,568115.4785
2025-09-01,2025-09-03,Money Management,Multicurrency Settlement,328717.3401,328717.3401,389288.993,389288.993,389288.993,389288.993
2026-09-14,2026-09-18,Money Management,Connect,,,837660.4978,823990.1826,842370.2887,824797.866
2026-09-21,2026-09-27,Money Management,Multicurrency Settlement,,,136514.9835,126044.6952,136514.9835,126044.6952
2026-09-21,2026-09-24,Money Management,Multicurrency Settlement,,,435066.9454,401698.6203,435066.9454,401698.6203
2026-10-26,2026-10-31,Money Management,Multicurrency Settlement,,,0,0,0,0
2026-05-11,2026-05-15,Money Management,Multicurrency Settlement,,,290034.0919,269211.0419,290034.0919,269211.0419
2026-06-01,2026-06-01,Money Management,Connect,,,2183867.91,2139086.277,2197186.338,2141178.217
2026-07-27,2026-08-02,Money Management,Instant Payouts,,,540419.2868,543548.5398,640023.731,649748.1999
2026-11-16,2026-11-18,Money Management,Capital,,,456616.1641,443644.9709,456616.1641,443644.9709
2026-11-09,2026-11-09,Money Management,Capital,,,404475.6405,392985.6143,404475.6405,392985.6143
2025-07-07,2025-07-11,Money Management,Connect,549326.4778,549326.4778,602630.7081,602630.7081,603332.4006,603332.4006
2025-07-28,2025-08-02,Money Management,Multicurrency Settlement,0.2431177003,0.2431177003,0,0,0,0
2025-09-15,2025-09-15,Money Management,Multicurrency Settlement,519817.0831,519817.0831,533564.8599,533564.8599,533564.8599,533564.8599
2025-03-17,2025-03-20,Money Management,Multicurrency Settlement,282343.2232,282343.2232,285349.6709,285349.6709,285349.6709,285349.6709
2025-10-20,2025-10-25,Money Management,Connect,153182.0716,153182.0716,131358.2326,131358.2326,131606.319,131606.319
2025-05-12,2025-05-12,Money Management,Connect,1257098.466,1257098.466,1280021.277,1280021.277,1281026.939,1281026.939
2025-12-29,2026-01-03,Money Management,Multicurrency Settlement,1203.046311,1203.046311,0,0,0,0
2025-08-18,2025-08-18,Money Management,Instant Payouts,378104.7345,458362.0371,367139.586,367139.586,444957.3699,444957.3699
2025-09-08,2025-09-10,Money Management,Connect,1374010.914,1374010.914,1408747.534,1408747.534,1410836.15,1410836.15
2026-04-20,2026-04-26,Money Management,Multicurrency Settlement,32710.96321,32710.96321,119638.8276,112774.7284,119638.8276,112774.7284
2025-08-18,2025-08-21,Money Management,Connect,1140341.047,1140341.047,1059628.503,1059628.503,1061351.307,1061351.307
2026-01-05,2026-01-11,Money Management,Multicurrency Settlement,44404.01732,44404.01732,116666.6085,111384.4913,116666.6085,111384.4913
2026-09-21,2026-09-25,Money Management,Connect,,,837660.4978,823990.1826,842370.2887,824797.866
2026-07-06,2026-07-09,Money Management,Capital,,,509895.1618,526636.2517,509895.1618,526636.2517
2026-04-27,2026-05-02,Money Management,Capital,,,127942.1836,129502.0812,127942.1836,129502.0812
2026-11-30,2026-12-04,Money Management,Instant Payouts,,,704094.5753,718954.6251,833245.0805,854979.6507
2026-12-28,2026-12-30,Money Management,Instant Payouts,,,404784.3365,413327.3869,479033.0289,491528.2446
2026-08-17,2026-08-22,Money Management,Multicurrency Settlement,,,0,0,0,0
2026-10-12,2026-10-17,Money Management,Connect,,,170960.1805,172104.1327,171911.0804,172272.9756
2025-03-10,2025-03-14,Money Management,Capital,301861.94,301861.94,297804.5283,297804.5283,297804.5283,297804.5283
2025-09-01,2025-09-06,Money Management,Instant Payouts,281831.3686,346545.9805,395178.562,395178.562,513869.639,513869.639
2025-07-21,2025-07-26,Money Management,Capital,90423.99335,90423.99335,92775.7783,92775.7783,92775.7783,92775.7783
2026-02-02,2026-02-04,Money Management,Connect,3518475.232,2152876.972,1895160.056,1508781.064,1874635.712,1731801.014
2025-02-24,2025-02-25,Money Management,Instant Payouts,39622.95148,98149.91055,297146.8074,297146.8074,363345.8938,363345.8938
2026-04-20,2026-04-22,Money Management,Multicurrency Settlement,330277.3085,330277.3085,370007.0682,348778.465,370007.0682,348778.465
2025-07-07,2025-07-13,Money Management,Instant Payouts,237901.4859,302578.7093,227391.7913,227391.7913,317101.8294,317101.8294
2025-01-27,2025-01-29,Money Management,Instant Payouts,84113.63964,146269.189,277870.505,277870.505,343110.8201,343110.8201
2026-04-20,2026-04-21,Money Management,Multicurrency Settlement,308654.9123,308654.9123,359793.2973,339150.6939,359793.2973,339150.6939
2025-02-10,2025-02-10,Money Management,Instant Payouts,98379.45689,189711.7576,338642.9819,338642.9819,414086.6867,414086.6867
2025-02-24,2025-02-28,Money Management,Multicurrency Settlement,203470.7261,203470.7261,206980.1797,206980.1797,206980.1797,206980.1797
2026-04-20,2026-04-24,Money Management,Multicurrency Settlement,272480.1692,272480.1692,279293.9091,263269.838,279293.9091,263269.838
2026-01-26,2026-02-01,Money Management,Instant Payouts,788676.977,441320.7464,571906.6593,426573.8948,512376.5905,514968.6429
2025-06-02,2025-06-04,Money Management,Connect,1642737.923,1642737.923,1768299.113,1768299.113,1770347.988,1770347.988
2025-10-06,2025-10-07,Money Management,Multicurrency Settlement,299671.1539,299671.1539,398678.3182,398678.3182,398678.3182,398678.3182
2025-06-30,2025-07-01,Money Management,Connect,2178329.957,2178329.957,1662074.513,1662074.513,1664009.802,1664009.802
2025-04-28,2025-04-30,Money Management,Capital,414415.7759,414415.7759,582878.8385,582878.8385,582878.8385,582878.8385
2026-04-27,2026-04-28,Money Management,Multicurrency Settlement,402602.4678,402602.4678,359793.2973,339150.6939,359793.2973,339150.6939
2025-01-27,2025-01-28,Money Management,Capital,310312.37,310312.37,268065.3611,268065.3611,268065.3611,268065.3611
2025-08-25,2025-08-31,Money Management,Capital,377760.8415,377760.8415,515055.837,515055.837,515055.837,515055.837
2026-03-16,2026-03-22,Money Management,Instant Payouts,252348.9229,316683.2871,294846.134,286432.972,351424.2552,344768.4929
2025-07-07,2025-07-07,Money Management,Capital,234468.108,234468.108,234774.4061,234774.4061,234774.4061,234774.4061
2025-04-07,2025-04-11,Money Management,Capital,295489.1,295489.1,304516.9273,304516.9273,304516.9273,304516.9273
2025-07-14,2025-07-20,Money Management,Capital,80928.51,80928.51,81617.81543,81617.81543,81617.81543,81617.81543
2025-01-06,2025-01-10,Money Management,Multicurrency Settlement,173478.3557,173478.3557,191713.2826,191713.2826,191713.2826,191713.2826
2026-04-20,2026-04-21,Money Management,Capital,281999.5432,281999.5432,380160.6426,389271.2381,380160.6426,389271.2381
2025-06-02,2025-06-08,Money Management,Multicurrency Settlement,111455.325,111455.325,95737.11173,95737.11173,95737.11173,95737.11173
2026-04-27,2026-04-27,Money Management,Multicurrency Settlement,720149.5793,720149.5793,610216.6355,575206.3668,610216.6355,575206.3668
2025-04-07,2025-04-11,Money Management,Multicurrency Settlement,155131.8978,155131.8978,208751.3839,208751.3839,208751.3839,208751.3839
2025-03-24,2025-03-29,Money Management,Multicurrency Settlement,0.1283704266,0.1283704266,0,0,0,0
2026-03-16,2026-03-17,Money Management,Instant Payouts,374715.6462,433362.7005,352124.6638,342077.1118,419693.9807,411745.2313
2025-01-13,2025-01-15,Money Management,Instant Payouts,98268.95886,164455.4888,277870.505,277870.505,343110.8201,343110.8201
2026-04-20,2026-04-22,Money Management,Instant Payouts,353335.1922,411772.8061,358891.4601,349397.1464,427132.2147,419749.5214
2026-02-16,2026-02-18,Money Management,Instant Payouts,370499.3837,427464.1228,464366.8876,346362.1007,416030.6909,418135.3409
2025-10-06,2025-10-07,Money Management,Instant Payouts,342546.931,402024.1535,550679.2554,550679.2554,659302.8171,659302.8171
2025-03-17,2025-03-21,Money Management,Multicurrency Settlement,189836.8232,189836.8232,209021.4846,209021.4846,209021.4846,209021.4846
2026-01-26,2026-01-26,Money Management,Multicurrency Settlement,659580.4093,659580.4093,595056.8642,568115.4785,595056.8642,568115.4785
2025-12-01,2025-12-06,Money Management,Capital,114305.2892,114305.2892,124685.8263,124685.8263,124685.8263,124685.8263
2025-08-11,2025-08-15,Money Management,Instant Payouts,386588.682,454635.3441,333357.8138,333357.8138,404015.3165,404015.3165
2025-06-16,2025-06-17,Money Management,Connect,1363981.284,1363981.284,1308118.085,1308118.085,1309633.761,1309633.761
2025-12-22,2025-12-25,Money Management,Capital,127454.37,127454.37,487242.1162,487242.1162,487242.1162,487242.1162
2025-04-07,2025-04-09,Money Management,Multicurrency Settlement,337238.517,337238.517,276552.7097,276552.7097,276552.7097,276552.7097
2026-04-13,2026-04-15,Money Management,Multicurrency Settlement,411150.1223,411150.1223,370007.0682,348778.465,370007.0682,348778.465
2026-03-23,2026-03-23,Money Management,Connect,1594077.408,1594077.408,1462723.262,1416650.068,1472495.026,1418046.072
2025-03-03,2025-03-04,Money Management,Connect,387916.65,387916.65,1530096.055,1530096.055,1531137.346,1531137.346
2025-07-28,2025-08-03,Money Management,Multicurrency Settlement,129299.5452,129299.5452,117067.614,117067.614,117067.614,117067.614
2025-03-31,2025-04-01,Money Management,Connect,9064532.394,9064532.394,1397708.624,1397708.624,1399121.482,1399121.482
2026-04-13,2026-04-14,Money Management,Multicurrency Settlement,370323.5546,370323.5546,359793.2973,339150.6939,359793.2973,339150.6939
2026-03-16,2026-03-19,Money Management,Instant Payouts,350245.5929,411227.4482,290710.4347,282415.281,346494.9551,339932.5508
2025-02-03,2025-02-08,Money Management,Capital,110582.81,110582.81,104578.3209,104578.3209,104578.3209,104578.3209
2025-03-17,2025-03-22,Money Management,Multicurrency Settlement,-2.538623339,-2.538623339,0,0,0,0
2025-03-31,2025-04-06,Money Management,Capital,113874.99,113874.99,81494.86204,81494.86204,81494.86204,81494.86204
2025-03-31,2025-03-31,Money Management,Connect,-2978327.375,280715.5553,1014350.809,1014350.809,1015041.115,1015041.115
2025-07-21,2025-07-26,Money Management,Multicurrency Settlement,-113.1169449,-113.1169449,0,0,0,0
2025-06-09,2025-06-12,Money Management,Connect,1178382.737,1178382.737,1125690.473,1125690.473,1126994.776,1126994.776
2026-03-09,2026-03-15,Money Management,Instant Payouts,281335.4289,348725.1304,294846.134,286432.972,351424.2552,344768.4929
2026-03-02,2026-03-03,Money Management,Capital,410921.548,410921.548,368085.3964,366506.2855,368085.3964,366506.2855
2026-01-12,2026-01-17,Money Management,Connect,239047.279,239047.279,166373.4494,161325.5304,172974.07,161484.9573
2025-06-02,2025-06-04,Money Management,Multicurrency Settlement,339873.1955,339873.1955,356268.252,356268.252,356268.252,356268.252
2025-12-08,2025-12-09,Money Management,Multicurrency Settlement,448514.1209,448514.1209,373598.157,373598.157,373598.157,373598.157
2025-02-17,2025-02-23,Money Management,Connect,23692.90911,23692.90911,525750.1343,525750.1343,604928.419,604928.419
2026-03-16,2026-03-19,Money Management,Connect,1244716.545,1244716.545,1151730.817,1115453.334,1159424.987,1116552.532
2026-03-09,2026-03-15,Money Management,Connect,471840.9934,471840.9934,700510.837,678445.9854,705190.6193,679114.544
2025-08-11,2025-08-15,Money Management,Connect,614540.3771,614540.3771,603201.6736,603201.6736,604182.3929,604182.3929
2026-02-16,2026-02-18,Money Management,Connect,1268562.829,1268562.829,1603089.12,1276256.589,1585727.867,1464906.014
2025-05-12,2025-05-12,Money Management,Multicurrency Settlement,389075.6869,389075.6869,452159.0501,452159.0501,452159.0501,452159.0501
2025-06-09,2025-06-12,Money Management,Instant Payouts,305112.6591,365410.5973,307374.4433,307374.4433,326117.116,326117.116
2026-11-30,2026-12-03,Money Management,Connect,,,1909025.631,1871262.541,1919613.723,1873097.246
2026-10-19,2026-10-19,Money Management,Capital,,,371881.3836,362508.3006,371881.3836,362508.3006
2026-05-04,2026-05-08,Money Management,Instant Payouts,,,383118.5865,377105.9223,454924.9806,453051.7271
2026-05-11,2026-05-11,Money Management,Connect,,,1655234.021,1614812.229,1665563.993,1616390.233
2026-08-10,2026-08-16,Money Management,Multicurrency Settlement,,,126606.8028,117689.4966,126606.8028,117689.4966
2026-06-22,2026-06-27,Money Management,Multicurrency Settlement,,,0,0,0,0
2026-11-09,2026-11-13,Money Management,Instant Payouts,,,432912.2906,440027.3156,512132.6357,522605.9294
2026-11-09,2026-11-11,Money Management,Connect,,,1775494.98,1780570.7,1785732.688,1782315.768
2025-10-27,2025-10-30,Money Management,Instant Payouts,369771.944,428963.5664,274872.8827,274872.8827,329092.5963,329092.5963
2025-11-03,2025-11-06,Money Management,Multicurrency Settlement,471194.7814,471194.7814,426853.0987,426853.0987,426853.0987,426853.0987
2026-02-02,2026-02-08,Money Management,Capital,95464.65,95464.65,121095.3838,122067.8577,121095.3838,122067.8577
2025-07-21,2025-07-21,Money Management,Multicurrency Settlement,457836.741,457836.741,474244.1918,474244.1918,474244.1918,474244.1918
2025-02-10,2025-02-16,Money Management,Instant Payouts,39564.86394,109987.2371,248811.2777,248811.2777,304242.0577,304242.0577
2025-02-10,2025-02-11,Money Management,Connect,44563.29556,44563.29556,1004485.062,1004485.062,1155761.113,1155761.113
2025-05-26,2025-05-30,Money Management,Capital,629729.14,629729.14,283695.2256,283695.2256,283695.2256,283695.2256
2025-06-02,2025-06-06,Money Management,Multicurrency Settlement,244940.1317,244940.1317,268923.3843,268923.3843,268923.3843,268923.3843
2026-01-19,2026-01-20,Money Management,Capital,275601.4505,275601.4505,355379.8484,364409.6622,355379.8484,364409.6622
2025-08-04,2025-08-05,Money Management,Capital,253125.38,253125.38,231537.5061,231537.5061,231537.5061,231537.5061
2026-01-19,2026-01-25,Money Management,Connect,347684.1708,347684.1708,862958.7204,836775.7823,897195.3318,837602.7102
2025-07-14,2025-07-16,Money Management,Multicurrency Settlement,292788.5028,292788.5028,287559.6837,287559.6837,287559.6837,287559.6837
2025-12-08,2025-12-10,Money Management,Connect,1652080.011,1652080.011,1511314.094,1511314.094,1513603.994,1513603.994
2026-12-07,2026-12-12,Money Management,Multicurrency Settlement,,,0,0,0,0
2026-07-20,2026-07-24,Money Management,Instant Payouts,,,396791.0802,394989.6007,470033.2754,472623.5071
2026-09-14,2026-09-17,Money Management,Multicurrency Settlement,,,435066.9454,401698.6203,435066.9454,401698.6203
2026-10-19,2026-10-20,Money Management,Multicurrency Settlement,,,418444.4319,384570.9861,418444.4319,384570.9861
2026-10-26,2026-10-27,Money Management,Capital,,,396950.6026,386945.6625,396950.6026,386945.6625
2026-10-19,2026-10-23,Money Management,Capital,,,438748.9496,427690.5033,438748.9496,427690.5033
2026-05-11,2026-05-14,Money Management,Multicurrency Settlement,,,395945.5794,367518.595,395945.5794,367518.595
2026-08-17,2026-08-17,Money Management,Multicurrency Settlement,,,645756.7263,600274.0954,645756.7263,600274.0954
2026-08-24,2026-08-27,Money Management,Connect,,,1364418.633,1343452.676,1372614.309,1344767.264
2026-08-03,2026-08-04,Money Management,Connect,,,2142179.099,2109261.905,2155046.562,2111325.847
2026-06-01,2026-06-04,Money Management,Multicurrency Settlement,,,459936.5332,427202.5086,459936.5332,427202.5086
2026-06-15,2026-06-17,Money Management,Multicurrency Settlement,,,370937.7948,344537.8765,370937.7948,344537.8765
2026-04-27,2026-04-27,Money Management,Instant Payouts,419067.447,499266.4,415680.8372,404684.1858,494719.7031,486168.8054
2026-04-06,2026-04-10,Money Management,Instant Payouts,404496.4908,470050.7231,377432.6183,367447.8065,449198.8473,441434.747
2025-06-23,2025-06-26,Money Management,Instant Payouts,314948.7426,375341.7793,307374.4433,307374.4433,326117.116,326117.116
2025-02-10,2025-02-10,Money Management,Capital,336896.53,336896.53,271842.8998,271842.8998,271842.8998,271842.8998
2025-12-08,2025-12-14,Money Management,Multicurrency Settlement,48224.74785,48224.74785,124229.2331,124229.2331,124229.2331,124229.2331
2025-07-14,2025-07-20,Money Management,Instant Payouts,236709.9668,302131.6788,227391.7913,227391.7913,317101.8294,317101.8294
2025-07-14,2025-07-18,Money Management,Connect,534155.628,534155.628,602630.7081,602630.7081,603332.4006,603332.4006
2025-04-07,2025-04-12,Money Management,Capital,100203.49,100203.49,99294.10324,99294.10324,99294.10324,99294.10324
2025-06-02,2025-06-07,Money Management,Connect,101074.9973,101074.9973,170912.4237,170912.4237,171110.4547,171110.4547
2026-01-12,2026-01-16,Money Management,Capital,484737.5764,484737.5764,392800.8528,402781.4934,392800.8528,402781.4934
2025-01-13,2025-01-14,Money Management,Capital,300556.36,300556.36,268065.3611,268065.3611,268065.3611,268065.3611
2025-08-18,2025-08-24,Money Management,Connect,720004.5408,720004.5408,644491.9563,644491.9563,645539.8077,645539.8077
2025-12-15,2025-12-18,Money Management,Instant Payouts,354798.1994,416485.7281,277954.4676,277954.4676,330294.9909,330294.9909
2026-11-23,2026-11-28,Money Management,Multicurrency Settlement,,,0,0,0,0
2026-09-14,2026-09-20,Money Management,Connect,,,894999.9271,880393.8532,900032.112,881256.8241
2026-09-28,2026-10-03,Money Management,Multicurrency Settlement,,,0,0,0,0
2026-10-05,2026-10-08,Money Management,Instant Payouts,,,331888.453,335661.548,392391.528,399298.8869
2026-04-27,2026-04-30,Money Management,Connect,,,1309363.622,1163557.59,1317658.908,1164690.869
2026-06-22,2026-06-24,Money Management,Capital,,,412882.3051,419352.1261,412882.3051,419352.1261
2026-11-23,2026-11-28,Money Management,Capital,,,155602.3103,151182.0822,155602.3103,151182.0822
2026-11-16,2026-11-16,Money Management,Multicurrency Settlement,,,693913.5592,661731.985,693913.5592,661731.985
2026-11-16,2026-11-20,Money Management,Multicurrency Settlement,,,317601.6839,302872.2957,317601.6839,302872.2957
2026-07-20,2026-07-23,Money Management,Instant Payouts,,,316574.2884,315137.0029,375009.5633,377076.1439
2026-12-21,2026-12-21,Money Management,Capital,,,440044.0532,411820.9614,440044.0532,411820.9614
2026-09-28,2026-10-02,Money Management,Instant Payouts,,,688033.204,695855.1534,813461.2633,827780.8102
2026-06-08,2026-06-08,Money Management,Connect,,,1686667.968,1652081.744,1696954.198,1653697.413
2026-09-07,2026-09-12,Money Management,Capital,,,151148.1784,152150.2832,151148.1784,152150.2832
2026-06-08,2026-06-10,Money Management,Capital,,,412882.3051,419352.1261,412882.3051,419352.1261
2026-08-17,2026-08-22,Money Management,Instant Payouts,,,310891.0054,312691.194,368191.1917,373785.459
2026-07-13,2026-07-19,Money Management,Multicurrency Settlement,,,126098.9069,116221.6009,126098.9069,116221.6009
2025-07-07,2025-07-07,Money Management,Connect,1528107.337,1528107.337,1816492.922,1816492.922,1818608.014,1818608.014
2025-12-29,2026-01-03,Money Management,Capital,133332.48,133332.48,124687.8842,127856.0671,124687.8842,127856.0671
2026-11-30,2026-12-04,Money Management,Connect,,,1086727.52,1065230.591,1092754.873,1066275.011
2026-09-28,2026-10-01,Money Management,Capital,,,232943.0954,227071.882,232943.0954,227071.882
2026-12-14,2026-12-16,Money Management,Capital,,,496769.6635,464908.363,496769.6635,464908.363
2026-12-14,2026-12-14,Money Management,Capital,,,440044.0532,411820.9614,440044.0532,411820.9614
2026-05-04,2026-05-06,Money Management,Connect,,,2136330.146,2084159.702,2149662.539,2086196.356
2026-08-10,2026-08-11,Money Management,Connect,,,1585534.158,1561170.492,1595058.012,1562698.119
2026-08-24,2026-08-26,Money Management,Connect,,,1655341.536,1629905.195,1665284.704,1631500.08
2026-08-03,2026-08-07,Money Management,Connect,,,1049389.518,1033264.368,1055692.903,1034275.431
2026-08-24,2026-08-28,Money Management,Connect,,,776705.7958,764770.7641,781371.2474,765519.1029
2026-11-09,2026-11-12,Money Management,Instant Payouts,,,345393.0979,351069.7224,408597.9572,416953.9301
2026-07-06,2026-07-08,Money Management,Multicurrency Settlement,,,389986.1608,359438.6111,389986.1608,359438.6111
2026-09-28,2026-10-03,Money Management,Connect,,,230980.4103,232525.978,232265.1494,232754.0979
2025-09-01,2025-09-05,Money Management,Capital,640778.1,640778.1,298638.3196,298638.3196,298638.3196,298638.3196
2025-04-28,2025-05-03,Money Management,Multicurrency Settlement,0.4478791519,0.4478791519,0,0,0,0
2025-03-24,2025-03-28,Money Management,Multicurrency Settlement,186110.7738,186110.7738,209021.4846,209021.4846,209021.4846,209021.4846
2025-08-11,2025-08-11,Money Management,Multicurrency Settlement,479268.3156,479268.3156,475561.1071,475561.1071,475561.1071,475561.1071
2025-11-24,2025-11-26,Money Management,Multicurrency Settlement,349511.9769,349511.9769,344256.0786,344256.0786,344256.0786,344256.0786
2026-02-02,2026-02-07,Money Management,Connect,126888.1929,126888.1929,183173.9866,145829.0773,181190.2354,167384.7518
2026-12-21,2026-12-23,Money Management,Multicurrency Settlement,,,452275.2786,407405.9262,452275.2786,407405.9262
2026-06-29,2026-07-03,Money Management,Connect,,,1047990.184,1023084.322,1054004.001,1024086.428
2026-10-19,2026-10-19,Money Management,Multicurrency Settlement,,,709690.1333,652240.091,709690.1333,652240.091
2026-07-20,2026-07-25,Money Management,Capital,,,134033.4947,138434.1382,134033.4947,138434.1382
2026-10-19,2026-10-23,Money Management,Instant Payouts,,,415985.7015,420714.8615,491819.6569,500477.2721
2026-10-26,2026-10-30,Money Management,Instant Payouts,,,415985.7015,420714.8615,491819.6569,500477.2721
2026-07-20,2026-07-23,Money Management,Multicurrency Settlement,,,401871.3899,370392.8722,401871.3899,370392.8722
2025-09-29,2025-09-29,Money Management,Capital,291287.8543,291287.8543,271317.2908,271317.2908,271317.2908,271317.2908
2026-02-23,2026-03-01,Money Management,Multicurrency Settlement,65370.64211,65370.64211,144234.9859,131907.9472,144234.9859,131907.9472
2026-03-30,2026-03-31,Money Management,Instant Payouts,-179939.6038,509974.9406,-314564.7535,-305588.9389,-374926.687,-367825.803
2025-11-17,2025-11-20,Money Management,Multicurrency Settlement,428425.6211,428425.6211,354747.636,354747.636,354747.636,354747.636
2025-12-08,2025-12-09,Money Management,Capital,328182.9161,328182.9161,355373.9825,355373.9825,355373.9825,355373.9825
2025-03-31,2025-04-05,Money Management,Connect,26606.71276,26606.71276,141041.3836,141041.3836,141183.9536,141183.9536
2025-12-29,2026-01-01,Money Management,Instant Payouts,805361.3282,427147.4254,455702.5436,457987.6607,543161.3954,555189.5769
2025-03-10,2025-03-13,Money Management,Capital,445189.85,445189.85,369411.8866,369411.8866,369411.8866,369411.8866
2026-02-23,2026-02-25,Money Management,Capital,446920.6085,446920.6085,403935.912,407179.7773,403935.912,407179.7773
2026-03-23,2026-03-28,Money Management,Multicurrency Settlement,10655.24068,10655.24068,0,0,0,0
2025-02-24,2025-03-01,Money Management,Instant Payouts,6758051.057,6351276.963,389661.9085,389661.9085,471913.3398,471913.3398
2025-06-16,2025-06-21,Money Management,Instant Payouts,629625.3533,689371.7914,296627.1392,296627.1392,314714.4771,314714.4771
2026-04-06,2026-04-06,Money Management,Instant Payouts,394972.4604,468083.2964,658881.9238,641451.496,784163.8118,770610.0671
2025-03-31,2025-04-02,Money Management,Multicurrency Settlement,287333.5028,287333.5028,332764.3908,332764.3908,332764.3908,332764.3908
2026-04-06,2026-04-09,Money Management,Instant Payouts,386032.4498,446554.3946,301129.4071,293163.1627,358387.1027,352192.6224
2025-02-03,2025-02-09,Money Management,Instant Payouts,23154.46956,100731.6924,248811.2777,248811.2777,304242.0577,304242.0577
2025-09-29,2025-10-05,Money Management,Instant Payouts,274248.0373,343583.8183,461102.7464,461102.7464,552057.0036,552057.0036
2025-06-23,2025-06-28,Money Management,Instant Payouts,277032.0208,336479.9419,296627.1392,296627.1392,314714.4771,314714.4771
2025-11-10,2025-11-14,Money Management,Capital,334153.4598,334153.4598,326146.071,326146.071,326146.071,326146.071
2025-09-08,2025-09-13,Money Management,Capital,99493.14,99493.14,104376.1181,104376.1181,104376.1181,104376.1181
2025-03-03,2025-03-06,Money Management,Multicurrency Settlement,327221.5903,327221.5903,358277.6442,358277.6442,358277.6442,358277.6442
2025-06-16,2025-06-17,Money Management,Instant Payouts,319268.3629,376776.6454,372309.0386,372309.0386,395011.2073,395011.2073
2025-09-22,2025-09-23,Money Management,Multicurrency Settlement,307493.4828,307493.4828,314598.2089,314598.2089,314598.2089,314598.2089
2025-06-30,2025-07-04,Money Management,Instant Payouts,292993.5169,353991.8343,464790.4752,464790.4752,648158.4455,648158.4455
2025-09-29,2025-09-29,Money Management,Multicurrency Settlement,508035.1955,508035.1955,533564.8599,533564.8599,533564.8599,533564.8599
2026-01-12,2026-01-15,Money Management,Multicurrency Settlement,428384.1039,428384.1039,371811.0902,354977.2268,371811.0902,354977.2268
2025-02-10,2025-02-16,Money Management,Capital,94676.89,94676.89,92000.88944,92000.88944,92000.88944,92000.88944
2025-06-23,2025-06-25,Money Management,Capital,511022.99,511022.99,318982.7751,318982.7751,318982.7751,318982.7751
2025-10-06,2025-10-08,Money Management,Multicurrency Settlement,468112.2353,468112.2353,326540.6366,326540.6366,326540.6366,326540.6366
2025-08-18,2025-08-19,Money Management,Capital,215371.6,215371.6,237838.16,237838.16,237838.16,237838.16
2025-08-11,2025-08-17,Money Management,Multicurrency Settlement,109149.0893,109149.0893,93238.31847,93238.31847,93238.31847,93238.31847
2025-08-18,2025-08-23,Money Management,Connect,97797.84897,97797.84897,124254.3213,124254.3213,124456.341,124456.341
2026-12-07,2026-12-07,Money Management,Multicurrency Settlement,,,936524.638,843613.8466,936524.638,843613.8466
2026-07-06,2026-07-12,Money Management,Instant Payouts,,,321077.9322,319620.1996,380344.518,382440.4982
2026-07-20,2026-07-23,Money Management,Connect,,,1362599.215,1330216.558,1370418.395,1331519.498
2026-04-27,2026-05-01,Money Management,Instant Payouts,,,633671.5591,623726.7157,752438.1011,749339.7721
2026-05-11,2026-05-16,Money Management,Instant Payouts,,,294978.3138,290348.9233,350264.9269,348822.6342
2026-12-07,2026-12-13,Money Management,Instant Payouts,,,344467.7447,351737.8019,407652.6985,418286.0121
2026-08-17,2026-08-22,Money Management,Connect,,,159994.6692,157536.156,160955.7118,157690.3073
2026-06-08,2026-06-14,Money Management,Capital,,,123777.4105,125716.9891,123777.4105,125716.9891
2026-08-10,2026-08-13,Money Management,Instant Payouts,,,322155.1126,324020.525,381531.3816,387328.3386
2026-11-09,2026-11-11,Money Management,Capital,,,456616.1641,443644.9709,456616.1641,443644.9709
2025-04-21,2025-04-25,Money Management,Capital,344320.08,344320.08,304516.9273,304516.9273,304516.9273,304516.9273
2026-03-23,2026-03-26,Money Management,Capital,462963.4231,462963.4231,518403.5454,516179.5596,518403.5454,516179.5596
2025-09-08,2025-09-14,Money Management,Multicurrency Settlement,76335.26688,76335.26688,104610.5111,104610.5111,104610.5111,104610.5111
2025-01-13,2025-01-16,Money Management,Capital,423013.5,423013.5,367536.0055,367536.0055,367536.0055,367536.0055
2026-02-09,2026-02-12,Money Management,Instant Payouts,354170.4379,415398.9365,389629.0134,290616.5947,349072.3218,350838.2373
2026-04-06,2026-04-12,Money Management,Multicurrency Settlement,79114.54018,79114.54018,119638.8276,112774.7284,119638.8276,112774.7284
2025-04-21,2025-04-25,Money Management,Instant Payouts,347394.2935,412518.7604,307724.6542,307724.6542,375772.7085,375772.7085
2025-03-24,2025-03-26,Money Management,Capital,224570.21,224570.21,284956.4925,284956.4925,284956.4925,284956.4925
2025-11-10,2025-11-16,Money Management,Instant Payouts,263186.4091,326179.5679,294380.7472,294380.7472,345208.7242,345208.7242
2025-02-10,2025-02-15,Money Management,Instant Payouts,53889.83899,125932.7365,236743.6678,236743.6678,289485.9963,289485.9963
2025-08-18,2025-08-20,Money Management,Connect,1207891.211,1207891.211,1285563.706,1285563.706,1287653.848,1287653.848
2025-02-17,2025-02-19,Money Management,Instant Payouts,-45050.59515,19234.38528,292378.3418,292378.3418,357515.098,357515.098
2025-09-01,2025-09-02,Money Management,Instant Payouts,485294.4951,550152.6318,496005.0216,496005.0216,644979.1206,644979.1206
2025-10-20,2025-10-23,Money Management,Capital,417204.2393,417204.2393,378816.869,378816.869,378816.869,378816.869
2026-03-16,2026-03-16,Money Management,Multicurrency Settlement,692677.7121,692677.7121,585922.5048,535846.6559,585922.5048,535846.6559
2025-03-17,2025-03-17,Money Management,Instant Payouts,119472.0522,205711.5711,336992.8346,336992.8346,408126.6621,408126.6621
2025-08-25,2025-08-28,Money Management,Connect,1244693.042,1244693.042,1059628.503,1059628.503,1061351.307,1061351.307
2026-03-09,2026-03-13,Money Management,Capital,360498.1501,360498.1501,417915.4187,416122.5337,417915.4187,416122.5337
2025-01-20,2025-01-24,Money Management,Capital,496865.19,496865.19,296292.2712,296292.2712,296292.2712,296292.2712
2025-01-06,2025-01-11,Money Management,Instant Payouts,41943.5318,109473.2639,224996.4281,224996.4281,277822.6101,277822.6101
2025-07-07,2025-07-12,Money Management,Instant Payouts,256546.4933,317256.3744,216363.0486,216363.0486,301722.0548,301722.0548
2026-09-28,2026-09-29,Money Management,Multicurrency Settlement,,,410545.4508,379057.8505,410545.4508,379057.8505
2026-07-13,2026-07-18,Money Management,Connect,,,159781.321,155984.0608,160698.2148,156136.8463
2026-07-06,2026-07-08,Money Management,Capital,,,393322.311,406236.0327,393322.311,406236.0327
2026-05-18,2026-05-19,Money Management,Instant Payouts,,,370239.5304,364428.9901,439632.0542,437821.7727
2026-10-12,2026-10-16,Money Management,Instant Payouts,,,415985.7015,420714.8615,491819.6569,500477.2721
2026-05-11,2026-05-16,Money Management,Multicurrency Settlement,,,0,0,0,0
2026-09-07,2026-09-08,Money Management,Capital,,,419383.4378,422163.9287,419383.4378,422163.9287
2026-08-31,2026-08-31,Money Management,Instant Payouts,,,-344942.5736,-346939.9349,-408518.7896,-414725.7911
2026-08-31,2026-09-05,Money Management,Instant Payouts,,,501639.9323,508852.5684,594244.5942,606678.576
2025-01-06,2025-01-08,Money Management,Capital,324040.43,324040.43,283509.4779,283509.4779,283509.4779,283509.4779
2025-12-15,2025-12-20,Money Management,Multicurrency Settlement,1147.94422,1147.94422,0,0,0,0
2025-11-24,2025-11-30,Money Management,Multicurrency Settlement,65045.27141,65045.27141,111312.4506,111312.4506,111312.4506,111312.4506
2026-01-26,2026-01-28,Money Management,Connect,1672932.43,1672932.43,1721337.864,1669110.936,1789629.399,1670760.404
2025-01-06,2025-01-08,Money Management,Multicurrency Settlement,340882.9041,340882.9041,253980.7251,253980.7251,253980.7251,253980.7251
2025-01-06,2025-01-12,Money Management,Connect,22361.98779,22361.98779,794997.2166,794997.2166,795709.2926,795709.2926
2025-03-10,2025-03-16,Money Management,Multicurrency Settlement,120399.9722,120399.9722,89536.80849,89536.80849,89536.80849,89536.80849
2025-03-03,2025-03-06,Money Management,Capital,655297.34,655297.34,359625.6675,359625.6675,359625.6675,359625.6675
2026-02-02,2026-02-05,Money Management,Connect,1644093.099,1644093.099,1562089.543,1243615.87,1545172.31,1427440.519
2026-12-14,2026-12-19,Money Management,Capital,,,169285.5258,158428.0652,169285.5258,158428.0652
2026-12-07,2026-12-11,Money Management,Capital,,,519167.869,485870.0155,519167.869,485870.0155
2026-10-05,2026-10-09,Money Management,Instant Payouts,,,415985.7015,420714.8615,491819.6569,500477.2721
2026-12-21,2026-12-25,Money Management,Instant Payouts,,,425696.4261,434680.8301,503780.9767,516921.724
2026-06-08,2026-06-08,Money Management,Multicurrency Settlement,,,611751.5936,568212.7783,611751.5936,568212.7783
2026-11-09,2026-11-09,Money Management,Instant Payouts,,,476782.702,484618.7485,564031.0684,575565.7035
2026-09-07,2026-09-11,Money Management,Instant Payouts,,,411043.3681,416953.3964,486923.5556,497111.9505
2026-02-02,2026-02-04,Money Management,Instant Payouts,436102.3988,493393.2507,672047.9978,501267.3437,602094.1636,605140.0866
2026-01-26,2026-01-29,Money Management,Instant Payouts,362266.3905,420165.9762,275518.3062,276899.8908,328396.0332,335668.2862
2025-04-28,2025-04-29,Money Management,Connect,1319523.344,1319523.344,1079493.112,1079493.112,1080584.305,1080584.305
2025-07-28,2025-07-30,Money Management,Multicurrency Settlement,335657.0044,335657.0044,287559.6837,287559.6837,287559.6837,287559.6837
2025-11-03,2025-11-04,Money Management,Instant Payouts,418795.0997,476389.4637,557260.1633,557260.1633,653477.0763,653477.0763
2025-03-31,2025-04-05,Money Management,Capital,95440.08,95440.08,92636.01565,92636.01565,92636.01565,92636.01565
2025-10-13,2025-10-19,Money Management,Connect,514906.9592,514906.9592,681339.0703,681339.0703,682625.864,682625.864
2025-12-08,2025-12-11,Money Management,Connect,1271578.699,1271578.699,1245703.724,1245703.724,1247591.178,1247591.178
2025-07-28,2025-08-02,Money Management,Connect,156489.1295,156489.1295,167877.1866,167877.1866,168150.1308,168150.1308
2025-08-18,2025-08-19,Money Management,Multicurrency Settlement,232432.9839,232432.9839,280398.2862,280398.2862,280398.2862,280398.2862
2026-01-12,2026-01-17,Money Management,Multicurrency Settlement,838.0790795,838.0790795,0,0,0,0
2025-10-13,2025-10-14,Money Management,Instant Payouts,402509.7483,465454.2577,332941.34,332941.34,398615.276,398615.276
2025-02-03,2025-02-06,Money Management,Connect,76196.48298,76196.48298,1021889.061,1021889.061,1175786.164,1175786.164
2025-07-14,2025-07-19,Money Management,Capital,99271.99,99271.99,92775.7783,92775.7783,92775.7783,92775.7783
2025-11-17,2025-11-23,Money Management,Multicurrency Settlement,48486.38409,48486.38409,111312.4506,111312.4506,111312.4506,111312.4506
2025-03-31,2025-04-05,Money Management,Multicurrency Settlement,-479.4817838,-479.4817838,0,0,0,0
2026-02-23,2026-02-24,Money Management,Instant Payouts,354036.6985,406493.9751,471940.3545,352011.0002,422815.8316,424954.8068
2024-12-30,2025-01-03,Money Management,Instant Payouts,145520.5372,222913.1535,483336.6744,483336.6744,596817.7252,596817.7252
2025-07-14,2025-07-19,Money Management,Multicurrency Settlement,-5.811481724,-5.811481724,0,0,0,0
2025-04-28,2025-05-02,Money Management,Instant Payouts,445530.4474,513998.6181,511019.409,511019.409,613620.3715,613620.3715
2025-09-15,2025-09-15,Money Management,Connect,1264721.568,1264721.568,1474702.374,1474702.374,1476888.775,1476888.775
2026-02-09,2026-02-12,Money Management,Capital,583657.1041,583657.1041,523654.4211,527859.703,523654.4211,527859.703
2025-10-06,2025-10-12,Money Management,Instant Payouts,247384.1215,313023.3242,278783.2746,278783.2746,333774.3278,333774.3278
2026-07-13,2026-07-19,Money Management,Instant Payouts,,,321077.9322,319620.1996,380344.518,382440.4982
2026-09-07,2026-09-13,Money Management,Connect,,,894999.9271,880393.8532,900032.112,881256.8241
2026-09-28,2026-10-04,Money Management,Multicurrency Settlement,,,174702.5347,160560.2104,174702.5347,160560.2104
2026-07-20,2026-07-24,Money Management,Capital,,,411056.3136,424552.2854,411056.3136,424552.2854
2026-04-27,2026-05-01,Money Management,Capital,,,207698.7463,210231.0523,207698.7463,210231.0523
2026-10-26,2026-10-27,Money Management,Instant Payouts,,,402001.7726,406571.9554,475286.4657,483653.0433
2026-08-31,2026-09-01,Money Management,Capital,,,233365.4432,234912.6443,233365.4432,234912.6443
2026-09-21,2026-09-21,Money Management,Capital,,,392897.4841,395502.3744,392897.4841,395502.3744
2026-11-02,2026-11-06,Money Management,Instant Payouts,,,686194.9281,697472.7185,811764.4723,828365.3431
2026-11-16,2026-11-20,Money Management,Instant Payouts,,,432912.2906,440027.3156,512132.6357,522605.9294
2026-11-02,2026-11-02,Money Management,Instant Payouts,,,755732.4636,768153.1212,894026.9585,912310.1263
2026-07-06,2026-07-06,Money Management,Multicurrency Settlement,,,807542.8061,744288.1154,807542.8061,744288.1154
2026-08-31,2026-09-01,Money Management,Instant Payouts,,,629629.1081,638681.9871,745861.0644,761467.4712
2026-09-14,2026-09-16,Money Management,Instant Payouts,,,390851.1011,396470.8028,463003.7185,472691.6144
2026-10-26,2026-11-01,Money Management,Connect,,,1152497.833,1155792.552,1159143.268,1156925.299
2025-09-08,2025-09-08,Money Management,Instant Payouts,321827.6879,403471.6554,356623.1207,356623.1207,463734.1494,463734.1494
2025-11-17,2025-11-22,Money Management,Instant Payouts,281619.798,341106.8225,280102.9697,280102.9697,328465.736,328465.736
2025-01-13,2025-01-17,Money Management,Multicurrency Settlement,166154.3308,166154.3308,191713.2826,191713.2826,191713.2826,191713.2826
2025-02-10,2025-02-12,Money Management,Multicurrency Settlement,266667.8539,266667.8539,274206.2279,274206.2279,274206.2279,274206.2279
2026-02-23,2026-02-28,Money Management,Connect,786754.5068,1784675.106,1279749.67,1018838.521,1265890.143,1169437.784
2025-12-15,2025-12-19,Money Management,Multicurrency Settlement,264633.7518,264633.7518,290010.0987,290010.0987,290010.0987,290010.0987
2025-06-09,2025-06-12,Money Management,Multicurrency Settlement,301235.9821,301235.9821,305109.7516,305109.7516,305109.7516,305109.7516
2026-01-26,2026-01-30,Money Management,Multicurrency Settlement,287728.6189,287728.6189,272355.3377,260024.3646,272355.3377,260024.3646
2025-11-24,2025-11-28,Money Management,Instant Payouts,334764.6605,380974.0787,363798.4509,363798.4509,426612.1351,426612.1351
2025-12-01,2025-12-05,Money Management,Instant Payouts,389299.6171,457035.3665,576223.4321,576223.4321,684729.8225,684729.8225
2025-07-28,2025-08-03,Money Management,Capital,9928.6,9928.6,73411.37458,73411.37458,73411.37458,73411.37458
2025-11-17,2025-11-19,Money Management,Instant Payouts,339958.6933,396584.2611,345927.0636,345927.0636,405655.062,405655.062
2025-02-03,2025-02-05,Money Management,Multicurrency Settlement,359033.7077,359033.7077,301250.4477,301250.4477,301250.4477,301250.4477
2025-09-08,2025-09-14,Money Management,Connect,875704.0795,875704.0795,706247.7375,706247.7375,707294.8241,707294.8241
2025-08-25,2025-08-30,Money Management,Instant Payouts,299646.7118,362355.0008,256665.5058,256665.5058,311067.5415,311067.5415
2025-03-03,2025-03-09,Money Management,Capital,85073.57,85073.57,85426.70957,85426.70957,85426.70957,85426.70957
2025-07-21,2025-07-23,Money Management,Connect,1153391.113,1153391.113,1284346.849,1284346.849,1285842.32,1285842.32
2026-04-20,2026-04-22,Money Management,Connect,1604780.908,1604780.908,1517481.948,1348500.607,1527095.738,1349814.016
2024-12-30,2025-01-04,Money Management,Capital,126656.6,126656.6,94052.89273,94052.89273,94052.89273,94052.89273
2025-02-17,2025-02-23,Money Management,Instant Payouts,24266.26317,94735.00814,248811.2777,248811.2777,304242.0577,304242.0577
2026-02-23,2026-03-01,Money Management,Connect,666660.786,666660.786,946444.2419,916632.9233,952766.9892,917536.1977
2025-01-20,2025-01-25,Money Management,Instant Payouts,42413.34443,110535.5837,224996.4281,224996.4281,277822.6101,277822.6101
2026-02-23,2026-03-01,Money Management,Instant Payouts,803292.5683,436135.3678,487670.4404,473755.2149,581249.6808,570241.1644
2025-12-15,2025-12-17,Money Management,Connect,1594756.96,1594756.96,1511314.094,1511314.094,1513603.994,1513603.994
2025-10-06,2025-10-09,Money Management,Capital,309821.5702,309821.5702,378816.869,378816.869,378816.869,378816.869
2025-04-21,2025-04-22,Money Management,Instant Payouts,307397.155,365827.2772,297380.068,297380.068,363140.5937,363140.5937
2025-12-01,2025-12-04,Money Management,Multicurrency Settlement,599666.0538,599666.0538,497097.8712,497097.8712,497097.8712,497097.8712
2025-04-14,2025-04-20,Money Management,Capital,65508.69,65508.69,87352.19444,87352.19444,87352.19444,87352.19444
2025-08-25,2025-08-31,Money Management,Multicurrency Settlement,-6208.559207,-6208.559207,93238.31847,93238.31847,93238.31847,93238.31847
2026-12-21,2026-12-27,Money Management,Multicurrency Settlement,,,146239.5954,131731.4491,146239.5954,131731.4491
2026-09-07,2026-09-11,Money Management,Connect,,,837660.4978,823990.1826,842370.2887,824797.866
2026-07-13,2026-07-15,Money Management,Capital,,,393322.311,406236.0327,393322.311,406236.0327
2026-07-27,2026-07-27,Money Management,Capital,,,348409.2458,359848.363,348409.2458,359848.363
2026-07-20,2026-07-23,Money Management,Capital,,,509895.1618,526636.2517,509895.1618,526636.2517
2026-05-11,2026-05-15,Money Management,Instant Payouts,,,383118.5865,377105.9223,454924.9806,453051.7271
2026-09-07,2026-09-10,Money Management,Capital,,,575003.4714,578815.7152,575003.4714,578815.7152
2026-05-11,2026-05-15,Money Management,Connect,,,741920.0863,723801.9598,746550.2556,724509.2634
2026-06-15,2026-06-16,Money Management,Capital,,,390390.6323,396508.0113,390390.6323,396508.0113
2026-08-03,2026-08-09,Money Management,Instant Payouts,,,326738.1505,328630.1006,386959.1172,392838.5428
2026-09-21,2026-09-26,Money Management,Instant Payouts,,,316478.7189,321029.0859,374901.9082,382746.3607
2026-01-26,2026-02-01,Money Management,Multicurrency Settlement,55527.16522,55527.16522,123339.5746,125144.7674,123339.5746,125144.7674
2026-01-12,2026-01-12,Money Management,Multicurrency Settlement,733883.1744,733883.1744,595056.8642,568115.4785,595056.8642,568115.4785
2025-01-13,2025-01-16,Money Management,Connect,43111.92144,43111.92144,1307078.702,1307078.702,1308249.447,1308249.447
2025-05-26,2025-06-01,Money Management,Instant Payouts,764601.0483,410103.3568,494140.1712,494140.1712,524271.1978,524271.1978
2025-05-26,2025-06-01,Money Management,Connect,1263400.438,1263400.438,886501.8147,886501.8147,887528.9773,887528.9773
2025-11-10,2025-11-14,Money Management,Connect,1082431.372,1082431.372,715516.984,715516.984,717180.3396,717180.3396
2026-12-07,2026-12-11,Money Management,Connect,,,804341.522,788430.5667,808802.668,789203.5943
2026-05-25,2026-05-26,Money Management,Instant Payouts,,,370239.5304,364428.9901,439632.0542,437821.7727
2026-10-05,2026-10-11,Money Management,Instant Payouts,,,336609.9585,340436.7303,397973.7614,404979.3856
2026-08-31,2026-09-06,Money Management,Capital,,,124053.6905,124876.1601,124053.6905,124876.1601
2026-04-27,2026-05-03,Money Management,Connect,,,1071006.899,1044852.279,1077690.831,1045873.315
2026-08-17,2026-08-23,Money Management,Instant Payouts,,,326738.1505,328630.1006,386959.1172,392838.5428
2026-10-26,2026-10-26,Money Management,Connect,,,1851604.719,1863994.431,1861903.554,1865823.104
2026-11-02,2026-11-06,Money Management,Capital,,,445205.4087,432558.3633,445205.4087,432558.3633
2025-10-13,2025-10-14,Money Management,Multicurrency Settlement,616680.0395,616680.0395,317526.7248,317526.7248,317526.7248,317526.7248
2025-07-28,2025-07-31,Money Management,Instant Payouts,-1754464.577,433691.4726,-242650.8042,-242650.8042,-338380.7897,-338380.7897
2025-10-06,2025-10-09,Money Management,Multicurrency Settlement,377379.681,377379.681,336492.2981,336492.2981,336492.2981,336492.2981
2025-09-29,2025-10-01,Money Management,Connect,2188177.192,2188177.192,1836198.249,1836198.249,1839666.139,1839666.139
2026-03-09,2026-03-10,Money Management,Multicurrency Settlement,341309.3461,341309.3461,345469.0969,315943.5911,345469.0969,315943.5911
2025-11-03,2025-11-03,Money Management,Connect,2402591.804,2402591.804,2066897.742,2066897.742,2071702.64,2071702.64
2025-11-10,2025-11-12,Money Management,Multicurrency Settlement,467008.3483,467008.3483,344256.0786,344256.0786,344256.0786,344256.0786
2025-07-28,2025-08-01,Money Management,Multicurrency Settlement,373588.6845,373588.6845,273291.475,273291.475,273291.475,273291.475
2025-06-09,2025-06-11,Money Management,Capital,250810.27,250810.27,318982.7751,318982.7751,318982.7751,318982.7751
2026-03-30,2026-04-05,Money Management,Connect,493559.8183,493559.8183,985018.0833,875330.0065,991258.5247,876182.5579
2025-11-17,2025-11-22,Money Management,Capital,105524.98,105524.98,106346.7375,106346.7375,106346.7375,106346.7375
2026-01-12,2026-01-16,Money Management,Instant Payouts,389806.2031,455970.3512,345331.9176,347063.582,411608.3372,420723.3071
2025-11-24,2025-11-28,Money Management,Capital,441172.2255,441172.2255,326146.071,326146.071,326146.071,326146.071
2026-01-19,2026-01-20,Money Management,Multicurrency Settlement,707085.1927,707085.1927,350854.8588,334969.7953,350854.8588,334969.7953
2025-12-29,2025-12-31,Money Management,Instant Payouts,-564176.2358,474359.9737,-302254.704,-302254.704,-359171.1101,-359171.1101
2025-09-22,2025-09-26,Money Management,Instant Payouts,383741.1663,450758.0421,323809.0048,323809.0048,421064.3806,421064.3806
2025-10-27,2025-10-27,Money Management,Instant Payouts,382614.1014,461321.3841,379436.1749,379436.1749,454281.3926,454281.3926
2025-12-01,2025-12-07,Money Management,Connect,577398.8788,577398.8788,1023667.245,1023667.245,1025218.277,1025218.277
2025-08-04,2025-08-10,Money Management,Multicurrency Settlement,123243.6953,123243.6953,93238.31847,93238.31847,93238.31847,93238.31847
2025-10-27,2025-10-31,Money Management,Instant Payouts,-413400.2571,498047.2688,-295908.2482,-295908.2482,-354277.2671,-354277.2671
2025-11-17,2025-11-20,Money Management,Connect,1339514.812,1339514.812,1256929.854,1256929.854,1259851.828,1259851.828
2026-03-16,2026-03-16,Money Management,Capital,486625.1158,486625.1158,354222.9889,352703.3486,354222.9889,352703.3486
2025-12-29,2025-12-30,Money Management,Instant Payouts,395732.9962,452757.8901,336673.9269,336673.9269,400071.6829,400071.6829
2025-09-15,2025-09-19,Money Management,Instant Payouts,373471.2712,441300.9761,323809.0048,323809.0048,421064.3806,421064.3806
2025-12-22,2025-12-24,Money Management,Instant Payouts,315801.1208,384081.2775,331271.15,331271.15,393651.5301,393651.5301
2025-05-12,2025-05-13,Money Management,Connect,1158912.777,1158912.777,1171207.834,1171207.834,1172128.005,1172128.005
2025-03-03,2025-03-08,Money Management,Instant Payouts,58422.56291,124152.2346,235590.0588,235590.0588,285319.3732,285319.3732
2025-04-07,2025-04-09,Money Management,Connect,1140466.158,1140466.158,1127020.682,1127020.682,1128159.917,1128159.917
2025-06-30,2025-07-05,Money Management,Capital,82855.69,82855.69,90318.02275,90318.02275,90318.02275,90318.02275
2025-10-20,2025-10-26,Money Management,Capital,103258.4,103258.4,87601.61687,87601.61687,87601.61687,87601.61687
2026-03-16,2026-03-21,Money Management,Capital,99972.71,99972.71,136270.0498,135685.4422,136270.0498,135685.4422
2025-02-17,2025-02-17,Money Management,Multicurrency Settlement,298293.1453,298293.1453,452221.6369,452221.6369,452221.6369,452221.6369
2025-05-26,2025-05-31,Money Management,Multicurrency Settlement,-3881.642686,-3881.642686,0,0,0,0
2026-07-06,2026-07-08,Money Management,Instant Payouts,,,377298.9489,375585.9661,446943.1638,449406.1519
2026-10-05,2026-10-10,Money Management,Multicurrency Settlement,,,0,0,0,0
2026-07-20,2026-07-21,Money Management,Capital,,,371896.1642,384106.4137,371896.1642,384106.4137
2026-05-25,2026-05-30,Money Management,Multicurrency Settlement,,,0,0,0,0
2026-07-27,2026-08-01,Money Management,Multicurrency Settlement,,,0,0,0,0
2026-06-08,2026-06-11,Money Management,Multicurrency Settlement,,,382242.5051,355038.0221,382242.5051,355038.0221
2026-06-22,2026-06-22,Money Management,Capital,,,365735.7048,371466.7437,365735.7048,371466.7437
2026-08-03,2026-08-07,Money Management,Instant Payouts,,,667855.1566,671722.3164,790947.2506,802964.8393
2026-03-30,2026-04-04,Money Management,Connect,343519.0653,343519.0653,189905.7889,168758.5622,191108.9099,168922.9291
2025-11-17,2025-11-18,Money Management,Connect,1365487.382,1365487.382,1460625.913,1460625.913,1464021.416,1464021.416
2026-04-27,2026-04-29,Money Management,Instant Payouts,430299.9268,486782.2135,358891.4601,349397.1464,427132.2147,419749.5214
2025-06-30,2025-07-03,Money Management,Connect,1041283.253,1041283.253,1430284.819,1430284.819,1431950.217,1431950.217
2025-05-26,2025-05-28,Money Management,Connect,1410107.039,1410107.039,1222773.389,1222773.389,1223734.073,1223734.073
2025-01-27,2025-01-31,Money Management,Capital,169999.1159,169999.1159,604123.9131,604123.9131,604123.9131,604123.9131
2025-06-23,2025-06-29,Money Management,Capital,69855.46,69855.46,95627.40145,95627.40145,95627.40145,95627.40145
2025-04-07,2025-04-13,Money Management,Connect,781205.2566,781205.2566,565009.5456,565009.5456,565580.6787,565580.6787
2025-09-01,2025-09-07,Money Management,Instant Payouts,260382.2588,330105.1146,415322.1237,415322.1237,540063.2785,540063.2785
2025-04-21,2025-04-24,Money Management,Capital,282051.29,282051.29,377738.2874,377738.2874,377738.2874,377738.2874
2025-06-16,2025-06-17,Money Management,Multicurrency Settlement,254481.7696,254481.7696,287912.9799,287912.9799,287912.9799,287912.9799
2025-10-13,2025-10-15,Money Management,Connect,1454466.082,1454466.082,1359062.39,1359062.39,1361629.149,1361629.149
2025-08-18,2025-08-19,Money Management,Connect,1349760.63,1349760.63,1231350.222,1231350.222,1233352.221,1233352.221
2025-11-03,2025-11-06,Money Management,Connect,1685467.497,1685467.497,1627450.586,1627450.586,1631233.905,1631233.905
2025-08-25,2025-08-31,Money Management,Instant Payouts,-476215.6097,420778.0596,-286511.4634,-286511.4634,-347239.557,-347239.557
2025-12-22,2025-12-28,Money Management,Instant Payouts,243484.0591,300082.9665,281908.6993,281908.6993,334993.8285,334993.8285
2025-10-20,2025-10-21,Money Management,Multicurrency Settlement,326622.9031,326622.9031,317526.7248,317526.7248,317526.7248,317526.7248
2026-04-20,2026-04-20,Money Management,Instant Payouts,421729.0738,502133.5826,415680.8372,404684.1858,494719.7031,486168.8054
2025-09-22,2025-09-23,Money Management,Instant Payouts,331456.3741,390980.9703,312923.7208,312923.7208,406909.7237,406909.7237
2025-09-22,2025-09-28,Money Management,Multicurrency Settlement,65415.45644,65415.45644,104610.5111,104610.5111,104610.5111,104610.5111
2025-09-29,2025-09-30,Money Management,Connect,1796941.534,1844852.654,1218125.361,1218125.361,1219931.36,1219931.36
2025-10-27,2025-10-28,Money Management,Capital,231342.7227,231342.7227,276293.1502,276293.1502,276293.1502,276293.1502
2025-07-21,2025-07-24,Money Management,Multicurrency Settlement,309124.2319,309124.2319,296323.3605,296323.3605,296323.3605,296323.3605
2026-01-26,2026-01-27,Money Management,Capital,380329.1531,380329.1531,355379.8484,364409.6622,355379.8484,364409.6622
2025-08-25,2025-08-29,Money Management,Capital,199044.27,199044.27,262882.1872,262882.1872,262882.1872,262882.1872
2025-09-15,2025-09-17,Money Management,Multicurrency Settlement,311611.5518,311611.5518,323528.9856,323528.9856,323528.9856,323528.9856
2026-11-02,2026-11-06,Money Management,Multicurrency Settlement,,,382156.916,364433.655,382156.916,364433.655
2026-06-15,2026-06-21,Money Management,Instant Payouts,,,316636.0804,314245.3225,376021.6258,376905.1595
2026-07-27,2026-07-27,Money Management,Instant Payouts,,,437001.0454,435017.0079,517665.4492,520518.1694
2026-08-31,2026-09-04,Money Management,Connect,,,1084588.025,1066887.942,1090686.179,1067933.716
2026-12-07,2026-12-09,Money Management,Connect,,,1714239.725,1680329.762,1723747.47,1681977.264
2026-10-05,2026-10-08,Money Management,Multicurrency Settlement,,,443437.7251,407541.0501,443437.7251,407541.0501
2026-05-11,2026-05-15,Money Management,Capital,,,403052.7821,407966.8849,403052.7821,407966.8849
2026-05-04,2026-05-04,Money Management,Capital,,,332575.3738,336630.2015,332575.3738,336630.2015
2026-10-05,2026-10-06,Money Management,Instant Payouts,,,664904.0238,672463.0276,786115.6468,799953.8225
2026-06-15,2026-06-15,Money Management,Connect,,,1686667.968,1652081.744,1696954.198,1653697.413
2026-09-14,2026-09-19,Money Management,Capital,,,151148.1784,152150.2832,151148.1784,152150.2832
2026-09-07,2026-09-11,Money Management,Capital,,,463543.9302,466617.2029,463543.9302,466617.2029
2026-11-23,2026-11-28,Money Management,Instant Payouts,,,333316.477,338794.6191,394311.3873,402375.1947
2026-11-02,2026-11-03,Money Management,Connect,,,2201933.548,2208228.356,2214630.15,2210392.553
2026-01-19,2026-01-19,Money Management,Capital,128991.9701,128991.9701,332936.0099,341395.5502,332936.0099,341395.5502
2025-07-21,2025-07-26,Money Management,Instant Payouts,817205.4253,322008.3305,216363.0486,216363.0486,301722.0548,301722.0548
2025-05-05,2025-05-10,Money Management,Instant Payouts,262376.2183,327523.5128,237882.9244,237882.9244,285644.353,285644.353
2025-01-27,2025-02-01,Money Management,Connect,23998944.24,23998944.24,119828.9135,119828.9135,137875.2196,137875.2196
2025-10-27,2025-10-30,Money Management,Capital,364580.0362,364580.0362,378816.869,378816.869,378816.869,378816.869
2025-06-30,2025-06-30,Money Management,Connect,1581081.78,1616483.91,1151730.834,1151730.834,1153065.309,1153065.309
2025-03-10,2025-03-11,Money Management,Capital,281893.15,281893.15,269433.5502,269433.5502,269433.5502,269433.5502
2025-06-30,2025-07-06,Money Management,Instant Payouts,246315.2707,307718.1085,376102.1155,376102.1155,524480.9769,524480.9769
2026-08-24,2026-08-24,Money Management,Capital,,,357195.204,362355.4472,357195.204,362355.4472
2026-12-21,2026-12-26,Money Management,Connect,,,165687.3891,162409.87,166606.3465,162569.107
2026-11-30,2026-12-06,Money Management,Connect,,,1161116.051,1138147.617,1167555.987,1139263.529
2026-07-13,2026-07-17,Money Management,Connect,,,775670.0803,757236.0036,780121.2083,757977.712
2026-06-29,2026-07-05,Money Management,Capital,,,114789.8581,118558.6864,114789.8581,118558.6864
2026-10-26,2026-10-27,Money Management,Connect,,,1694201.488,1705537.961,1703624.828,1707211.18
2026-11-16,2026-11-16,Money Management,Connect,,,1858620.227,1863933.583,1869337.245,1865760.351
2026-11-16,2026-11-22,Money Management,Connect,,,890109.3197,892653.9319,895241.7924,893528.787
2024-12-30,2025-01-01,Money Management,Connect,37457968.31,37457968.31,2142505.195,2142505.195,2144424.228,2144424.228
2025-05-05,2025-05-11,Money Management,Connect,816332.4086,816332.4086,613013.2738,613013.2738,613494.8937,613494.8937
2026-02-16,2026-02-22,Money Management,Instant Payouts,247294.7991,312794.8179,395171.9464,294750.959,354038.288,355829.3257
2026-03-16,2026-03-22,Money Management,Connect,411328.6804,411328.6804,700510.837,678445.9854,705190.6193,679114.544
2025-07-14,2025-07-16,Money Management,Instant Payouts,323934.5622,384700.3697,267208.2853,267208.2853,372626.6265,372626.6265
2025-12-08,2025-12-14,Money Management,Instant Payouts,256030.9625,317777.2268,281908.6993,281908.6993,334993.8285,334993.8285
2025-09-15,2025-09-21,Money Management,Multicurrency Settlement,67716.81158,67716.81158,104610.5111,104610.5111,104610.5111,104610.5111
2025-10-13,2025-10-16,Money Management,Instant Payouts,364334.7464,426653.2346,274872.8827,274872.8827,329092.5963,329092.5963
2025-02-10,2025-02-10,Money Management,Connect,42261.24635,42261.24635,1097808.787,1097808.787,1263139.447,1263139.447
2025-11-24,2025-11-24,Money Management,Connect,1570798.686,1570798.686,1596328.331,1596328.331,1600039.3,1600039.3
2025-07-21,2025-07-21,Money Management,Instant Payouts,362528.5343,441282.9609,309490.1279,309490.1279,431589.3954,431589.3954
2025-02-03,2025-02-05,Money Management,Capital,478530.91,478530.91,261411.5506,261411.5506,261411.5506,261411.5506
2025-11-10,2025-11-12,Money Management,Capital,251126.4541,251126.4541,312075.31,312075.31,312075.31,312075.31
2025-05-26,2025-05-26,Money Management,Connect,1066404.913,1066404.913,1280021.277,1280021.277,1281026.939,1281026.939
2025-09-15,2025-09-18,Money Management,Capital,353411.6588,353411.6588,397071.4773,397071.4773,397071.4773,397071.4773
2025-11-24,2025-11-30,Money Management,Connect,1626062.59,1703881.65,1261833.318,1261833.318,1264766.691,1264766.691
2025-07-21,2025-07-25,Money Management,Multicurrency Settlement,178064.3998,178064.3998,217059.8223,217059.8223,217059.8223,217059.8223
2025-02-24,2025-02-26,Money Management,Multicurrency Settlement,269419.4051,269419.4051,274206.2279,274206.2279,274206.2279,274206.2279
2025-02-17,2025-02-18,Money Management,Multicurrency Settlement,413617.0431,413617.0431,266636.9687,266636.9687,266636.9687,266636.9687
2025-06-16,2025-06-20,Money Management,Connect,544771.8672,544771.8672,640807.9551,640807.9551,641550.4398,641550.4398
2025-08-11,2025-08-13,Money Management,Connect,1272276.454,1272276.454,1285563.706,1285563.706,1287653.848,1287653.848
2026-08-03,2026-08-03,Money Management,Capital,,,347732.6213,352756.1627,347732.6213,352756.1627
2026-11-09,2026-11-14,Money Management,Multicurrency Settlement,,,0,0,0,0
2026-11-16,2026-11-18,Money Management,Multicurrency Settlement,,,420757.0006,401243.5865,420757.0006,401243.5865
2026-06-01,2026-06-01,Money Management,Instant Payouts,,,683093.2695,677935.5798,811208.3798,813114.4667
2026-09-21,2026-09-21,Money Management,Connect,,,1868832.209,1838333.546,1879339.818,1840135.499
2026-09-28,2026-10-01,Money Management,Multicurrency Settlement,,,556768.9032,511697.9694,556768.9032,511697.9694
2026-10-05,2026-10-09,Money Management,Capital,,,438748.9496,427690.5033,438748.9496,427690.5033
2026-12-14,2026-12-16,Money Management,Instant Payouts,,,404784.3365,413327.3869,479033.0289,491528.2446
2026-08-10,2026-08-14,Money Management,Instant Payouts,,,403786.0299,406124.1194,478207.6578,485473.5064
2026-08-10,2026-08-15,Money Management,Instant Payouts,,,310891.0054,312691.194,368191.1917,373785.459
2026-11-30,2026-11-30,Money Management,Instant Payouts,,,-355539.3972,-361382.7787,-420600.9682,-429202.4069
2026-10-12,2026-10-12,Money Management,Connect,,,1851604.719,1863994.431,1861903.554,1865823.104
2026-03-30,2026-04-03,Money Management,Capital,210932.9615,210932.9615,392015.4523,401410.1497,392015.4523,401410.1497
2025-10-13,2025-10-19,Money Management,Instant Payouts,244742.8362,309583.7615,278783.2746,278783.2746,333774.3278,333774.3278
2025-10-13,2025-10-18,Money Management,Capital,123529.66,123529.66,99577.62424,99577.62424,99577.62424,99577.62424
2025-08-04,2025-08-07,Money Management,Multicurrency Settlement,338463.7368,338463.7368,373089.0757,373089.0757,373089.0757,373089.0757
2025-12-15,2025-12-17,Money Management,Instant Payouts,348528.0801,405661.7183,331271.15,331271.15,393651.5301,393651.5301
2026-01-12,2026-01-14,Money Management,Capital,337411.778,337411.778,375854.4363,385404.487,375854.4363,385404.487
2025-11-03,2025-11-05,Money Management,Multicurrency Settlement,342375.8188,342375.8188,414229.0424,414229.0424,414229.0424,414229.0424
2025-08-18,2025-08-23,Money Management,Instant Payouts,262276.1517,325696.8087,256665.5058,256665.5058,311067.5415,311067.5415
2025-12-29,2026-01-04,Money Management,Instant Payouts,692015.4949,343966.3854,462185.4524,464503.078,550888.51,563087.8066
2025-04-14,2025-04-18,Money Management,Instant Payouts,316648.9404,381733.9286,307724.6542,307724.6542,375772.7085,375772.7085
2025-03-17,2025-03-20,Money Management,Connect,39984.60536,39984.60536,974564.4371,974564.4371,975227.6665,975227.6665
2025-11-24,2025-11-26,Money Management,Capital,279085.2515,279085.2515,312075.31,312075.31,312075.31,312075.31
2026-06-15,2026-06-16,Money Management,Instant Payouts,,,378147.6518,375292.4513,449069.7795,450124.9536
2026-07-06,2026-07-10,Money Management,Instant Payouts,,,396791.0802,394989.6007,470033.2754,472623.5071
2026-12-07,2026-12-13,Money Management,Connect,,,859400.2058,842400.1157,864166.7255,843226.0585
2026-10-26,2026-10-26,Money Management,Capital,,,371881.3836,362508.3006,371881.3836,362508.3006
2026-12-07,2026-12-07,Money Management,Capital,,,428386.6921,400911.2681,428386.6921,400911.2681
2026-06-01,2026-06-02,Money Management,Connect,,,1998219.288,1957244.501,2010405.529,1959158.607
2026-08-10,2026-08-13,Money Management,Connect,,,1364418.633,1343452.676,1372614.309,1344767.264
2026-08-17,2026-08-23,Money Management,Connect,,,829872.7649,817120.7578,834857.5754,817920.3219
2026-06-01,2026-06-01,Money Management,Capital,,,217194.4911,220597.9052,217194.4911,220597.9052
2026-06-01,2026-06-02,Money Management,Capital,,,364213.2974,369920.4804,364213.2974,369920.4804
2026-10-26,2026-10-29,Money Management,Connect,,,1457931.432,1467686.943,1466040.611,1469126.818
2026-09-28,2026-10-02,Money Management,Connect,,,1121311.25,1128814.321,1127548.109,1129921.745
2025-07-28,2025-07-31,Money Management,Connect,1171689.138,1207838.078,1170256.891,1170256.891,1171619.517,1171619.517
2025-02-10,2025-02-13,Money Management,Multicurrency Settlement,263332.0256,263332.0256,282562.9444,282562.9444,282562.9444,282562.9444
2026-01-26,2026-01-30,Money Management,Instant Payouts,427306.3922,490865.3513,345331.9176,347063.582,411608.3372,420723.3071
2025-09-01,2025-09-07,Money Management,Capital,88919.84,88919.84,85665.88693,85665.88693,85665.88693,85665.88693
2025-09-22,2025-09-26,Money Management,Connect,587746.1483,587746.1483,661000.9792,661000.9792,661980.9827,661980.9827
2026-02-23,2026-02-23,Money Management,Instant Payouts,374810.0672,451498.411,537846.2241,401168.8881,481861.524,484299.2044
2025-01-27,2025-01-27,Money Management,Multicurrency Settlement,411882.7519,411882.7519,418865.6837,418865.6837,418865.6837,418865.6837
2025-08-04,2025-08-07,Money Management,Connect,1175764.539,1175764.539,1431639.947,1431639.947,1433967.588,1433967.588
2025-06-09,2025-06-13,Money Management,Capital,290801.61,290801.61,333364.9778,333364.9778,333364.9778,333364.9778
2025-12-15,2025-12-17,Money Management,Capital,341781.7643,341781.7643,375848.2316,375848.2316,375848.2316,375848.2316
2025-09-29,2025-10-05,Money Management,Connect,953957.1431,953957.1431,920541.7057,920541.7057,922280.2634,922280.2634
2025-03-17,2025-03-18,Money Management,Instant Payouts,100089.553,158700.5221,295698.8648,295698.8648,358116.1921,358116.1921
2025-06-16,2025-06-16,Money Management,Connect,1462191.524,1462191.524,1429651.455,1429651.455,1431307.948,1431307.948
2025-08-18,2025-08-22,Money Management,Capital,280262.39,280262.39,262882.1872,262882.1872,262882.1872,262882.1872
2025-10-13,2025-10-15,Money Management,Multicurrency Settlement,321120.4393,321120.4393,326540.6366,326540.6366,326540.6366,326540.6366
2026-01-19,2026-01-24,Money Management,Connect,131754.5896,131754.5896,166373.4494,161325.5304,172974.07,161484.9573
2025-10-06,2025-10-07,Money Management,Capital,537377.4945,537377.4945,268973.7721,268973.7721,268973.7721,268973.7721
2026-06-29,2026-07-05,Money Management,Instant Payouts,,,531057.3834,528646.3187,629083.298,632550.0132
2026-07-27,2026-07-27,Money Management,Connect,,,1730530.726,1689404.044,1740461.254,1691058.806
2026-05-25,2026-05-29,Money Management,Multicurrency Settlement,,,290034.0919,269211.0419,290034.0919,269211.0419
2026-06-29,2026-06-30,Money Management,Connect,,,1393211.99,1364643.271,1401708.563,1365977.837
2026-09-28,2026-09-30,Money Management,Capital,,,887273.9851,893156.5665,887273.9851,893156.5665
2025-06-02,2025-06-06,Money Management,Connect,712536.6835,712536.6835,829706.8295,829706.8295,830668.1855,830668.1855
2025-07-07,2025-07-10,Money Management,Capital,295569.84,295569.84,352941.0352,352941.0352,352941.0352,352941.0352
2025-04-28,2025-04-28,Money Management,Connect,1153012.125,1153012.125,1179785.612,1179785.612,1180978.185,1180978.185
2026-01-05,2026-01-06,Money Management,Multicurrency Settlement,345471.5173,345471.5173,440524.2581,420579.3845,440524.2581,420579.3845
2025-10-06,2025-10-10,Money Management,Multicurrency Settlement,276015.6167,276015.6167,246483.9697,246483.9697,246483.9697,246483.9697
2025-09-22,2025-09-23,Money Management,Connect,1358253.407,1358253.407,1349339.266,1349339.266,1351339.804,1351339.804
2026-01-05,2026-01-08,Money Management,Capital,475992.3227,475992.3227,487250.1601,499630.6544,487250.1601,499630.6544
2026-02-23,2026-02-27,Money Management,Multicurrency Settlement,275887.7289,275887.7289,262084.5239,265920.3819,262084.5239,265920.3819
2026-03-09,2026-03-13,Money Management,Connect,232731.8334,232731.8334,655631.6236,634980.3878,660011.589,635606.1143
2025-10-13,2025-10-14,Money Management,Connect,1452258.314,1452258.314,1301749.393,1301749.393,1304207.909,1304207.909
2025-05-05,2025-05-11,Money Management,Instant Payouts,242207.4003,311624.4748,250008.6058,250008.6058,300204.5928,300204.5928
2025-02-03,2025-02-07,Money Management,Capital,285217.51,285217.51,273197.9984,273197.9984,273197.9984,273197.9984
2025-10-13,2025-10-17,Money Management,Connect,796214.1365,796214.1365,637688.1239,637688.1239,638892.4774,638892.4774
2024-12-30,2025-01-04,Money Management,Connect,24519.84932,24519.84932,207080.7772,207080.7772,207266.2587,207266.2587
2025-08-11,2025-08-17,Money Management,Connect,728291.3411,728291.3411,644491.9563,644491.9563,645539.8077,645539.8077
2026-03-16,2026-03-17,Money Management,Capital,485540.1499,485540.1499,378101.8238,376479.7417,378101.8238,376479.7417
2026-04-13,2026-04-13,Money Management,Connect,1752702.93,1752702.93,1588527.523,1411634.802,1598591.412,1413009.702
2025-05-12,2025-05-15,Money Management,Instant Payouts,332438.5945,397771.9629,246501.826,246501.826,295993.7321,295993.7321
2025-04-21,2025-04-27,Money Management,Connect,691265.7288,691265.7288,565009.5456,565009.5456,565580.6787,565580.6787
2025-06-09,2025-06-10,Money Management,Capital,374077.6153,374077.6153,301606.2591,301606.2591,301606.2591,301606.2591
2025-09-08,2025-09-11,Money Management,Multicurrency Settlement,354011.1844,354011.1844,333388.8637,333388.8637,333388.8637,333388.8637
2026-04-13,2026-04-19,Money Management,Connect,418284.6467,418284.6467,760759.5871,676044.1312,765579.2708,676702.5827
2025-10-06,2025-10-06,Money Management,Capital,282110.7366,282110.7366,251986.8662,251986.8662,251986.8662,251986.8662
2025-03-31,2025-04-02,Money Management,Connect,377543.149,48444.64898,1459246.483,1459246.483,1460721.545,1460721.545
2025-07-21,2025-07-21,Money Management,Connect,1172540.358,1172540.358,1344477.486,1344477.486,1346042.972,1346042.972
2025-11-24,2025-11-24,Money Management,Instant Payouts,397199.0362,477034.2496,400665.0133,400665.0133,469844.1028,469844.1028
2025-04-28,2025-05-01,Money Management,Capital,-215371.3,-215371.3,150621.0877,150621.0877,150621.0877,150621.0877
2025-09-15,2025-09-16,Money Management,Capital,342780.0337,342780.0337,289607.2966,289607.2966,289607.2966,289607.2966
2025-09-01,2025-09-02,Money Management,Capital,301127.71,301127.71,270187.9085,270187.9085,270187.9085,270187.9085
2025-01-06,2025-01-09,Money Management,Multicurrency Settlement,264587.5248,264587.5248,261721.0487,261721.0487,261721.0487,261721.0487
2025-02-24,2025-02-27,Money Management,Capital,390805.25,390805.25,397840.7028,397840.7028,397840.7028,397840.7028
2025-10-13,2025-10-13,Money Management,Capital,104170.2,104170.2,258843.9929,258843.9929,258843.9929,258843.9929
2025-05-12,2025-05-16,Money Management,Connect,555774.252,555774.252,573739.7147,573739.7147,574190.479,574190.479
2026-04-27,2026-04-29,Money Management,Capital,416238.3728,416238.3728,402062.9329,411698.4194,402062.9329,411698.4194
2026-01-12,2026-01-15,Money Management,Instant Payouts,368999.1556,436639.173,275518.3062,276899.8908,328396.0332,335668.2862
2026-04-06,2026-04-08,Money Management,Connect,1884913.198,1884913.198,1517481.948,1348500.607,1527095.738,1349814.016
2025-04-21,2025-04-26,Money Management,Capital,87558.27,87558.27,99294.10324,99294.10324,99294.10324,99294.10324
2025-06-23,2025-06-25,Money Management,Connect,1172609.719,1172609.719,1365711.48,1365711.48,1367293.888,1367293.888
2025-05-19,2025-05-24,Money Management,Instant Payouts,257892.2435,320250.2286,237882.9244,237882.9244,285644.353,285644.353
2025-07-14,2025-07-19,Money Management,Connect,99149.07236,99149.07236,124136.7079,124136.7079,124281.2505,124281.2505
2025-06-16,2025-06-17,Money Management,Capital,300467.61,300467.61,301606.2591,301606.2591,301606.2591,301606.2591
2026-04-13,2026-04-16,Money Management,Connect,1325653.891,1325653.891,1250787.59,1111504.375,1258711.776,1112586.955
2025-07-14,2025-07-15,Money Management,Instant Payouts,343157.0441,402752.7393,271566.2464,271566.2464,378703.8795,378703.8795
2026-03-16,2026-03-20,Money Management,Connect,915770.5163,915770.5163,655631.6236,634980.3878,660011.589,635606.1143
2026-07-27,2026-08-01,Money Management,Capital,,,216612.7836,219742.0939,216612.7836,219742.0939
2026-06-15,2026-06-18,Money Management,Instant Payouts,,,312194.7409,309837.5173,370747.3068,371618.4474
2026-10-12,2026-10-13,Money Management,Multicurrency Settlement,,,418444.4319,384570.9861,418444.4319,384570.9861
2026-10-05,2026-10-10,Money Management,Capital,,,143063.2571,139457.4198,143063.2571,139457.4198
2026-09-28,2026-10-02,Money Management,Capital,,,427125.8974,416360.4043,427125.8974,416360.4043
2026-05-25,2026-05-28,Money Management,Capital,,,499967.175,506062.8781,499967.175,506062.8781
2026-05-18,2026-05-23,Money Management,Multicurrency Settlement,,,0,0,0,0
2026-06-08,2026-06-09,Money Management,Connect,,,1543285.859,1511639.778,1552697.665,1513118.1
2026-08-24,2026-08-26,Money Management,Instant Payouts,,,383950.2762,386173.5084,454715.985,461624.9029
2026-09-07,2026-09-09,Money Management,Instant Payouts,,,390851.1011,396470.8028,463003.7185,472691.6144
2026-10-19,2026-10-20,Money Management,Connect,,,1694201.488,1705537.961,1703624.828,1707211.18
2025-01-06,2025-01-10,Money Management,Capital,359901.92,359901.92,296292.2712,296292.2712,296292.2712,296292.2712
2025-02-17,2025-02-21,Money Management,Multicurrency Settlement,168245.4133,168245.4133,206980.1797,206980.1797,206980.1797,206980.1797
2026-01-12,2026-01-17,Money Management,Capital,123822.7429,123822.7429,128080.9207,131335.317,128080.9207,131335.317
2025-05-26,2025-05-31,Money Management,Connect,-36682.5154,310394.0746,1082331.531,1082331.531,1083181.876,1083181.876
2025-03-24,2025-03-30,Money Management,Connect,19530.59892,19530.59892,592753.9134,592753.9134,593157.3057,593157.3057
2025-03-31,2025-03-31,Money Management,Instant Payouts,-392333.3526,245072.3299,-261393.9927,-261393.9927,-316570.107,-316570.107
2026-01-19,2026-01-23,Money Management,Capital,823942.1692,823942.1692,392800.8528,402781.4934,392800.8528,402781.4934
2025-06-23,2025-06-24,Money Management,Multicurrency Settlement,271372.9708,271372.9708,287912.9799,287912.9799,287912.9799,287912.9799
2026-04-20,2026-04-26,Money Management,Connect,425811.9735,425811.9735,760759.5871,676044.1312,765579.2708,676702.5827
2026-02-09,2026-02-15,Money Management,Multicurrency Settlement,1487.534188,1487.534188,112266.9847,113910.1195,112266.9847,113910.1195
2026-04-20,2026-04-26,Money Management,Instant Payouts,258679.9439,322901.5498,305413.3286,297333.755,363485.5826,357202.9785
2025-07-07,2025-07-11,Money Management,Instant Payouts,369888.8462,436045.1315,281012.8797,281012.8797,391877.3748,391877.3748
2025-06-09,2025-06-13,Money Management,Multicurrency Settlement,193038.0546,193038.0546,223495.9414,223495.9414,223495.9414,223495.9414
2025-05-26,2025-05-26,Money Management,Capital,77242.89,77242.89,240458.6338,240458.6338,240458.6338,240458.6338
2025-01-06,2025-01-11,Money Management,Multicurrency Settlement,-16.20352643,-16.20352643,0,0,0,0
2025-11-24,2025-11-30,Money Management,Instant Payouts,-528255.3262,383612.5203,-298388.8948,-298388.8948,-349908.9213,-349908.9213
2025-04-28,2025-04-30,Money Management,Multicurrency Settlement,392684.1541,392684.1541,276552.7097,276552.7097,276552.7097,276552.7097
2026-02-16,2026-02-21,Money Management,Capital,116729.31,116729.31,137650.32,138755.7406,137650.32,138755.7406
2025-07-21,2025-07-22,Money Management,Multicurrency Settlement,247771.6606,247771.6606,279621.8122,279621.8122,279621.8122,279621.8122
2026-01-05,2026-01-06,Money Management,Connect,1855664.806,1855664.806,2227585.01,2159998.092,2315961.152,2162132.669
2025-05-05,2025-05-10,Money Management,Multicurrency Settlement,0.3408745754,0.3408745754,0,0,0,0
2026-12-21,2026-12-24,Money Management,Connect,,,1412965.587,1385015.23,1420802.365,1386373.188
2026-07-06,2026-07-07,Money Management,Connect,,,2139322.553,2088480.788,2151598.904,2090526.443
2026-10-12,2026-10-13,Money Management,Instant Payouts,,,402001.7726,406571.9554,475286.4657,483653.0433
2026-05-25,2026-05-30,Money Management,Connect,,,152829.1131,149096.936,153782.8879,149242.6344
2026-08-10,2026-08-15,Money Management,Connect,,,159994.6692,157536.156,160955.7118,157690.3073
2026-06-01,2026-06-06,Money Management,Multicurrency Settlement,,,0,0,0,0
2025-02-03,2025-02-08,Money Management,Instant Payouts,48220.59461,119814.8052,236743.6678,236743.6678,289485.9963,289485.9963
2025-03-17,2025-03-19,Money Management,Capital,306638.91,306638.91,284956.4925,284956.4925,284956.4925,284956.4925
2025-02-03,2025-02-06,Money Management,Capital,526741.82,526741.82,338888.6957,338888.6957,338888.6957,338888.6957
2025-02-10,2025-02-16,Money Management,Multicurrency Settlement,0,0,88662.39152,88662.39152,88662.39152,88662.39152
2025-02-24,2025-02-24,Money Management,Multicurrency Settlement,408554.7251,408554.7251,452221.6369,452221.6369,452221.6369,452221.6369
2025-12-08,2025-12-11,Money Management,Multicurrency Settlement,498908.3247,498908.3247,395912.8243,395912.8243,395912.8243,395912.8243
2025-04-14,2025-04-17,Money Management,Multicurrency Settlement,248988.1123,248988.1123,284980.9379,284980.9379,284980.9379,284980.9379
2025-09-29,2025-10-04,Money Management,Multicurrency Settlement,276.2194505,276.2194505,0,0,0,0
2025-02-03,2025-02-08,Money Management,Connect,20292.54489,20292.54489,101361.586,101361.586,116626.7015,116626.7015
2025-05-12,2025-05-17,Money Management,Connect,92693.95024,92693.95024,118185.4131,118185.4131,118278.2666,118278.2666
2025-12-22,2025-12-27,Money Management,Connect,128361.6823,128361.6823,146073.9042,146073.9042,146295.2312,146295.2312
2025-03-31,2025-04-02,Money Management,Capital,271313.42,271313.42,271841.0932,271841.0932,271841.0932,271841.0932
2025-05-05,2025-05-06,Money Management,Instant Payouts,342794.0225,402210.9999,493840.7904,493840.7904,592992.6807,592992.6807
2025-01-20,2025-01-23,Money Management,Instant Payouts,70751.83699,142128.8691,233148.4296,233148.4296,287888.5935,287888.5935
2026-01-05,2026-01-08,Money Management,Connect,1001071.458,1001071.458,1418816.245,1375768.093,1475105.681,1377127.67
2025-04-21,2025-04-22,Money Management,Connect,1381035.362,1381035.362,1079493.112,1079493.112,1080584.305,1080584.305
2025-07-14,2025-07-14,Money Management,Instant Payouts,375037.679,453757.9667,309490.1279,309490.1279,431589.3954,431589.3954
2025-11-10,2025-11-13,Money Management,Connect,1608745.004,1608745.004,1256929.854,1256929.854,1259851.828,1259851.828
2025-09-22,2025-09-26,Money Management,Capital,270411.85,270411.85,320102.5424,320102.5424,320102.5424,320102.5424
2026-11-02,2026-11-08,Money Management,Multicurrency Settlement,,,136048.4119,129738.9055,136048.4119,129738.9055
2026-07-13,2026-07-15,Money Management,Instant Payouts,,,377298.9489,375585.9661,446943.1638,449406.1519
2026-11-30,2026-12-01,Money Management,Connect,,,2218399.304,2174516.386,2230703.285,2176648.421
2026-09-07,2026-09-13,Money Management,Multicurrency Settlement,,,136514.9835,126044.6952,136514.9835,126044.6952
2026-10-05,2026-10-11,Money Management,Multicurrency Settlement,,,139141.561,127877.9289,139141.561,127877.9289
2026-10-26,2026-10-29,Money Management,Capital,,,544246.5168,530529.0574,544246.5168,530529.0574
2026-12-07,2026-12-09,Money Management,Capital,,,496769.6635,464908.363,496769.6635,464908.363
2026-12-14,2026-12-15,Money Management,Capital,,,469708.2446,439582.5814,469708.2446,439582.5814
2026-05-25,2026-05-27,Money Management,Capital,,,385664.0723,390366.1683,385664.0723,390366.1683
2026-10-19,2026-10-19,Money Management,Instant Payouts,,,458140.8085,463349.2115,541659.6157,551194.5753
2026-05-18,2026-05-22,Money Management,Multicurrency Settlement,,,290034.0919,269211.0419,290034.0919,269211.0419
2026-06-15,2026-06-17,Money Management,Connect,,,1611233.143,1578193.759,1621059.329,1579737.168
2026-12-28,2026-12-28,Money Management,Instant Payouts,,,468835.5975,478730.4619,554833.0706,569305.4732
2026-08-24,2026-08-27,Money Management,Multicurrency Settlement,,,403490.0296,375070.9867,403490.0296,375070.9867
2026-11-16,2026-11-17,Money Management,Instant Payouts,,,418359.3498,425235.1934,494916.5942,505037.8138
2025-05-19,2025-05-25,Money Management,Connect,171432.6557,171432.6557,613013.2738,613013.2738,613494.8937,613494.8937
2025-10-27,2025-10-29,Money Management,Connect,1405159.078,1405159.078,1359062.39,1359062.39,1361629.149,1361629.149
2025-05-26,2025-05-30,Money Management,Instant Payouts,442262.8118,477207.4069,308962.9485,308962.9485,370995.6136,370995.6136
2025-12-29,2026-01-01,Money Management,Capital,131190.09,131190.09,208548.0697,213847.0484,208548.0697,213847.0484
2025-02-24,2025-03-01,Money Management,Capital,-547381.68,-547381.68,153072.8296,153072.8296,153072.8296,153072.8296
2026-03-23,2026-03-25,Money Management,Instant Payouts,351754.4721,407219.575,346473.9408,336587.627,412958.9387,405137.7469
2025-12-15,2025-12-16,Money Management,Instant Payouts,381622.3906,439153.7621,336673.9269,336673.9269,400071.6829,400071.6829
2025-03-10,2025-03-13,Money Management,Instant Payouts,95894.11392,163053.7792,244125.8853,244125.8853,295656.9768,295656.9768
2025-03-24,2025-03-25,Money Management,Capital,237040.65,237040.65,269433.5502,269433.5502,269433.5502,269433.5502
2026-03-23,2026-03-28,Money Management,Connect,215651.8343,215651.8343,135054.4387,130800.4629,135956.6737,130929.3572
2026-12-07,2026-12-13,Money Management,Multicurrency Settlement,,,146239.5954,131731.4491,146239.5954,131731.4491
2026-07-20,2026-07-25,Money Management,Instant Payouts,,,305505.3138,304118.2828,361897.4077,363891.7306
2026-10-19,2026-10-21,Money Management,Instant Payouts,,,395550.646,400047.4888,467659.3025,475891.6174
2026-06-22,2026-06-27,Money Management,Connect,,,155731.4368,152538.0624,156681.1728,152687.2384
2026-12-07,2026-12-10,Money Management,Instant Payouts,,,339636.0197,346804.1024,401934.7009,412418.8648
2026-08-17,2026-08-21,Money Management,Connect,,,776705.7958,764770.7641,781371.2474,765519.1029
2026-06-01,2026-06-05,Money Management,Multicurrency Settlement,,,336908.1049,312930.1048,336908.1049,312930.1048
2026-11-02,2026-11-08,Money Management,Capital,,,136888.3233,132999.7073,136888.3233,132999.7073
2025-04-28,2025-04-28,Money Management,Multicurrency Settlement,493547.0627,493547.0627,456091.4611,456091.4611,456091.4611,456091.4611
2025-06-16,2025-06-19,Money Management,Connect,1030027.047,1030027.047,1125690.473,1125690.473,1126994.776,1126994.776
2026-02-02,2026-02-08,Money Management,Multicurrency Settlement,50031.9894,50031.9894,112266.9847,113910.1195,112266.9847,113910.1195
2026-04-13,2026-04-17,Money Management,Connect,1038502.635,1038502.635,712020.451,632732.4103,716531.3549,633348.6772
2025-05-12,2025-05-18,Money Management,Connect,758482.4164,758482.4164,613013.2738,613013.2738,613494.8937,613494.8937
2026-02-23,2026-02-26,Money Management,Instant Payouts,377207.1169,435715.6357,389629.0134,290616.5947,349072.3218,350838.2373
2025-12-08,2025-12-09,Money Management,Instant Payouts,371410.8699,428936.3525,336673.9269,336673.9269,400071.6829,400071.6829
2025-09-08,2025-09-11,Money Management,Connect,1205486.674,1205486.674,1161163.028,1161163.028,1162884.575,1162884.575
2025-01-06,2025-01-06,Money Management,Multicurrency Settlement,457298.3682,457298.3682,525916.8865,525916.8865,525916.8865,525916.8865
2025-12-01,2025-12-04,Money Management,Instant Payouts,384545.6385,446959.8977,459731.9144,459731.9144,546302.2407,546302.2407
2026-08-31,2026-09-03,Money Management,Connect,,,1905267.238,1874173.968,1915979.704,1876011.052
2026-10-19,2026-10-24,Money Management,Multicurrency Settlement,,,0,0,0,0
2026-12-14,2026-12-15,Money Management,Instant Payouts,,,411386.057,420068.4379,486845.6883,499544.6914
2026-11-23,2026-11-29,Money Management,Capital,,,136888.3233,132999.7073,136888.3233,132999.7073
2026-11-09,2026-11-14,Money Management,Connect,,,171607.9297,172098.5162,172597.4407,172267.1832
2025-05-19,2025-05-20,Money Management,Connect,1278083.618,1278083.618,1171207.834,1171207.834,1172128.005,1172128.005
2026-04-06,2026-04-09,Money Management,Connect,1563806.058,1563806.058,1250787.59,1111504.375,1258711.776,1112586.955
2026-03-09,2026-03-12,Money Management,Instant Payouts,363146.4027,423492.7091,290710.4347,282415.281,346494.9551,339932.5508
2026-01-12,2026-01-16,Money Management,Connect,1281178.096,1281178.096,807672.0542,783166.5629,839715.2488,783940.5125
2025-03-24,2025-03-30,Money Management,Instant Payouts,44337.52357,116667.4434,247598.865,247598.865,299863.0474,299863.0474
2025-05-26,2025-06-01,Money Management,Multicurrency Settlement,194490.4719,194490.4719,115196.4906,115196.4906,115196.4906,115196.4906
2025-04-21,2025-04-26,Money Management,Connect,119319.3412,119319.3412,108930.5741,108930.5741,109040.6853,109040.6853
2026-01-19,2026-01-25,Money Management,Capital,94087.17,94087.17,112676.8775,115539.8739,112676.8775,115539.8739
2026-04-06,2026-04-08,Money Management,Instant Payouts,341045.5904,398915.0937,358891.4601,349397.1464,427132.2147,419749.5214
2025-04-07,2025-04-13,Money Management,Instant Payouts,228422.2346,293436.2117,249006.5942,249006.5942,304070.1518,304070.1518
2025-06-09,2025-06-10,Money Management,Multicurrency Settlement,282004.047,282004.047,287912.9799,287912.9799,287912.9799,287912.9799
2025-12-15,2025-12-16,Money Management,Connect,1432371.756,1432371.756,1447580.494,1447580.494,1449773.827,1449773.827
2025-08-25,2025-08-28,Money Management,Capital,220077.64,220077.64,326092.4383,326092.4383,326092.4383,326092.4383
2025-04-14,2025-04-15,Money Management,Instant Payouts,321362.0244,379099.6322,297380.068,297380.068,363140.5937,363140.5937
2025-07-28,2025-07-29,Money Management,Multicurrency Settlement,239775.5302,239775.5302,279621.8122,279621.8122,279621.8122,279621.8122
2025-09-15,2025-09-19,Money Management,Connect,569450.8347,569450.8347,661000.9792,661000.9792,661980.9827,661980.9827
2025-03-31,2025-04-03,Money Management,Connect,51348.71485,51348.71485,1202786.887,1202786.887,1204002.71,1204002.71
2025-05-19,2025-05-24,Money Management,Multicurrency Settlement,0.0746709613,0.0746709613,0,0,0,0
2026-03-30,2026-04-02,Money Management,Instant Payouts,854790.7972,518655.1036,477310.2452,464683.2152,568067.5213,558248.8558
2026-04-13,2026-04-15,Money Management,Capital,319233.434,319233.434,402062.9329,411698.4194,402062.9329,411698.4194
2025-07-14,2025-07-17,Money Management,Connect,1115564.687,1115564.687,1058625.508,1058625.508,1059858.152,1059858.152
2025-06-02,2025-06-02,Money Management,Multicurrency Settlement,635722.9627,635722.9627,587558.5445,587558.5445,587558.5445,587558.5445
2025-09-29,2025-10-02,Money Management,Multicurrency Settlement,485337.6824,485337.6824,422490.9996,422490.9996,422490.9996,422490.9996
2025-12-29,2025-12-31,Money Management,Connect,1973300.128,2028763.648,1379834.022,1379834.022,1381924.708,1381924.708
2026-11-23,2026-11-27,Money Management,Multicurrency Settlement,,,317601.6839,302872.2957,317601.6839,302872.2957
2026-12-14,2026-12-14,Money Management,Multicurrency Settlement,,,745893.5871,671894.9323,745893.5871,671894.9323
2026-12-07,2026-12-10,Money Management,Connect,,,1412965.587,1385015.23,1420802.365,1386373.188
2026-05-18,2026-05-23,Money Management,Instant Payouts,,,294978.3138,290348.9233,350264.9269,348822.6342
2026-05-11,2026-05-16,Money Management,Capital,,,131423.776,133026.1219,131423.776,133026.1219
2026-05-04,2026-05-10,Money Management,Multicurrency Settlement,,,124239.5105,115319.7124,124239.5105,115319.7124
2026-04-27,2026-05-01,Money Management,Connect,,,1002391.336,977912.3482,1008647.053,978867.97
2026-07-13,2026-07-17,Money Management,Multicurrency Settlement,,,294374.8075,271316.4789,294374.8075,271316.4789
2026-11-09,2026-11-14,Money Management,Capital,,,155602.3103,151182.0822,155602.3103,151182.0822
2026-11-23,2026-11-25,Money Management,Connect,,,1775494.98,1780570.7,1785732.688,1782315.768
2026-11-23,2026-11-27,Money Management,Connect,,,833083.2126,835464.8007,837886.8662,836283.6069
2025-08-04,2025-08-08,Money Management,Multicurrency Settlement,266692.2365,266692.2365,217662.569,217662.569,217662.569,217662.569
2026-03-09,2026-03-14,Money Management,Multicurrency Settlement,10381.77216,10381.77216,0,0,0,0
2026-09-21,2026-09-22,Money Management,Multicurrency Settlement,,,410545.4508,379057.8505,410545.4508,379057.8505
2026-12-28,2026-12-28,Money Management,Capital,,,440044.0532,411820.9614,440044.0532,411820.9614
2026-05-11,2026-05-12,Money Management,Instant Payouts,,,370239.5304,364428.9901,439632.0542,437821.7727
2026-05-11,2026-05-12,Money Management,Connect,,,1514524.086,1477538.513,1523975.916,1478982.373
2026-08-03,2026-08-06,Money Management,Multicurrency Settlement,,,506611.6137,470929.4008,506611.6137,470929.4008
2026-06-15,2026-06-15,Money Management,Capital,,,365735.7048,371466.7437,365735.7048,371466.7437
2026-07-27,2026-07-30,Money Management,Multicurrency Settlement,,,401871.3899,370392.8722,401871.3899,370392.8722
2025-10-20,2025-10-25,Money Management,Capital,120481.54,120481.54,99577.62424,99577.62424,99577.62424,99577.62424
2026-02-09,2026-02-09,Money Management,Multicurrency Settlement,728057.0931,728057.0931,572616.6272,580997.4199,572616.6272,580997.4199
2026-04-20,2026-04-25,Money Management,Instant Payouts,278241.8361,339064.5429,290600.4594,282912.7537,345856.1477,339878.2566
2025-01-13,2025-01-18,Money Management,Connect,47903.95649,47903.95649,153270.8659,153270.8659,153408.15,153408.15
2026-07-27,2026-07-30,Money Management,Connect,,,1362599.215,1330216.558,1370418.395,1331519.498
2026-09-14,2026-09-18,Money Management,Capital,,,463543.9302,466617.2029,463543.9302,466617.2029
2026-08-10,2026-08-11,Money Management,Multicurrency Settlement,,,380748.2919,353931.0195,380748.2919,353931.0195
2026-06-22,2026-06-27,Money Management,Capital,,,140699.006,142903.7442,140699.006,142903.7442
2026-11-02,2026-11-07,Money Management,Instant Payouts,,,528328.9045,537012.1261,625009.9159,637791.59
2026-09-21,2026-09-24,Money Management,Instant Payouts,,,327945.2794,332660.5139,388485.2399,396613.9102
2026-09-28,2026-09-28,Money Management,Instant Payouts,,,452697.628,459206.566,536267.3522,547488.2174
2026-11-16,2026-11-19,Money Management,Capital,,,591948.0451,575132.4501,591948.0451,575132.4501
2025-08-04,2025-08-07,Money Management,Instant Payouts,335970.6076,399244.1319,439901.4274,439901.4274,533141.5887,533141.5887
2026-03-09,2026-03-09,Money Management,Capital,416932.3141,416932.3141,354222.9889,352703.3486,354222.9889,352703.3486
2026-01-26,2026-01-26,Money Management,Instant Payouts,341063.4594,403593.7951,380327.1202,382234.2679,453319.8514,463358.513
2025-08-04,2025-08-04,Money Management,Multicurrency Settlement,487910.0502,487910.0502,597102.189,597102.189,597102.189,597102.189
2026-02-09,2026-02-10,Money Management,Connect,1535125.941,1535125.941,1535485.276,1222435.594,1518856.164,1403129.487
2025-03-31,2025-03-31,Money Management,Multicurrency Settlement,458908.3927,458908.3927,456681.5926,456681.5926,456681.5926,456681.5926
2026-02-16,2026-02-18,Money Management,Multicurrency Settlement,220667.5585,220667.5585,347208.1664,352289.8905,347208.1664,352289.8905
2025-01-20,2025-01-25,Money Management,Multicurrency Settlement,0.3405902168,0.3405902168,0,0,0,0
2026-01-05,2026-01-06,Money Management,Capital,530942.7024,530942.7024,345965.3575,354755.9594,345965.3575,354755.9594
2025-05-12,2025-05-18,Money Management,Capital,70612.95,70612.95,81379.38587,81379.38587,81379.38587,81379.38587
2026-03-30,2026-04-03,Money Management,Instant Payouts,476989.3457,470904.8005,598255.939,582429.3446,712010.2109,699703.5927
2025-06-16,2025-06-20,Money Management,Multicurrency Settlement,303167.7892,303167.7892,223495.9414,223495.9414,223495.9414,223495.9414
2026-04-27,2026-04-29,Money Management,Multicurrency Settlement,355263.7343,355263.7343,370007.0682,348778.465,370007.0682,348778.465
2025-05-05,2025-05-09,Money Management,Connect,621513.0927,621513.0927,573739.7147,573739.7147,574190.479,574190.479
2025-10-13,2025-10-19,Money Management,Capital,119715.3,119715.3,87601.61687,87601.61687,87601.61687,87601.61687
2025-02-24,2025-03-01,Money Management,Connect,25939131.85,25939131.85,154400.4678,154400.4678,154505.5434,154505.5434
2026-03-23,2026-03-29,Money Management,Multicurrency Settlement,53227.15461,53227.15461,114875.73,105057.8793,114875.73,105057.8793
2025-04-14,2025-04-15,Money Management,Capital,359175.79,359175.79,275506.4785,275506.4785,275506.4785,275506.4785
2025-11-24,2025-11-24,Money Management,Multicurrency Settlement,605883.7931,605883.7931,567748.0359,567748.0359,567748.0359,567748.0359
2026-08-17,2026-08-20,Money Management,Capital,,,522753.367,530305.3567,522753.367,530305.3567
2026-11-30,2026-11-30,Money Management,Multicurrency Settlement,,,693913.5592,661731.985,693913.5592,661731.985
2026-06-15,2026-06-20,Money Management,Instant Payouts,,,301278.8954,299004.0917,357784.1789,358624.8603
2026-07-20,2026-07-21,Money Management,Instant Payouts,,,383452.4045,381711.4843,454232.4631,456735.6206
2026-10-19,2026-10-20,Money Management,Capital,,,396950.6026,386945.6625,396950.6026,386945.6625
2026-12-07,2026-12-08,Money Management,Capital,,,469708.2446,439582.5814,469708.2446,439582.5814
2026-10-05,2026-10-10,Money Management,Instant Payouts,,,320284.0201,323925.1894,378671.6136,385337.4577
2026-05-04,2026-05-04,Money Management,Connect,,,2236348.998,2181736.035,2250305.588,2183868.041
2026-07-27,2026-07-27,Money Management,Multicurrency Settlement,,,643166.208,592787.1083,643166.208,592787.1083
