reporting_week,reporting_date,product_pillar,product_group,gross_revenue_actual,net_revenue_actual,gross_revenue_budget,net_revenue_budget,gross_revenue_2_10_forecast,net_revenue_2_10_forecast
2023-05-01,2023-05-01,Money Management,issuing,187346.9591,97799.33982,,,,
2023-03-06,2023-03-07,Money Management,issuing,294890.5764,141280.3278,,,,
2026-03-23,2026-03-29,Money Management,issuing,530029.3382,249662.7723,592066.1613,264265.9473,588332.0646,273826.6069
2024-10-28,2024-11-02,Money Management,issuing,678476.8681,354084.9706,,,,
2026-10-26,2026-10-28,Money Management,issuing,,,712414.7941,316870.9904,692519.2434,326392.6092
2026-04-27,2026-05-01,Money Management,issuing,,,661771.5812,292322.0746,649545.2578,303401.8327
2025-06-16,2025-06-19,Money Management,issuing,554599.3819,228953.929,,,,
2024-05-13,2024-05-18,Money Management,issuing,453548.1591,216363.9808,,,,
2026-11-30,2026-12-05,Money Management,issuing,,,858863.4074,397488.3763,813167.8106,384463.8784
2023-11-06,2023-11-09,Money Management,issuing,383047.5543,193102.1345,,,,
2023-04-24,2023-04-30,Money Management,issuing,257325.3497,136696.4575,,,,
2023-04-10,2023-04-12,Money Management,issuing,318741.2368,169321.8254,,,,
2025-05-05,2025-05-11,Money Management,issuing,419407.6481,217679.4464,,,,
2025-04-28,2025-05-02,Money Management,issuing,759076.0397,393972.9111,,,,
2025-07-28,2025-08-02,Money Management,issuing,972525.8807,425375.8436,,,,
2023-05-29,2023-05-29,Money Management,issuing,160093.2664,83572.2973,,,,
2026-09-07,2026-09-09,Money Management,issuing,,,718817.3328,333319.3847,715870.1639,337624.237
2025-12-01,2025-12-06,Money Management,issuing,773160.6132,352655.6743,,,,
2026-02-02,2026-02-08,Money Management,issuing,523375.828,245721.6873,559016.5843,253603.9809,,
2025-03-31,2025-04-02,Money Management,issuing,885294.5911,399163.5522,,,,
2024-11-25,2024-11-30,Money Management,issuing,471864.1848,246257.4981,,,,
2024-11-11,2024-11-11,Money Management,issuing,322375.089,168241.8064,,,,
2026-10-12,2026-10-16,Money Management,issuing,,,806121.5573,358550.2973,783609.0653,369324.3326
2026-05-04,2026-05-06,Money Management,issuing,,,653538.0313,288685.097,641463.8238,299627.0043
2024-12-23,2024-12-28,Money Management,issuing,367958.09,166509.8202,,,,
2025-10-27,2025-10-27,Money Management,issuing,540465.8387,230187.7044,,,,
2023-01-02,2023-01-06,Money Management,issuing,280086.7442,104048.8237,,,,
2024-04-08,2024-04-11,Money Management,issuing,458359.508,250468.8194,,,,
2026-06-01,2026-06-04,Money Management,issuing,,,696861.3417,314322.5197,694715.5153,322167.9606
2023-11-27,2023-12-02,Money Management,issuing,464675.3503,153707.9605,,,,
2023-02-27,2023-03-02,Money Management,issuing,415142.5367,198892.3295,,,,
2026-07-27,2026-07-28,Money Management,issuing,,,622877.1617,283015.8156,617202.1477,288024.7322
2025-04-21,2025-04-22,Money Management,issuing,489016.9863,220489.0432,,,,
2024-10-21,2024-10-23,Money Management,issuing,505381.1255,197312.6946,,,,
2024-03-18,2024-03-23,Money Management,issuing,426388.7207,215240.3147,,,,
2024-08-19,2024-08-22,Money Management,issuing,448466.6037,209079.9064,,,,
2024-04-29,2024-05-03,Money Management,issuing,628219.0649,299690.2863,,,,
2024-06-17,2024-06-17,Money Management,issuing,312085.6055,158647.3957,,,,
2023-01-23,2023-01-26,Money Management,issuing,245527.6559,91210.54215,,,,
2025-02-10,2025-02-10,Money Management,issuing,455475.6138,239475.9823,,,,
2024-09-09,2024-09-14,Money Management,issuing,476807.9655,214603.9477,,,,
2025-08-25,2025-08-27,Money Management,issuing,576127.2127,251993.9099,,,,
2025-03-10,2025-03-12,Money Management,issuing,552268.3453,230393.4576,,,,
2025-03-10,2025-03-10,Money Management,issuing,435990.0017,181884.8479,,,,
2026-08-24,2026-08-27,Money Management,issuing,,,626381.307,286481.8467,624462.1826,292252.7687
2023-08-14,2023-08-17,Money Management,issuing,378526.8945,260202.9279,,,,
2025-07-07,2025-07-12,Money Management,issuing,577019.0529,261032.5019,,,,
2025-07-07,2025-07-09,Money Management,issuing,607265.6253,274715.479,,,,
2023-06-26,2023-06-28,Money Management,issuing,293285.9581,159177.5634,,,,
2025-06-23,2025-06-24,Money Management,issuing,509955.5327,210523.7161,,,,
2024-06-10,2024-06-15,Money Management,issuing,477088.4716,242525.9038,,,,
2025-05-05,2025-05-09,Money Management,issuing,613697.572,318519.1026,,,,
2026-07-06,2026-07-09,Money Management,issuing,,,697784.1521,317051.199,691426.6629,322662.4861
2026-01-26,2026-01-31,Money Management,issuing,709041.2194,312003.4834,556237.4893,249419.3005,,
2025-12-01,2025-12-05,Money Management,issuing,786095.2523,358555.4496,,,,
2026-11-09,2026-11-10,Money Management,issuing,,,805267.1178,373433.7802,777878.6326,348470.2
2025-11-03,2025-11-04,Money Management,issuing,691954.1167,346844.7567,,,,
2023-09-04,2023-09-07,Money Management,issuing,343393.8168,121480.4352,,,,
2024-01-29,2024-02-01,Money Management,issuing,408190.3994,216808.4097,,,,
2023-01-30,2023-02-01,Money Management,issuing,287905.8142,104640.5827,,,,
2025-10-20,2025-10-20,Money Management,issuing,452815.4475,192856.867,,,,
2024-12-30,2025-01-04,Money Management,issuing,426988.2445,140333.4824,,,,
2024-09-09,2024-09-10,Money Management,issuing,441207.7066,198580.8176,,,,
2025-08-25,2025-08-29,Money Management,issuing,637599.9832,278881.6587,,,,
2023-12-04,2023-12-09,Money Management,issuing,395078.8372,130686.4293,,,,
2025-03-24,2025-03-27,Money Management,issuing,543866.8595,226888.5539,,,,
2026-09-07,2026-09-13,Money Management,issuing,,,755352.1707,350260.7815,752255.2081,354784.4336
2026-11-02,2026-11-03,Money Management,issuing,,,921373.0821,427276.6457,890035.6385,398713.7375
2026-02-02,2026-02-03,Money Management,issuing,773958.7556,363368.8092,637780.7664,289336.2126,,
2025-03-31,2025-04-06,Money Management,issuing,425188.3269,191709.8383,,,,
2026-05-04,2026-05-09,Money Management,issuing,,,674945.2613,298141.2388,662475.5522,309441.5581
2024-01-15,2024-01-15,Money Management,issuing,231017.7329,132339.2727,,,,
2024-01-08,2024-01-13,Money Management,issuing,393698.5041,225531.4908,,,,
2024-07-15,2024-07-15,Money Management,issuing,323820.4928,158959.9067,,,,
2023-02-06,2023-02-10,Money Management,issuing,297479.1997,108120.0701,,,,
2025-10-27,2025-10-30,Money Management,issuing,619834.9313,263991.4862,,,,
2024-06-17,2024-06-23,Money Management,issuing,300128.668,152569.1371,,,,
2023-01-09,2023-01-15,Money Management,issuing,170535.4379,63351.84396,,,,
2024-04-15,2024-04-15,Money Management,issuing,280790.6102,153436.9668,,,,
2025-02-10,2025-02-14,Money Management,issuing,588751.4296,309548.5743,,,,
2026-06-08,2026-06-10,Money Management,issuing,,,653395.9549,294717.2566,651383.9702,302073.3533
2026-03-09,2026-03-11,Money Management,issuing,734927.1063,346176.9483,628266.665,280423.8719,624304.2556,290569.0958
2026-08-17,2026-08-20,Money Management,issuing,,,685882.122,313695.1482,683780.6973,320014.2579
2026-02-09,2026-02-13,Money Management,issuing,752545.7915,353315.556,674723.2589,306095.5779,,
2025-09-01,2025-09-01,Money Management,issuing,411079.5667,177915.0714,,,,
2024-10-28,2024-11-01,Money Management,issuing,486886.4931,254097.3727,,,,
2024-01-29,2024-01-29,Money Management,issuing,262269.2802,150241.825,,,,
2024-01-08,2024-01-10,Money Management,issuing,367988.2159,210803.2672,,,,
2024-03-25,2024-03-31,Money Management,issuing,270991.6581,136796.1368,,,,
2024-03-25,2024-03-29,Money Management,issuing,428633.3542,216373.4019,,,,
2025-06-02,2025-06-08,Money Management,issuing,415635.4062,171585.7651,,,,
2024-05-06,2024-05-09,Money Management,issuing,452981.9704,216093.8819,,,,
2024-05-06,2024-05-06,Money Management,issuing,289970.934,138329.887,,,,
2023-09-25,2023-09-29,Money Management,issuing,338992.4575,119923.3919,,,,
2023-07-03,2023-07-08,Money Management,issuing,339798.3269,208187.2208,,,,
2023-02-20,2023-02-22,Money Management,issuing,290129.7005,105448.8636,,,,
2024-12-30,2024-12-31,Money Management,issuing,398426.4026,180297.459,,,,
2025-10-20,2025-10-25,Money Management,issuing,668911.9697,284893.6968,,,,
2025-09-29,2025-10-03,Money Management,issuing,754579.0573,321379.8331,,,,
2026-03-23,2026-03-26,Money Management,issuing,756391.6805,356287.5303,543205.3722,242457.1638,539779.4351,251228.8215
2026-07-06,2026-07-12,Money Management,issuing,,,671183.6583,304964.7702,665068.5254,310362.1473
2025-03-03,2025-03-08,Money Management,issuing,548865.6538,228973.9342,,,,
2025-09-29,2025-09-30,Money Management,issuing,573175.7564,248070.2373,,,,
2024-10-07,2024-10-10,Money Management,issuing,514997.7766,201067.2617,,,,
2026-05-11,2026-05-13,Money Management,issuing,,,659507.355,291321.9058,647322.8634,302363.7548
2026-05-11,2026-05-11,Money Management,issuing,,,653743.87,288776.0214,641665.8596,299721.375
2024-01-15,2024-01-21,Money Management,issuing,265377.0598,152022.1268,,,,
2025-11-03,2025-11-07,Money Management,issuing,722916.7278,362364.8889,,,,
2026-12-28,2026-12-30,Money Management,issuing,,,833941.0317,385954.1154,789571.4232,373307.5605
2024-02-05,2024-02-10,Money Management,issuing,421570.6717,223915.2784,,,,
2025-09-29,2025-10-04,Money Management,issuing,659703.4238,280971.7208,,,,
2023-04-03,2023-04-08,Money Management,issuing,323638.8953,171923.5611,,,,
2023-04-03,2023-04-07,Money Management,issuing,351882.4772,186927.1261,,,,
2025-01-27,2025-01-30,Money Management,issuing,477081.425,156797.0515,,,,
2023-01-02,2023-01-03,Money Management,issuing,258172.7953,95908.05787,,,,
2026-06-15,2026-06-19,Money Management,issuing,,,684327.1372,308668.909,682219.907,316373.2367
2023-05-15,2023-05-16,Money Management,issuing,256655.4284,133979.9247,,,,
2023-05-01,2023-05-05,Money Management,issuing,318956.1072,166502.2847,,,,
2026-02-23,2026-03-01,Money Management,issuing,548068.7198,258159.9661,635981.5264,283867.3641,631970.4603,294137.1672
2025-09-22,2025-09-27,Money Management,issuing,612704.6715,265178.3358,,,,
2023-10-02,2023-10-07,Money Management,issuing,358567.3116,193573.5511,,,,
2024-10-28,2024-10-28,Money Management,issuing,356643.4715,139242.0113,,,,
2025-11-10,2025-11-11,Money Management,issuing,609561.5465,305545.1528,,,,
2024-03-18,2024-03-21,Money Management,issuing,402701.6669,203283.1295,,,,
2024-03-11,2024-03-11,Money Management,issuing,269921.635,136255.991,,,,
2024-05-06,2024-05-11,Money Management,issuing,471312.2674,224838.3029,,,,
2023-11-06,2023-11-08,Money Management,issuing,367705.1929,185367.7352,,,,
2023-04-10,2023-04-13,Money Management,issuing,322012.6207,171059.651,,,,
2023-01-30,2023-01-31,Money Management,issuing,236194.7187,87743.46934,,,,
2024-04-22,2024-04-26,Money Management,issuing,450836.7641,246358.0444,,,,
2026-06-22,2026-06-23,Money Management,issuing,,,636818.4585,287239.9005,634857.5205,294409.3635
2026-06-01,2026-06-05,Money Management,issuing,,,702117.6211,316693.3887,699955.6091,324598.0062
2023-03-20,2023-03-23,Money Management,issuing,314726.3964,150783.5517,,,,
2026-06-29,2026-07-03,Money Management,issuing,,,846534.1131,384638.5085,838821.3678,391445.9804
2026-08-24,2026-08-25,Money Management,issuing,,,658619.9304,301226.5082,656602.0324,307294.4483
2025-12-01,2025-12-01,Money Management,issuing,680804.2136,310529.8756,,,,
2025-09-01,2025-09-04,Money Management,issuing,673425.8343,291458.4307,,,,
2023-06-12,2023-06-15,Money Management,issuing,307616.9923,166955.5665,,,,
2026-09-28,2026-10-03,Money Management,issuing,,,968222.0878,430650.0853,941182.6273,443590.6387
2025-11-03,2025-11-09,Money Management,issuing,498759.5446,250005.2081,,,,
2025-06-23,2025-06-27,Money Management,issuing,591261.9623,244089.2539,,,,
2024-08-12,2024-08-13,Money Management,issuing,400355.2286,186649.871,,,,
2024-05-13,2024-05-16,Money Management,issuing,454425.3345,216782.435,,,,
2023-09-18,2023-09-22,Money Management,issuing,356292.4431,126043.5073,,,,
2023-07-17,2023-07-18,Money Management,issuing,322057.2577,197317.6444,,,,
2023-02-13,2023-02-18,Money Management,issuing,326705.9655,118742.6614,,,,
2025-10-06,2025-10-08,Money Management,issuing,656579.7194,279641.316,,,,
2025-09-29,2025-10-05,Money Management,issuing,428334.8527,182430.4321,,,,
2025-05-26,2025-05-27,Money Management,issuing,436448.9939,226524.1843,,,,
2025-05-05,2025-05-07,Money Management,issuing,607467.2361,315285.4561,,,,
2025-03-03,2025-03-03,Money Management,issuing,627985.8029,261981.0128,,,,
2026-08-10,2026-08-16,Money Management,issuing,,,716606.1792,327747.1075,714410.6213,334349.2814
2025-09-22,2025-09-25,Money Management,issuing,601262.1413,260226.0134,,,,
2026-04-06,2026-04-12,Money Management,issuing,738436.3844,355517.2753,664446.2793,297859.5243,657610.518,309349.6254
2023-10-09,2023-10-13,Money Management,issuing,358874.905,193739.6062,,,,
2025-04-14,2025-04-17,Money Management,issuing,575275.7856,259381.5984,,,,
2024-10-14,2024-10-19,Money Management,issuing,484334.9969,189095.7903,,,,
2024-01-01,2024-01-01,Money Management,issuing,207996.7956,119151.6527,,,,
2023-07-17,2023-07-23,Money Management,issuing,228624.1478,140073.1616,,,,
2025-01-27,2025-01-28,Money Management,issuing,426112.3515,140045.6124,,,,
2023-01-30,2023-01-30,Money Management,issuing,160249.4935,59530.74057,,,,
2023-05-15,2023-05-18,Money Management,issuing,280469.8812,146411.6063,,,,
2023-05-08,2023-05-12,Money Management,issuing,296164.9455,154604.7841,,,,
2023-05-01,2023-05-06,Money Management,issuing,290370.779,151580.0984,,,,
2026-01-05,2026-01-05,Money Management,issuing,457571.0859,201347.6351,549404.9658,246355.5674,,
2025-03-17,2025-03-18,Money Management,issuing,508544.3768,212152.8389,,,,
2026-09-21,2026-09-26,Money Management,issuing,,,774404.0801,359095.2522,771229.0041,363733.0024
2025-12-01,2025-12-02,Money Management,issuing,1237979.04,564669.6506,,,,
2026-11-02,2026-11-05,Money Management,issuing,,,865313.3354,401279.554,835882.5777,374454.5188
2025-07-14,2025-07-17,Money Management,issuing,597655.6331,270368.1004,,,,
2026-05-25,2026-05-31,Money Management,issuing,,,653538.0313,288685.097,641463.8238,299627.0043
2024-01-29,2024-01-30,Money Management,issuing,335789.6382,192358.2054,,,,
2024-07-29,2024-08-01,Money Management,issuing,462658.7632,215696.4423,,,,
2024-07-01,2024-07-01,Money Management,issuing,356690.6437,175095.501,,,,
2023-02-27,2023-02-28,Money Management,issuing,291562.0652,105969.4626,,,,
2024-04-29,2024-04-29,Money Management,issuing,279636.5904,152806.3571,,,,
2026-07-13,2026-07-19,Money Management,issuing,,,668204.403,303611.0902,662116.414,308984.5094
2025-03-31,2025-03-31,Money Management,issuing,406912.26,169754.293,,,,
2025-03-17,2025-03-21,Money Management,issuing,574592.2229,239706.4581,,,,
2025-12-22,2025-12-24,Money Management,issuing,740548.5672,337780.5981,,,,
2026-04-20,2026-04-24,Money Management,issuing,,,594261.0078,266396.7074,588147.306,276673.1125
2023-10-02,2023-10-06,Money Management,issuing,365747.7878,197449.9509,,,,
2024-03-11,2024-03-13,Money Management,issuing,402705.9778,203285.3056,,,,
2025-06-09,2025-06-15,Money Management,issuing,430732.3265,177818.1904,,,,
2025-05-26,2025-06-01,Money Management,issuing,420971.0646,173788.4722,,,,
2024-08-26,2024-08-27,Money Management,issuing,425769.0225,198498.0523,,,,
2026-12-07,2026-12-12,Money Management,issuing,,,863793.108,399769.8785,817835.2278,386670.6226
2023-02-13,2023-02-14,Money Management,issuing,258957.2748,94119.11397,,,,
2025-05-19,2025-05-20,Money Management,issuing,538660.2024,279573.4774,,,,
2025-05-05,2025-05-08,Money Management,issuing,609778.1695,316484.8685,,,,
2023-05-22,2023-05-28,Money Management,issuing,186513.9012,97364.4648,,,,
2023-05-22,2023-05-24,Money Management,issuing,269135.2272,140494.6612,,,,
2023-03-06,2023-03-10,Money Management,issuing,337019.0671,161463.8381,,,,
2026-11-23,2026-11-25,Money Management,issuing,,,826196.0899,383139.3611,798095.7753,357526.975
2025-09-22,2025-09-22,Money Management,issuing,443987.5748,192157.6441,,,,
2025-09-01,2025-09-03,Money Management,issuing,696160.7946,301298.1124,,,,
2025-06-30,2025-07-02,Money Management,issuing,803847.1222,363645.2288,,,,
2023-10-23,2023-10-26,Money Management,issuing,342080.9418,184673.3389,,,,
2026-05-25,2026-05-29,Money Management,issuing,,,616075.3787,272136.8489,604693.299,282451.535
2026-05-18,2026-05-18,Money Management,issuing,,,656419.7738,289958.0392,644292.3257,300948.1942
2025-11-10,2025-11-12,Money Management,issuing,687766.3124,344745.6032,,,,
2024-03-11,2024-03-14,Money Management,issuing,400707.0776,202276.2642,,,,
2023-10-30,2023-11-03,Money Management,issuing,491222.9012,247635.5473,,,,
2023-02-20,2023-02-25,Money Management,issuing,331121.2384,120347.411,,,,
2024-12-09,2024-12-13,Money Management,issuing,569377.4908,257656.9076,,,,
2025-10-13,2025-10-15,Money Management,issuing,693464.3158,295350.6911,,,,
2025-01-06,2025-01-11,Money Management,issuing,440958.0247,144924.7748,,,,
2025-01-06,2025-01-09,Money Management,issuing,470356.9022,154586.9773,,,,
2025-02-17,2025-02-23,Money Management,issuing,419652.9233,220641.4415,,,,
2024-09-16,2024-09-17,Money Management,issuing,431977.1028,194426.2644,,,,
2025-08-04,2025-08-08,Money Management,issuing,603791.5995,264094.1142,,,,
2026-07-20,2026-07-26,Money Management,issuing,,,584359.6467,265514.6668,579035.5646,270213.8417
2025-03-10,2025-03-11,Money Management,issuing,515804.7584,215181.7006,,,,
2026-08-03,2026-08-04,Money Management,issuing,,,722231.7108,330320.0015,720018.9172,336974.0041
2026-02-23,2026-02-24,Money Management,issuing,673927.4415,316404.731,559016.5843,253603.9809,,
2025-04-07,2025-04-09,Money Management,issuing,589935.1075,265991.2254,,,,
2024-01-22,2024-01-22,Money Management,issuing,258799.4567,148254.1251,,,,
2025-06-23,2025-06-29,Money Management,issuing,419158.6913,173040.2745,,,,
2023-07-24,2023-07-30,Money Management,issuing,220278.7613,134960.1204,,,,
2023-02-20,2023-02-21,Money Management,issuing,253184.1118,92020.83351,,,,
2024-04-22,2024-04-25,Money Management,issuing,441352.7114,241175.5197,,,,
2025-01-27,2025-02-02,Money Management,issuing,721883.2718,379545.4693,,,,
2024-09-09,2024-09-13,Money Management,issuing,468510.8126,210869.5266,,,,
2023-05-08,2023-05-09,Money Management,issuing,249202.7537,130089.4603,,,,
2023-12-11,2023-12-16,Money Management,issuing,402734.6235,133218.854,,,,
2023-12-11,2023-12-14,Money Management,issuing,363105.231,120110.0176,,,,
2023-11-27,2023-12-01,Money Management,issuing,386943.1356,127995.2556,,,,
2026-03-02,2026-03-07,Money Management,issuing,792703.4251,373391.6606,633409.9059,282719.5333,629415.0587,292947.81
2026-08-10,2026-08-10,Money Management,issuing,,,716606.1792,327747.1075,714410.6213,334349.2814
2026-09-21,2026-09-22,Money Management,issuing,,,704696.5058,326771.4828,701807.2327,330991.7683
2026-11-09,2026-11-11,Money Management,issuing,,,819219.7658,379904.1674,791356.7278,354508.05
2025-07-14,2025-07-19,Money Management,issuing,574574.3776,259926.5771,,,,
2023-05-29,2023-06-04,Money Management,issuing,205652.6917,111615.6211,,,,
2024-01-15,2024-01-16,Money Management,issuing,301006.1484,172432.3681,,,,
2024-01-01,2024-01-05,Money Management,issuing,386326.4877,221308.4068,,,,
2024-02-12,2024-02-18,Money Management,issuing,266524.0892,141563.0157,,,,
2023-07-10,2023-07-10,Money Management,issuing,213010.2516,130506.8589,,,,
2023-04-24,2023-04-28,Money Management,issuing,373360.3919,198336.631,,,,
2026-06-08,2026-06-13,Money Management,issuing,,,681294.6683,307301.0999,679196.7759,314971.2873
2025-08-25,2025-08-26,Money Management,issuing,560398.4648,245114.2684,,,,
2023-12-25,2023-12-27,Money Management,issuing,196282.4073,64927.41332,,,,
2026-09-07,2026-09-10,Money Management,issuing,,,724420.8355,335917.7584,721450.6922,340256.169
2025-12-15,2025-12-21,Money Management,issuing,560366.9619,255595.7785,,,,
2023-06-19,2023-06-23,Money Management,issuing,312432.2688,169569.0022,,,,
2023-06-19,2023-06-21,Money Management,issuing,288003.5994,156310.6243,,,,
2023-06-05,2023-06-10,Money Management,issuing,324011.3952,175853.4392,,,,
2026-10-26,2026-10-29,Money Management,issuing,,,728478.8107,324016.0144,708134.6414,333752.3332
2023-09-11,2023-09-17,Money Management,issuing,240463.2929,85067.30188,,,,
2023-07-10,2023-07-12,Money Management,issuing,330650.6219,202582.6162,,,,
2023-02-06,2023-02-08,Money Management,issuing,295144.7498,107271.6044,,,,
2024-06-03,2024-06-04,Money Management,issuing,429423.1299,218295.4292,,,,
2025-01-20,2025-01-21,Money Management,issuing,415495.5864,136556.3181,,,,
2025-01-13,2025-01-13,Money Management,issuing,326901.1948,107438.9838,,,,
2025-02-10,2025-02-13,Money Management,issuing,598276.2555,314556.4539,,,,
2025-05-19,2025-05-24,Money Management,issuing,583861.5959,303033.7418,,,,
2025-04-28,2025-05-01,Money Management,issuing,617422.6751,320452.4922,,,,
2024-09-23,2024-09-28,Money Management,issuing,469975.9337,211528.9551,,,,
2026-06-29,2026-06-29,Money Management,issuing,,,623677.7602,281312.728,621757.2859,288334.2497
2025-08-11,2025-08-12,Money Management,issuing,533873.9844,233512.6509,,,,
2025-12-08,2025-12-12,Money Management,issuing,753003.608,343461.6179,,,,
2025-09-15,2025-09-15,Money Management,issuing,460680.9455,199382.5282,,,,
2025-03-31,2025-04-01,Money Management,issuing,537878.1835,242519.6862,,,,
2023-06-12,2023-06-16,Money Management,issuing,314978.3822,170950.8758,,,,
2023-06-05,2023-06-07,Money Management,issuing,314117.1542,170483.4542,,,,
2026-10-19,2026-10-20,Money Management,issuing,,,771559.5823,343177.6698,750012.2998,353489.7749
2026-05-11,2026-05-15,Money Management,issuing,,,651067.9662,287594.0037,639039.3935,298494.5557
2024-05-06,2024-05-08,Money Management,issuing,452668.4833,215944.3337,,,,
2023-08-28,2023-09-02,Money Management,issuing,434133.6143,153580.9261,,,,
2023-07-24,2023-07-29,Money Management,issuing,345261.4045,211534.3325,,,,
2023-07-24,2023-07-26,Money Management,issuing,328610.739,201332.8233,,,,
2023-02-13,2023-02-16,Money Management,issuing,290287.1482,105506.0886,,,,
2023-01-30,2023-02-03,Money Management,issuing,404994.0537,147196.7973,,,,
2024-12-16,2024-12-16,Money Management,issuing,457135.2266,206864.6035,,,,
2025-08-25,2025-08-28,Money Management,issuing,577510.7442,252599.0566,,,,
2025-03-17,2025-03-22,Money Management,issuing,550243.1771,229548.6047,,,,
2026-08-17,2026-08-18,Money Management,issuing,,,689993.0874,315575.3399,687879.0674,321932.3244
2026-09-14,2026-09-19,Money Management,issuing,,,758714.2724,351819.8058,755603.525,356363.5928
2025-06-30,2025-07-05,Money Management,issuing,458995.8569,207641.0412,,,,
2025-04-14,2025-04-19,Money Management,issuing,527384.9213,237788.4613,,,,
2024-11-18,2024-11-18,Money Management,issuing,381176.8937,198929.419,,,,
2023-06-19,2023-06-22,Money Management,issuing,307511.3537,166898.2324,,,,
2026-12-14,2026-12-16,Money Management,issuing,,,907064.9251,419796.3974,858804.7795,406040.9328
2023-09-25,2023-09-26,Money Management,issuing,282819.9333,100051.5644,,,,
2024-07-29,2024-07-30,Money Management,issuing,400707.614,196702.9461,,,,
2024-07-22,2024-07-28,Money Management,issuing,302313.7311,148402.4747,,,,
2024-06-10,2024-06-14,Money Management,issuing,462538.1783,235129.3238,,,,
2023-04-24,2023-04-26,Money Management,issuing,333740.8687,177289.9348,,,,
2023-04-24,2023-04-24,Money Management,issuing,215639.8528,114552.274,,,,
2025-05-12,2025-05-14,Money Management,issuing,584220.5402,303220.0398,,,,
2026-06-08,2026-06-14,Money Management,issuing,,,656024.0946,295902.6911,654004.0172,303288.3761
2025-08-04,2025-08-07,Money Management,issuing,601396.2151,263046.3903,,,,
2023-12-11,2023-12-15,Money Management,issuing,367724.1148,121637.8784,,,,
2025-03-03,2025-03-07,Money Management,issuing,600561.1934,250540.1061,,,,
2025-02-24,2025-03-02,Money Management,issuing,519412.92,216686.9414,,,,
2026-08-31,2026-09-02,Money Management,issuing,,,1015802.979,471033.1934,1011638.161,477116.633
2025-12-15,2025-12-15,Money Management,issuing,582227.4225,265566.8185,,,,
2025-09-22,2025-09-24,Money Management,issuing,603193.5725,261061.936,,,,
2023-10-30,2023-10-30,Money Management,issuing,228246.5206,123219.513,,,,
2024-02-05,2024-02-11,Money Management,issuing,270399.8355,143621.6001,,,,
2023-11-27,2023-11-28,Money Management,issuing,375285.4337,189189.0902,,,,
2025-10-20,2025-10-21,Money Management,issuing,549352.3251,233972.5133,,,,
2024-04-22,2024-04-27,Money Management,issuing,448540.1917,245103.0911,,,,
2023-05-29,2023-05-31,Money Management,issuing,235897.3963,123143.7635,,,,
2023-12-04,2023-12-05,Money Management,issuing,329141.2753,108875.2268,,,,
2023-03-06,2023-03-08,Money Management,issuing,329305.8793,157768.4955,,,,
2026-03-02,2026-03-06,Money Management,issuing,792361.8641,373230.7731,628068.848,280335.5773,624107.6863,290477.6068
2026-07-13,2026-07-14,Money Management,issuing,,,669481.2267,304191.2388,663381.6046,309574.9257
2025-09-08,2025-09-12,Money Management,issuing,645942.4837,279563.6476,,,,
2026-04-13,2026-04-15,Money Management,issuing,688507.2847,331479.1078,619519.9928,277719.864,613146.429,288433.0663
2024-10-28,2024-11-03,Money Management,issuing,353849.7284,184667.8591,,,,
2026-05-11,2026-05-12,Money Management,issuing,,,649215.4175,286775.6838,637221.0709,297645.2193
2026-12-21,2026-12-23,Money Management,issuing,,,893919.0566,413712.3917,846358.3334,400156.2816
2024-02-26,2024-02-28,Money Management,issuing,398637.1757,211734.2599,,,,
2024-07-22,2024-07-23,Money Management,issuing,426049.7416,209143.1169,,,,
2024-07-08,2024-07-08,Money Management,issuing,299353.0308,146949.0996,,,,
2024-12-09,2024-12-12,Money Management,issuing,542849.5741,245652.392,,,,
2025-01-13,2025-01-14,Money Management,issuing,427555.2401,140519.8305,,,,
2023-01-09,2023-01-13,Money Management,issuing,299944.1784,111425.6194,,,,
2024-04-15,2024-04-17,Money Management,issuing,437931.0964,239305.7911,,,,
2023-12-11,2023-12-13,Money Management,issuing,374318.0908,123819.0713,,,,
2026-01-19,2026-01-22,Money Management,issuing,689437.4106,303377.1067,549404.9658,246355.5674,,
2026-01-05,2026-01-09,Money Management,issuing,703605.3287,309611.4972,574457.5519,257589.2555,,
2026-02-02,2026-02-04,Money Management,issuing,800435.205,375799.337,688838.0791,312498.9203,,
2023-08-28,2023-08-28,Money Management,issuing,229298.1254,157621.6762,,,,
2023-10-23,2023-10-24,Money Management,issuing,299415.11,161640.072,,,,
2023-10-16,2023-10-17,Money Management,issuing,321077.372,173334.5039,,,,
2023-05-29,2023-06-01,Money Management,issuing,316760.1776,171917.9246,,,,
2026-10-12,2026-10-15,Money Management,issuing,,,769855.823,342419.8642,748356.1212,352709.1981
2026-05-18,2026-05-21,Money Management,issuing,,,654361.3863,289048.7948,642271.9671,300004.4871
2024-01-01,2024-01-06,Money Management,issuing,382722.7684,219244.0043,,,,
2025-06-09,2025-06-10,Money Management,issuing,544838.9368,224924.548,,,,
2026-11-30,2026-12-06,Money Management,issuing,,,869544.4255,402431.631,823280.548,389245.1575
2026-11-30,2026-12-02,Money Management,issuing,,,1254882.695,580769.0498,1188116.999,561738.9958
2024-01-29,2024-02-02,Money Management,issuing,591331.9674,314083.1917,,,,
2023-11-06,2023-11-06,Money Management,issuing,237782.898,119871.2396,,,,
2024-12-02,2024-12-08,Money Management,issuing,380897.0937,172365.0282,,,,
2025-10-13,2025-10-18,Money Management,issuing,604894.2453,257628.1567,,,,
2025-08-18,2025-08-18,Money Management,issuing,441447.5171,193085.9772,,,,
2026-01-19,2026-01-25,Money Management,issuing,456189.3077,200739.6033,533287.218,239128.2994,,
2026-04-06,2026-04-07,Money Management,issuing,708221.779,340970.5731,637259.1274,285672.0046,630703.065,296691.9652
2023-06-12,2023-06-14,Money Management,issuing,301934.8797,163871.6656,,,,
2025-10-27,2025-11-01,Money Management,issuing,658615.4694,330133.627,,,,
2025-06-09,2025-06-09,Money Management,issuing,453078.6839,187043.3834,,,,
2023-04-17,2023-04-17,Money Management,issuing,219530.9682,116619.3136,,,,
2024-09-23,2024-09-23,Money Management,issuing,351319.7912,158123.6463,,,,
2024-09-09,2024-09-15,Money Management,issuing,322184.4203,145010.263,,,,
2023-05-22,2023-05-23,Money Management,issuing,252107.3094,131605.7039,,,,
2026-07-20,2026-07-25,Money Management,issuing,,,647775.2238,294328.7129,641873.3644,299537.8492
2026-08-24,2026-08-26,Money Management,issuing,,,594142.6836,271737.1852,592322.3327,277211.089
2026-09-21,2026-09-27,Money Management,issuing,,,775300.6405,359510.9921,772121.8887,364154.1115
2026-08-31,2026-09-05,Money Management,issuing,,,778438.602,360966.0814,775246.9845,365627.9934
2025-12-15,2025-12-18,Money Management,issuing,753812.9196,343830.7629,,,,
2023-08-14,2023-08-15,Money Management,issuing,314945.1315,216496.2293,,,,
2025-09-01,2025-09-02,Money Management,issuing,834391.621,361124.3586,,,,
2025-04-21,2025-04-25,Money Management,issuing,553707.2483,249656.7294,,,,
2024-11-11,2024-11-15,Money Management,issuing,512477.1823,267452.6968,,,,
2025-11-24,2025-11-27,Money Management,issuing,745045.424,373456.986,,,,
2024-03-18,2024-03-24,Money Management,issuing,268321.2129,135448.1005,,,,
2024-07-15,2024-07-20,Money Management,issuing,454466.1437,223092.4151,,,,
2023-05-08,2023-05-13,Money Management,issuing,291531.3886,152185.9628,,,,
2026-03-16,2026-03-20,Money Management,issuing,773696.221,364438.5877,627079.7632,279894.1039,623124.8395,290020.1617
2025-09-08,2025-09-08,Money Management,issuing,466484.7487,201894.4119,,,,
2026-04-27,2026-04-27,Money Management,issuing,,,666952.8961,298983.1963,660091.347,310516.6438
2026-04-13,2026-04-14,Money Management,issuing,695364.5001,334780.4871,625690.1266,280485.8259,619253.085,291305.7268
2026-10-19,2026-10-22,Money Management,issuing,,,763284.1798,339496.8998,741968.0038,349698.4019
2024-07-15,2024-07-17,Money Management,issuing,470044.7449,230739.7785,,,,
2023-11-13,2023-11-19,Money Management,issuing,252539.6151,127310.4036,,,,
2024-06-03,2024-06-06,Money Management,issuing,479698.6321,243852.7678,,,,
2024-04-29,2024-04-30,Money Management,issuing,415037.472,226795.6567,,,,
2024-04-08,2024-04-09,Money Management,issuing,388753.1309,212432.6779,,,,
2025-05-05,2025-05-06,Money Management,issuing,574928.3822,298397.2574,,,,
2026-09-07,2026-09-07,Money Management,issuing,,,740783.0636,343505.0098,737745.8347,347941.4104
2025-06-30,2025-07-01,Money Management,issuing,577497.8699,261249.1097,,,,
2024-09-30,2024-10-04,Money Management,issuing,531558.4615,207532.9431,,,,
2023-05-29,2023-06-02,Money Management,issuing,408102.1497,221492.7241,,,,
2024-03-11,2024-03-17,Money Management,issuing,269186.0868,135884.6874,,,,
2024-05-27,2024-05-31,Money Management,issuing,468957.0966,223714.7747,,,,
2024-12-30,2024-12-30,Money Management,issuing,303189.7444,137200.5975,,,,
2024-06-24,2024-06-25,Money Management,issuing,423438.5098,215253.1729,,,,
2024-06-10,2024-06-10,Money Management,issuing,303115.0716,154087.2628,,,,
2025-01-20,2025-01-22,Money Management,issuing,414548.4058,136245.0188,,,,
2025-02-17,2025-02-18,Money Management,issuing,561416.0969,295176.4423,,,,
2024-09-02,2024-09-04,Money Management,issuing,430726.7727,193863.5101,,,,
2026-06-22,2026-06-26,Money Management,issuing,,,698478.6585,315052.0179,696327.8519,322915.667
2026-06-15,2026-06-21,Money Management,issuing,,,641670.4087,289428.395,639694.5302,296652.4825
2026-03-30,2026-03-31,Money Management,issuing,714193.1983,336410.5362,628068.848,280335.5773,624107.6863,290477.6068
2026-07-13,2026-07-18,Money Management,issuing,,,678631.7966,308348.9703,672448.8039,313806.2422
2026-08-10,2026-08-11,Money Management,issuing,,,687180.3216,314288.893,685074.9194,320619.9631
2025-09-08,2025-09-09,Money Management,issuing,584651.1803,253036.7961,,,,
2024-03-11,2024-03-12,Money Management,issuing,360553.2809,182006.6946,,,,
2023-11-20,2023-11-24,Money Management,issuing,222757.3344,112296.5446,,,,
2024-12-23,2024-12-27,Money Management,issuing,322879.8171,146110.8255,,,,
2024-12-09,2024-12-15,Money Management,issuing,404869.8682,183213.281,,,,
2025-10-13,2025-10-19,Money Management,issuing,420129.5821,178935.7572,,,,
2025-08-04,2025-08-06,Money Management,issuing,627342.1346,274394.9493,,,,
2026-03-23,2026-03-28,Money Management,issuing,745058.9735,350949.4201,579010.2419,258438.4991,575358.4875,267788.3323
2026-07-13,2026-07-15,Money Management,issuing,,,673098.8939,305834.9931,666966.3113,311247.7717
2026-01-05,2026-01-08,Money Management,issuing,678865.7296,298725.1892,548178.6154,245805.6665,,
2025-03-24,2025-03-30,Money Management,issuing,376463.241,157051.6734,,,,
2025-07-07,2025-07-11,Money Management,issuing,608388.7284,275223.5496,,,,
2024-01-22,2024-01-28,Money Management,issuing,270910.3221,155191.8745,,,,
2025-11-17,2025-11-18,Money Management,issuing,648019.8463,324822.5287,,,,
2024-03-18,2024-03-19,Money Management,issuing,370153.3797,186852.8084,,,,
2025-06-16,2025-06-22,Money Management,issuing,383769.1634,158430.5008,,,,
2026-12-07,2026-12-08,Money Management,issuing,,,856946.3015,396601.1255,811352.7038,383605.7001
2024-07-29,2024-07-31,Money Management,issuing,444608.4041,218253.3595,,,,
2024-07-22,2024-07-26,Money Management,issuing,463622.3857,227587.1133,,,,
2023-02-06,2023-02-09,Money Management,issuing,283737.3359,103125.5317,,,,
2023-04-03,2023-04-09,Money Management,issuing,229511.9218,121921.3991,,,,
2024-04-08,2024-04-08,Money Management,issuing,278302.9724,152077.6066,,,,
2025-05-12,2025-05-12,Money Management,issuing,429156.175,222739.0917,,,,
2026-06-01,2026-06-07,Money Management,issuing,,,668153.97,301373.9274,666096.5414,308896.1735
2023-12-25,2023-12-28,Money Management,issuing,257828.5981,85286.01305,,,,
2023-12-04,2023-12-06,Money Management,issuing,358067.8143,118443.7122,,,,
2023-03-27,2023-03-28,Money Management,issuing,288614.9439,138273.7095,,,,
2026-03-09,2026-03-09,Money Management,issuing,555495.537,261658.2626,648641.8118,289518.2229,644550.8987,299992.4638
2026-11-02,2026-11-07,Money Management,issuing,,,823455.3912,381868.3922,795448.2924,356340.9688
2025-07-28,2025-07-28,Money Management,issuing,432231.2633,195533.2454,,,,
2023-10-16,2023-10-16,Money Management,issuing,232096.7581,125298.0743,,,,
2024-11-11,2024-11-12,Money Management,issuing,487811.3604,254580.0444,,,,
2023-06-05,2023-06-05,Money Management,issuing,191582.3927,103979.129,,,,
2025-06-16,2025-06-21,Money Management,issuing,522862.2748,215851.9754,,,,
2023-09-25,2023-09-30,Money Management,issuing,346277.6575,122500.6348,,,,
2023-07-10,2023-07-16,Money Management,issuing,252840.2283,154909.84,,,,
2026-06-01,2026-06-03,Money Management,issuing,,,747604.6538,337210.5245,745302.5749,345627.2464
2023-03-27,2023-03-30,Money Management,issuing,316511.3959,151638.7343,,,,
2026-03-09,2026-03-13,Money Management,issuing,878284.5485,413703.4301,633805.5398,282896.1227,629808.1974,293130.788
2026-01-19,2026-01-19,Money Management,issuing,448297.3998,197266.8817,550105.7374,246669.7964,,
2025-03-24,2025-03-25,Money Management,issuing,512060.7989,213619.8081,,,,
2026-08-10,2026-08-13,Money Management,issuing,,,693238.5864,317059.7018,691114.6228,323446.5875
2024-10-21,2024-10-25,Money Management,issuing,513103.0624,200327.5206,,,,
2024-10-14,2024-10-20,Money Management,issuing,381950.6736,149122.539,,,,
2024-11-25,2024-11-28,Money Management,issuing,510521.2307,266431.9205,,,,
2024-01-15,2024-01-18,Money Management,issuing,377191.2147,216075.2355,,,,
2024-05-06,2024-05-10,Money Management,issuing,499004.5364,238048.8284,,,,
2023-09-04,2023-09-08,Money Management,issuing,349657.8324,123696.4196,,,,
2023-07-03,2023-07-05,Money Management,issuing,204988.0127,125591.8034,,,,
2025-09-29,2025-10-01,Money Management,issuing,665562.8357,283467.2802,,,,
2024-06-17,2024-06-22,Money Management,issuing,450806.0132,229165.3274,,,,
2024-09-02,2024-09-03,Money Management,issuing,372860.2154,167818.6607,,,,
2023-12-04,2023-12-10,Money Management,issuing,259391.3736,85802.95684,,,,
2026-08-10,2026-08-12,Money Management,issuing,,,682420.2564,312111.8288,680329.4383,318399.044
2023-08-14,2023-08-19,Money Management,issuing,363051.8126,249565.2119,,,,
2026-04-13,2026-04-16,Money Management,issuing,703936.0194,338907.2111,633402.7938,283943.2784,626886.405,294896.5524
2024-11-18,2024-11-24,Money Management,issuing,376207.6687,196336.0692,,,,
2025-06-02,2025-06-07,Money Management,issuing,580032.0251,239453.226,,,,
2023-07-10,2023-07-11,Money Management,issuing,308081.9925,188755.2961,,,,
2023-07-03,2023-07-09,Money Management,issuing,219532.8745,134503.1314,,,,
2023-02-06,2023-02-06,Money Management,issuing,183092.1008,66545.59643,,,,
2024-12-23,2024-12-23,Money Management,issuing,441737.0063,199896.5411,,,,
2025-10-27,2025-10-28,Money Management,issuing,626819.2634,266966.1559,,,,
2024-06-03,2024-06-03,Money Management,issuing,457390.2123,232512.3771,,,,
2024-04-15,2024-04-20,Money Management,issuing,443757.7305,242489.7333,,,,
2024-04-08,2024-04-13,Money Management,issuing,431601.2563,235846.8739,,,,
2023-05-22,2023-05-22,Money Management,issuing,171202.0145,89371.31448,,,,
2023-02-27,2023-03-04,Money Management,issuing,388274.5207,186020.0222,,,,
2026-07-20,2026-07-23,Money Management,issuing,,,694592.0928,315600.8275,688263.6864,321186.4454
2026-04-06,2026-04-11,Money Management,issuing,704578.8833,339216.7154,633981.2438,284202.5873,627458.904,295165.8643
2025-07-14,2025-07-16,Money Management,issuing,590916.219,267319.317,,,,
2023-09-25,2023-10-01,Money Management,issuing,257981.4376,139271.9899,,,,
2025-03-31,2025-04-04,Money Management,issuing,596728.7756,269054.3692,,,,
2024-10-07,2024-10-13,Money Management,issuing,358315.8029,139894.9288,,,,
2024-01-08,2024-01-08,Money Management,issuing,233036.2687,133495.5977,,,,
2025-11-10,2025-11-15,Money Management,issuing,728867.0862,365347.5297,,,,
2024-03-04,2024-03-10,Money Management,issuing,265110.4423,133827.3089,,,,
2024-07-15,2024-07-19,Money Management,issuing,466268.8212,228886.2192,,,,
2025-10-06,2025-10-07,Money Management,issuing,605156.7361,257739.9531,,,,
2024-06-17,2024-06-18,Money Management,issuing,395518.4224,201060.1148,,,,
2024-06-03,2024-06-07,Money Management,issuing,474920.4186,241423.7832,,,,
2025-02-24,2025-02-28,Money Management,issuing,625169.229,328696.0062,,,,
2026-06-22,2026-06-22,Money Management,issuing,,,635605.471,286692.7769,633648.2681,293848.5838
2023-12-18,2023-12-21,Money Management,issuing,361771.4166,119668.8109,,,,
2026-03-30,2026-03-30,Money Management,issuing,556773.8205,262260.3799,602352.6432,268857.2702,598553.6708,278584.0355
2026-07-20,2026-07-20,Money Management,issuing,,,674588.5215,306511.8331,668442.367,311936.5907
2025-03-17,2025-03-17,Money Management,issuing,431941.3171,180195.8312,,,,
2025-03-03,2025-03-09,Money Management,issuing,384614.3802,160452.1383,,,,
2025-02-24,2025-03-01,Money Management,issuing,560239.087,233718.6649,,,,
2026-03-30,2026-04-01,Money Management,issuing,653578.3437,314662.7074,588090.874,263630.7455,582040.65,273800.452
2025-04-21,2025-04-21,Money Management,issuing,342202.4899,154293.0035,,,,
2024-11-11,2024-11-13,Money Management,issuing,498631.3556,260226.8068,,,,
2026-05-04,2026-05-07,Money Management,issuing,,,659095.6775,291140.0569,646918.7917,302175.0134
2024-03-25,2024-03-30,Money Management,issuing,394993.7887,199392.2054,,,,
2026-12-07,2026-12-13,Money Management,issuing,,,877486.721,406107.3845,830800.2758,392800.4676
2024-02-19,2024-02-24,Money Management,issuing,408127.0368,216774.7549,,,,
2024-07-15,2024-07-21,Money Management,issuing,332713.2222,163325.2494,,,,
2023-11-13,2023-11-15,Money Management,issuing,350996.9055,176944.7446,,,,
2024-06-03,2024-06-09,Money Management,issuing,320667.3456,163009.8869,,,,
2023-01-02,2023-01-07,Money Management,issuing,304423.0928,113089.4817,,,,
2025-02-03,2025-02-04,Money Management,issuing,577219.7292,303485.5378,,,,
2024-09-16,2024-09-19,Money Management,issuing,454845.0241,204718.7649,,,,
2025-08-11,2025-08-17,Money Management,issuing,422666.0787,184871.1107,,,,
2023-03-20,2023-03-26,Money Management,issuing,213162.4093,102124.8472,,,,
2026-03-09,2026-03-14,Money Management,issuing,767528.3855,361533.3166,622332.1562,277775.0318,618407.1751,287824.4255
2024-10-14,2024-10-17,Money Management,issuing,514006.8323,200680.3737,,,,
2024-11-18,2024-11-20,Money Management,issuing,481299.6288,251181.6879,,,,
2026-09-28,2026-10-01,Money Management,issuing,,,782512.3208,348049.2771,760659.1621,358507.7686
2024-05-06,2024-05-12,Money Management,issuing,311914.75,148798.1278,,,,
2023-09-18,2023-09-18,Money Management,issuing,223549.2922,79083.73412,,,,
2023-08-28,2023-09-01,Money Management,issuing,326686.1394,115569.8573,,,,
2023-02-13,2023-02-17,Money Management,issuing,308032.6511,111955.7665,,,,
2025-01-13,2025-01-16,Money Management,issuing,460784.9434,151441.0679,,,,
2025-01-06,2025-01-08,Money Management,issuing,449440.9653,147712.7687,,,,
2025-05-05,2025-05-05,Money Management,issuing,455131.003,236220.4533,,,,
2023-03-20,2023-03-25,Money Management,issuing,324098.9936,155273.9075,,,,
2026-08-10,2026-08-15,Money Management,issuing,,,684367.5558,313002.446,682270.7715,319307.6018
2026-04-13,2026-04-18,Money Management,issuing,712507.5387,343033.9351,641115.461,287400.7308,634519.725,298487.378
2025-07-28,2025-07-30,Money Management,issuing,571860.6777,258698.9506,,,,
2024-05-13,2024-05-13,Money Management,issuing,275684.5929,131514.6248,,,,
2024-07-22,2024-07-25,Money Management,issuing,451971.7317,221867.9358,,,,
2023-11-13,2023-11-18,Money Management,issuing,398967.7127,201127.8132,,,,
2023-01-16,2023-01-18,Money Management,issuing,235825.6892,87606.37936,,,,
2024-09-02,2024-09-02,Money Management,issuing,500509.9033,225271.8262,,,,
2023-12-18,2023-12-24,Money Management,issuing,243356.4638,80498.838,,,,
2026-08-17,2026-08-22,Money Management,issuing,,,678525.6576,310330.5946,676446.7718,316581.9283
2023-07-31,2023-08-05,Money Management,issuing,372987.2868,256394.9497,,,,
2025-09-15,2025-09-16,Money Management,issuing,634698.1478,274697.1035,,,,
2025-04-07,2025-04-10,Money Management,issuing,574023.8363,258817.1168,,,,
2024-01-22,2024-01-25,Money Management,issuing,403668.1111,231242.6132,,,,
2025-11-24,2025-11-26,Money Management,issuing,755519.0207,378706.918,,,,
2025-11-17,2025-11-23,Money Management,issuing,508420.7048,254847.9031,,,,
2025-06-23,2025-06-26,Money Management,issuing,552723.118,228179.3555,,,,
2025-10-13,2025-10-17,Money Management,issuing,663943.1627,282777.4516,,,,
2023-04-17,2023-04-23,Money Management,issuing,232719.8458,123625.5136,,,,
2023-01-16,2023-01-21,Money Management,issuing,263431.2072,97861.49402,,,,
2023-01-09,2023-01-14,Money Management,issuing,262930.2172,97675.38231,,,,
2024-04-01,2024-04-02,Money Management,issuing,507346.1564,277237.3881,,,,
2025-02-03,2025-02-06,Money Management,issuing,590698.647,310572.3652,,,,
2026-01-05,2026-01-07,Money Management,issuing,697226.7751,306804.7055,560967.6978,251540.3465,,
2026-07-27,2026-08-02,Money Management,issuing,,,991391.7612,453423.0817,988354.3076,462556.8863
2026-02-02,2026-02-05,Money Management,issuing,733613.3327,344426.8847,666010.4069,302142.8974,,
2023-08-07,2023-08-08,Money Management,issuing,317972.5332,218577.2935,,,,
2025-09-08,2025-09-11,Money Management,issuing,624286.6997,270191.033,,,,
2025-09-01,2025-09-06,Money Management,issuing,631088.5338,273134.8641,,,,
2023-06-19,2023-06-25,Money Management,issuing,210652.9154,114329.4347,,,,
2025-11-17,2025-11-21,Money Management,issuing,725412.8324,363616.0712,,,,
2025-06-16,2025-06-18,Money Management,issuing,564798.6043,233164.4495,,,,
2024-08-26,2024-08-26,Money Management,issuing,341130.5318,159038.6866,,,,
2024-08-19,2024-08-19,Money Management,issuing,330825.6164,154234.4253,,,,
2024-02-26,2024-02-29,Money Management,issuing,413774.2839,219774.2637,,,,
2024-02-12,2024-02-17,Money Management,issuing,427616.2704,227126.3697,,,,
2024-02-05,2024-02-07,Money Management,issuing,402779.7145,213934.5499,,,,
2024-07-01,2024-07-05,Money Management,issuing,355939.9266,174726.9823,,,,
2023-07-03,2023-07-03,Money Management,issuing,341830.0023,209431.9852,,,,
2025-05-19,2025-05-21,Money Management,issuing,601001.898,311929.8397,,,,
2023-12-25,2023-12-29,Money Management,issuing,275894.4785,91261.94793,,,,
2026-08-03,2026-08-03,Money Management,issuing,,,860706.3348,393652.7759,858069.2788,401582.5609
2025-12-08,2025-12-10,Money Management,issuing,728404.3659,332241.3589,,,,
2025-12-01,2025-12-03,Money Management,issuing,906352.6498,413407.5112,,,,
2025-09-15,2025-09-19,Money Management,issuing,638685.9825,276423.0368,,,,
2026-04-27,2026-04-30,Money Management,issuing,,,624147.5932,279794.3355,617726.421,290587.5617
2025-07-14,2025-07-14,Money Management,issuing,443540.4356,200649.301,,,,
2023-10-09,2023-10-09,Money Management,issuing,217814.3502,117587.6771,,,,
2025-04-07,2025-04-11,Money Management,issuing,574926.2771,259224.0113,,,,
2023-06-19,2023-06-20,Money Management,issuing,241298.4043,130961.9195,,,,
2026-04-27,2026-05-02,Money Management,issuing,,,943153.1525,416615.7841,925728.2647,432406.5932
2025-06-09,2025-06-11,Money Management,issuing,558233.762,230454.3014,,,,
2024-08-26,2024-08-29,Money Management,issuing,453201.3146,211287.279,,,,
2024-08-19,2024-08-21,Money Management,issuing,458854.6225,213922.9113,,,,
2024-07-29,2024-08-02,Money Management,issuing,621480.8038,289740.9689,,,,
2023-09-11,2023-09-11,Money Management,issuing,222532.494,78724.02733,,,,
2024-07-08,2024-07-09,Money Management,issuing,429412.6031,210793.9085,,,,
2023-02-20,2023-02-24,Money Management,issuing,319867.1074,116257.0496,,,,
2025-10-06,2025-10-10,Money Management,issuing,686442.7819,292360.1769,,,,
2025-01-27,2025-01-27,Money Management,issuing,388708.2761,127752.4305,,,,
2026-06-01,2026-06-01,Money Management,issuing,,,616601.9995,278121.1735,614703.3135,285063.0345
2025-08-11,2025-08-11,Money Management,issuing,448157.5986,196020.9187,,,,
2026-07-13,2026-07-13,Money Management,issuing,,,681823.8558,309799.3417,675611.7804,315282.2828
2026-01-12,2026-01-15,Money Management,issuing,683377.2372,300710.4138,554135.1743,248476.6134,,
2025-03-10,2025-03-15,Money Management,issuing,550029.2836,229459.3734,,,,
2026-02-16,2026-02-19,Money Management,issuing,728086.4052,341832.0267,644228.2769,292261.1962,,
2023-08-28,2023-08-30,Money Management,issuing,353166.8181,242770.1742,,,,
2025-09-22,2025-09-23,Money Management,issuing,565153.3181,244598.1292,,,,
2024-10-07,2024-10-12,Money Management,issuing,499520.2463,195024.4693,,,,
2024-11-04,2024-11-08,Money Management,issuing,491647.3648,256581.9867,,,,
2026-10-26,2026-10-26,Money Management,issuing,,,668360.4457,297276.3032,649695.1972,306209.1236
2026-10-12,2026-10-18,Money Management,issuing,,,776184.0719,345234.5707,754507.6417,355608.4833
2026-10-05,2026-10-06,Money Management,issuing,,,772776.5533,343718.9595,751195.2845,354047.3298
2026-05-25,2026-05-25,Money Management,issuing,,,626573.155,276773.9954,614997.1274,287264.4412
2023-07-17,2023-07-21,Money Management,issuing,360719.9952,221005.4828,,,,
2023-07-03,2023-07-06,Money Management,issuing,277241.64,169860.0669,,,,
2023-07-03,2023-07-04,Money Management,issuing,277265.2834,169874.5527,,,,
2024-06-24,2024-06-28,Money Management,issuing,471610.6478,239741.2753,,,,
2025-02-10,2025-02-16,Money Management,issuing,438863.7227,230741.9275,,,,
2026-06-15,2026-06-18,Money Management,issuing,,,672197.2618,303197.6728,670127.3828,310765.4393
2026-06-15,2026-06-16,Money Management,issuing,,,664110.6781,299550.182,662065.6999,307026.9076
2026-06-08,2026-06-09,Money Management,issuing,,,648341.8401,292437.5749,646345.4185,299736.771
2023-05-22,2023-05-25,Money Management,issuing,282093.65,147259.2503,,,,
2023-05-08,2023-05-08,Money Management,issuing,180142.9746,94038.69738,,,,
2026-03-16,2026-03-22,Money Management,issuing,529543.2124,249433.7897,620353.9866,276892.0851,616441.4816,286909.5354
2026-01-26,2026-01-27,Money Management,issuing,559741.367,246306.2112,507183.4745,227423.2677,,
2025-12-29,2025-12-29,Money Management,issuing,410218.8651,187109.907,,,,
2023-08-21,2023-08-24,Money Management,issuing,347021.7513,238545.9978,,,,
2023-06-05,2023-06-08,Money Management,issuing,303155.1212,164533.9376,,,,
2024-03-18,2024-03-22,Money Management,issuing,433447.392,218803.5202,,,,
2025-06-02,2025-06-05,Money Management,issuing,605703.9955,250051.3237,,,,
2024-05-20,2024-05-25,Money Management,issuing,465146.3546,221896.87,,,,
2026-12-28,2026-12-29,Money Management,issuing,,,819699.6742,379363.1092,776087.7733,366932.5217
2026-12-21,2026-12-25,Money Management,issuing,,,833667.1594,385827.3653,789312.1222,373184.9636
2023-09-11,2023-09-13,Money Management,issuing,332558.6816,117647.3524,,,,
2023-04-10,2023-04-14,Money Management,issuing,331646.0368,176177.1175,,,,
2024-04-22,2024-04-28,Money Management,issuing,298782.0838,163268.3395,,,,
2025-02-24,2025-02-24,Money Management,issuing,440682.59,231698.2357,,,,
2025-08-11,2025-08-16,Money Management,issuing,597642.1605,261404.3937,,,,
2025-12-29,2025-12-30,Money Management,issuing,527140.0633,240440.2543,,,,
2026-02-23,2026-02-25,Money Management,issuing,745380.7243,349951.6017,647887.6747,293921.322,,
2025-09-22,2025-09-28,Money Management,issuing,416344.2758,180193.6354,,,,
2023-10-09,2023-10-14,Money Management,issuing,354379.5708,191312.7877,,,,
2023-10-02,2023-10-03,Money Management,issuing,402988.3353,217554.3631,,,,
2025-04-28,2025-04-28,Money Management,issuing,418124.6962,188524.9731,,,,
2024-07-08,2024-07-13,Money Management,issuing,460071.9681,225844.2524,,,,
2025-10-27,2025-10-31,Money Management,issuing,684281.3996,291439.6309,,,,
2023-05-15,2023-05-17,Money Management,issuing,280263.6522,146303.9502,,,,
2026-07-27,2026-07-30,Money Management,issuing,,,647988.0278,294425.4044,642084.2295,299636.252
2026-01-12,2026-01-17,Money Management,issuing,697024.5929,306715.7382,580764.4967,260417.3169,,
2026-08-24,2026-08-29,Money Management,issuing,,,647585.2338,296179.6778,645601.1442,302145.9539
2026-08-24,2026-08-24,Money Management,issuing,,,709682.448,324580.4688,707508.1032,331118.8536
2023-10-23,2023-10-25,Money Management,issuing,321753.069,173699.2808,,,,
2023-10-16,2023-10-21,Money Management,issuing,358616.341,193600.0198,,,,
2026-10-12,2026-10-12,Money Management,issuing,,,767665.2753,341445.5428,746226.7488,351705.5994
2024-01-22,2024-01-24,Money Management,issuing,378132.0278,216614.1833,,,,
2023-09-04,2023-09-10,Money Management,issuing,245187.9628,86738.72087,,,,
2024-02-05,2024-02-06,Money Management,issuing,369266.034,196133.9162,,,,
2023-11-27,2023-11-29,Money Management,issuing,413209.1047,208307.1912,,,,
2024-09-02,2024-09-08,Money Management,issuing,319978.6782,144017.4924,,,,
2026-06-08,2026-06-12,Money Management,issuing,,,696659.1771,314231.3324,694513.9732,322074.4973
2025-08-11,2025-08-13,Money Management,issuing,591744.144,258824.6436,,,,
2023-12-11,2023-12-12,Money Management,issuing,327100.6067,108200.2028,,,,
2026-01-26,2026-01-30,Money Management,issuing,704334.1355,309932.1982,533462.411,239206.8567,,
2026-01-26,2026-01-26,Money Management,issuing,420446.7988,185011.6216,481079.7309,215718.236,,
2025-03-17,2025-03-19,Money Management,issuing,553742.7542,231008.5466,,,,
2026-11-09,2026-11-13,Money Management,issuing,,,839650.4291,389378.6631,811092.5099,363349.1875
2026-04-20,2026-04-25,Money Management,issuing,,,639380.1109,286622.804,632802.228,297679.4422
2025-07-21,2025-07-25,Money Management,issuing,602580.3512,272595.9496,,,,
2025-07-07,2025-07-07,Money Management,issuing,417782.5587,188996.9248,,,,
2025-04-21,2025-04-24,Money Management,issuing,554122.436,249843.9301,,,,
2025-04-14,2025-04-18,Money Management,issuing,563409.1459,254031.1421,,,,
2025-11-17,2025-11-20,Money Management,issuing,716051.0823,358923.4567,,,,
2024-05-27,2024-05-30,Money Management,issuing,435712.0768,207855.3237,,,,
2024-09-23,2024-09-27,Money Management,issuing,470784.6799,211892.9593,,,,
2023-05-15,2023-05-15,Money Management,issuing,172257.3235,89922.2096,,,,
2023-03-06,2023-03-06,Money Management,issuing,205560.0193,98482.58725,,,,
2026-03-02,2026-03-02,Money Management,issuing,936394.5549,441075.3211,906397.3107,404566.1779,900680.7617,419202.6438
2025-03-24,2025-03-29,Money Management,issuing,540120.7106,225325.7481,,,,
2026-11-23,2026-11-29,Money Management,issuing,,,768641.4166,356449.0136,742498.633,332620.8438
2026-11-09,2026-11-12,Money Management,issuing,,,858586.1658,398159.903,829384.2104,371543.4125
2025-07-07,2025-07-08,Money Management,issuing,548624.7824,248187.4712,,,,
2024-09-30,2024-10-02,Money Management,issuing,801319.5959,312854.0437,,,,
2023-06-26,2023-06-27,Money Management,issuing,271141.6891,147159.0174,,,,
2026-10-19,2026-10-23,Money Management,issuing,,,794438.6362,353353.9162,772252.4122,363971.8061
2026-10-05,2026-10-05,Money Management,issuing,,,763284.1798,339496.8998,741968.0038,349698.4019
2024-05-27,2024-05-28,Money Management,issuing,276828.0336,132060.1002,,,,
2024-12-09,2024-12-09,Money Management,issuing,426420.6878,192965.5414,,,,
2024-06-10,2024-06-13,Money Management,issuing,444828.8708,226126.8723,,,,
2023-03-27,2023-04-01,Money Management,issuing,340628.1343,180948.5903,,,,
2024-12-30,2025-01-01,Money Management,issuing,352795.9574,115949.5277,,,,
2022-12-26,2023-01-01,Money Management,issuing,161224.3073,59892.87203,,,,
2024-04-08,2024-04-10,Money Management,issuing,439679.5314,240261.2168,,,,
2024-04-01,2024-04-01,Money Management,issuing,238472.2755,130312.2729,,,,
2025-02-24,2025-02-25,Money Management,issuing,549346.4717,288830.5804,,,,
2025-05-26,2025-05-31,Money Management,issuing,593236.148,307899.2881,,,,
2026-01-26,2026-01-28,Money Management,issuing,646484.7588,284476.4044,512789.6476,229937.1,,
2026-08-31,2026-09-04,Money Management,issuing,,,772610.9592,358263.7727,769443.2351,362890.7842
2025-12-15,2025-12-17,Money Management,issuing,746573.8277,340528.8528,,,,
2023-08-07,2023-08-10,Money Management,issuing,359968.3493,247445.6104,,,,
2023-10-09,2023-10-12,Money Management,issuing,358663.6876,193625.5799,,,,
2026-10-12,2026-10-13,Money Management,issuing,,,779834.9848,346858.4398,758056.5958,357281.1479
2024-01-22,2024-01-26,Money Management,issuing,401186.001,229820.7282,,,,
2024-01-01,2024-01-07,Money Management,issuing,259477.8901,148642.7679,,,,
2024-01-01,2024-01-02,Money Management,issuing,346125.9404,198279.3903,,,,
2025-11-24,2025-11-25,Money Management,issuing,687661.7352,344693.1834,,,,
2025-11-10,2025-11-10,Money Management,issuing,522224.3994,261767.06,,,,
2024-08-05,2024-08-10,Money Management,issuing,470715.4023,219452.5332,,,,
2024-04-29,2024-05-01,Money Management,issuing,461906.8184,220351.4577,,,,
2024-12-09,2024-12-11,Money Management,issuing,529017.4055,239393.0054,,,,
2025-01-27,2025-01-29,Money Management,issuing,447129.1531,146952.971,,,,
2025-02-17,2025-02-22,Money Management,issuing,577033.3711,303387.5561,,,,
2025-02-03,2025-02-09,Money Management,issuing,432955.761,227635.6911,,,,
2025-02-03,2025-02-03,Money Management,issuing,498475.3503,262084.0074,,,,
2026-03-16,2026-03-17,Money Management,issuing,724456.3045,341244.8262,655763.2224,292696.8311,651627.3953,303286.0682
2026-01-19,2026-01-23,Money Management,issuing,716857.7442,315443.0337,571829.6582,256410.8966,,
2026-11-02,2026-11-08,Money Management,issuing,,,793058.5507,367772.1913,766085.2994,343187.0813
2026-02-23,2026-02-26,Money Management,issuing,741752.6075,348248.2235,669147.0336,303565.8624,,
2026-02-16,2026-02-22,Money Management,issuing,503202.3423,236250.3616,536537.4262,243406.0652,,
2026-10-12,2026-10-14,Money Management,issuing,,,765718.1217,340579.4792,744333.9732,350813.5116
2024-01-08,2024-01-14,Money Management,issuing,257424.1005,147466.2478,,,,
2024-03-25,2024-03-27,Money Management,issuing,392234.4899,197999.316,,,,
2024-03-25,2024-03-26,Money Management,issuing,352355.5507,177868.494,,,,
2024-02-26,2024-03-02,Money Management,issuing,561957.7402,283675.3296,,,,
2023-02-20,2023-02-26,Money Management,issuing,230185.7391,83661.97794,,,,
2024-12-16,2024-12-17,Money Management,issuing,518594.6637,234676.4659,,,,
2024-05-27,2024-06-01,Money Management,issuing,456515.3334,232067.6361,,,,
2023-01-23,2023-01-25,Money Management,issuing,246450.8159,91553.48487,,,,
2023-01-02,2023-01-02,Money Management,issuing,182968.4207,67970.54608,,,,
2024-04-15,2024-04-18,Money Management,issuing,429528.8875,234714.4359,,,,
2024-04-01,2024-04-06,Money Management,issuing,448570.5393,245119.6745,,,,
2024-04-01,2024-04-04,Money Management,issuing,439047.9676,239916.1012,,,,
2023-12-04,2023-12-07,Money Management,issuing,383356.8167,126808.9526,,,,
2026-03-23,2026-03-23,Money Management,issuing,548280.4472,258259.6973,645674.5574,288193.8029,641602.3584,298620.1286
2026-11-16,2026-11-19,Money Management,issuing,,,843387.7456,391111.8025,814702.714,364966.4688
2026-02-02,2026-02-07,Money Management,issuing,774757.013,363743.586,690580.6495,313289.4564,,
2024-01-01,2024-01-03,Money Management,issuing,371794.8602,212983.916,,,,
2025-11-24,2025-11-29,Money Management,issuing,679273.9578,340488.7766,,,,
2025-06-16,2025-06-20,Money Management,issuing,567259.9265,234180.5512,,,,
2025-06-02,2025-06-02,Money Management,issuing,734331.315,303152.2307,,,,
2024-08-19,2024-08-23,Money Management,issuing,464318.6968,216470.321,,,,
2023-09-25,2023-09-28,Money Management,issuing,328216.7566,116111.3348,,,,
2023-07-31,2023-07-31,Money Management,issuing,226033.5624,138485.9649,,,,
2023-07-24,2023-07-28,Money Management,issuing,342154.8283,209630.9992,,,,
2026-06-15,2026-06-17,Money Management,issuing,,,659258.728,297361.6875,657228.6903,304783.7887
2023-12-04,2023-12-08,Money Management,issuing,366889.0116,121361.6382,,,,
2026-07-27,2026-07-27,Money Management,issuing,,,616067.4353,279921.6899,610454.4645,284875.8455
2026-01-19,2026-01-21,Money Management,issuing,630412.066,277403.8451,556938.2609,249733.5295,,
2026-04-13,2026-04-17,Money Management,issuing,698793.1078,336431.1767,628775.1935,281868.8069,622306.413,292742.057
2024-10-21,2024-10-26,Money Management,issuing,500039.8591,195227.3384,,,,
2023-06-12,2023-06-12,Money Management,issuing,205381.0655,111468.1991,,,,
2026-05-04,2026-05-08,Money Management,issuing,,,644069.4488,284502.5728,632170.1747,295285.9516
2025-11-24,2025-11-28,Money Management,issuing,447543.1903,224332.8065,,,,
2025-06-30,2025-06-30,Money Management,issuing,426176.631,175937.4736,,,,
2024-05-20,2024-05-21,Money Management,issuing,398537.4045,190121.242,,,,
2023-01-23,2023-01-29,Money Management,issuing,172246.017,63987.30333,,,,
2025-02-17,2025-02-20,Money Management,issuing,568348.0572,298821.0678,,,,
2025-02-03,2025-02-07,Money Management,issuing,607514.8626,319413.8479,,,,
2024-09-02,2024-09-06,Money Management,issuing,480421.8882,216230.5189,,,,
2023-12-25,2023-12-31,Money Management,issuing,193074.8943,63866.41386,,,,
2025-03-10,2025-03-13,Money Management,issuing,544967.7611,227347.8244,,,,
2026-02-23,2026-02-23,Money Management,issuing,541222.9372,254100.7938,480426.6593,217950.8028,,
2023-08-07,2023-08-13,Money Management,issuing,240508.2413,165327.6147,,,,
2026-04-06,2026-04-09,Money Management,issuing,687221.5568,330860.0992,618363.0928,277201.2462,612001.431,287894.4425
2026-10-05,2026-10-10,Money Management,issuing,,,806121.5573,358550.2973,783609.0653,369324.3326
2024-01-29,2024-02-04,Money Management,issuing,274910.6435,146017.4946,,,,
2023-11-13,2023-11-17,Money Management,issuing,409742.4273,206559.5679,,,,
2023-01-30,2023-02-02,Money Management,issuing,373553.584,135769.626,,,,
2024-12-09,2024-12-14,Money Management,issuing,548832.7829,248359.9368,,,,
2024-06-03,2024-06-05,Money Management,issuing,463696.555,235718.1797,,,,
2023-04-17,2023-04-22,Money Management,issuing,344640.2217,183079.8928,,,,
2023-01-16,2023-01-17,Money Management,issuing,193461.4438,71868.57674,,,,
2024-09-02,2024-09-07,Money Management,issuing,460352.6869,207197.6794,,,,
2025-08-04,2025-08-04,Money Management,issuing,471647.878,206295.3984,,,,
2023-12-11,2023-12-11,Money Management,issuing,258306.1914,85443.99409,,,,
2025-12-08,2025-12-14,Money Management,issuing,527923.3932,240797.5485,,,,
2026-11-09,2026-11-14,Money Management,issuing,,,808506.1254,374935.8344,781007.4762,349871.8438
2026-02-16,2026-02-20,Money Management,issuing,740057.6988,347452.4744,654335.1852,296846.3056,,
2026-02-09,2026-02-10,Money Management,issuing,651968.1769,306094.9932,554137.3872,251390.4798,,
2023-08-21,2023-08-26,Money Management,issuing,368988.5551,253646.1842,,,,
2023-08-14,2023-08-18,Money Management,issuing,369455.4952,253967.1632,,,,
2024-03-04,2024-03-07,Money Management,issuing,415616.3997,209802.4651,,,,
2026-12-21,2026-12-22,Money Management,issuing,,,858863.4074,397488.3763,813167.8106,384463.8784
2024-02-05,2024-02-09,Money Management,issuing,410527.7726,218049.8945,,,,
2023-04-03,2023-04-05,Money Management,issuing,340569.2699,180917.3204,,,,
2025-02-03,2025-02-08,Money Management,issuing,603855.1243,317489.6628,,,,
2024-09-02,2024-09-05,Money Management,issuing,497208.747,223786.0264,,,,
2023-12-18,2023-12-19,Money Management,issuing,333739.5911,110396.2839,,,,
2023-03-13,2023-03-15,Money Management,issuing,311745.9393,149355.6323,,,,
2026-09-14,2026-09-14,Money Management,issuing,,,727334.657,337268.9128,724352.5669,341624.7736
2025-12-15,2025-12-20,Money Management,issuing,745176.8867,339891.6771,,,,
2026-11-16,2026-11-22,Money Management,issuing,,,783341.5279,363266.0287,756698.7689,338982.15
2025-07-07,2025-07-13,Money Management,issuing,445239.8226,201418.0715,,,,
2024-10-14,2024-10-18,Money Management,issuing,515631.0002,201314.4871,,,,
2025-11-10,2025-11-16,Money Management,issuing,515390.3732,258341.4771,,,,
2025-10-06,2025-10-09,Money Management,issuing,666466.9908,283852.3653,,,,
2023-04-10,2023-04-10,Money Management,issuing,164455.7194,87362.22172,,,,
2025-05-12,2025-05-18,Money Management,issuing,385659.1254,200163.4097,,,,
2023-12-18,2023-12-22,Money Management,issuing,362526.5362,119918.5937,,,,
2023-03-27,2023-03-31,Money Management,issuing,321819.3657,154181.7512,,,,
2026-03-16,2026-03-18,Money Management,issuing,765346.8305,360505.7262,630838.2854,281571.7026,626859.6572,291758.4529
2025-12-22,2025-12-22,Money Management,issuing,570148.329,260057.2765,,,,
2023-08-07,2023-08-11,Money Management,issuing,381447.5504,262210.6141,,,,
2025-09-08,2025-09-13,Money Management,issuing,610105.384,264053.3652,,,,
2026-04-20,2026-04-21,Money Management,issuing,680150.0534,327455.5519,612000.1423,274348.8479,605703.942,284932.0114
2023-10-02,2023-10-08,Money Management,issuing,240656.6401,129919.1502,,,,
2023-06-19,2023-06-19,Money Management,issuing,190691.7122,103495.7224,,,,
2024-03-04,2024-03-04,Money Management,issuing,283516.4257,143118.6186,,,,
2024-08-19,2024-08-20,Money Management,issuing,421098.7514,196320.7222,,,,
2024-02-19,2024-02-22,Money Management,issuing,395369.2114,209998.4961,,,,
2024-02-05,2024-02-08,Money Management,issuing,406550.6878,215937.4846,,,,
2024-12-16,2024-12-21,Money Management,issuing,569057.3024,257512.0147,,,,
2025-10-13,2025-10-16,Money Management,issuing,678751.6208,289084.4644,,,,
2025-10-13,2025-10-13,Money Management,issuing,404872.1487,172437.523,,,,
2025-12-29,2025-12-31,Money Management,issuing,595415.3712,271582.134,,,,
2023-08-21,2023-08-21,Money Management,issuing,238171.5399,163721.3443,,,,
2025-09-15,2025-09-17,Money Management,issuing,625631.4666,270773.0475,,,,
2025-04-07,2025-04-13,Money Management,issuing,390745.0628,176179.9844,,,,
2024-09-30,2024-10-06,Money Management,issuing,352366.2625,137572.0881,,,,
2025-11-17,2025-11-19,Money Management,issuing,719208.0126,360505.8806,,,,
2024-03-04,2024-03-09,Money Management,issuing,425609.6449,214847.0385,,,,
2024-03-04,2024-03-05,Money Management,issuing,383624.789,193653.1533,,,,
2025-06-23,2025-06-28,Money Management,issuing,563101.6547,232463.9018,,,,
2025-06-02,2025-06-06,Money Management,issuing,619495.0137,255744.6366,,,,
2023-07-24,2023-07-24,Money Management,issuing,208575.1513,127789.5671,,,,
2023-02-06,2023-02-12,Money Management,issuing,202841.3293,73723.53686,,,,
2023-01-23,2023-01-27,Money Management,issuing,249400.1521,92649.12746,,,,
2024-04-01,2024-04-03,Money Management,issuing,575724.82,314602.6502,,,,
2026-06-22,2026-06-24,Money Management,issuing,,,623071.2664,281039.1661,621152.6597,288053.8598
2026-07-27,2026-07-29,Money Management,issuing,,,636922.2223,289397.45,631119.2443,294519.311
2026-06-29,2026-07-02,Money Management,issuing,,,975067.6989,443040.1323,966183.8882,450881.2172
2025-12-08,2025-12-09,Money Management,issuing,688479.9797,314030.9624,,,,
2023-07-31,2023-08-03,Money Management,issuing,487135.1209,334861.2386,,,,
2025-07-21,2025-07-21,Money Management,issuing,438696.295,198457.9034,,,,
2023-02-06,2023-02-11,Money Management,issuing,315582.7533,114699.883,,,,
2024-12-02,2024-12-03,Money Management,issuing,621078.8683,281053.0152,,,,
2025-10-06,2025-10-11,Money Management,issuing,631961.9832,269156.4717,,,,
2024-06-17,2024-06-21,Money Management,issuing,437480.0961,222391.1539,,,,
2023-12-25,2023-12-30,Money Management,issuing,277054.0536,91645.51877,,,,
2023-03-06,2023-03-09,Money Management,issuing,299602.5741,143537.818,,,,
2026-09-07,2026-09-08,Money Management,issuing,,,713437.9701,330824.9458,710512.8568,335097.5822
2026-11-23,2026-11-24,Money Management,issuing,,,767893.9533,356102.3857,741776.5921,332297.3875
2026-04-20,2026-04-26,Money Management,issuing,,,666181.6294,298637.4511,659328.015,310157.5612
2025-04-21,2025-04-26,Money Management,issuing,530284.8092,239095.969,,,,
2026-09-28,2026-10-02,Money Management,issuing,,,1115232.179,496037.8811,1084087.179,510943.2645
2024-07-29,2024-08-03,Money Management,issuing,616840.0082,287577.3806,,,,
2024-05-13,2024-05-17,Money Management,issuing,465281.5376,221961.3587,,,,
2023-09-11,2023-09-16,Money Management,issuing,351123.7943,124215.0244,,,,
2025-10-20,2025-10-23,Money Management,issuing,663530.781,282601.8156,,,,
2023-04-10,2023-04-15,Money Management,issuing,333158.1618,176980.389,,,,
2025-08-18,2025-08-19,Money Management,issuing,556800.6376,243540.6046,,,,
2023-05-22,2023-05-26,Money Management,issuing,291605.7205,152224.7657,,,,
2026-09-21,2026-09-23,Money Management,issuing,,,706041.3465,327395.0925,703146.5595,331623.432
2023-08-28,2023-08-29,Money Management,issuing,313022.5405,215174.6223,,,,
2024-10-07,2024-10-11,Money Management,issuing,508977.1552,198716.6693,,,,
2023-06-05,2023-06-09,Money Management,issuing,318746.9638,172996.2299,,,,
2024-01-15,2024-01-17,Money Management,issuing,349736.2119,200347.5463,,,,
2024-03-25,2024-03-25,Money Management,issuing,259657.2451,131074.5441,,,,
2025-06-09,2025-06-12,Money Management,issuing,584455.7095,241279.4449,,,,
2024-08-26,2024-08-31,Money Management,issuing,472883.5871,220463.364,,,,
2024-02-05,2024-02-05,Money Management,issuing,266210.2147,141396.3027,,,,
2023-07-24,2023-07-25,Money Management,issuing,294046.8327,180156.2517,,,,
2023-06-26,2023-07-01,Money Management,issuing,354527.2655,217211.3288,,,,
2023-04-24,2023-04-29,Money Management,issuing,375552.5351,199501.1421,,,,
2025-01-20,2025-01-23,Money Management,issuing,435207.0784,143034.6752,,,,
2024-09-16,2024-09-20,Money Management,issuing,480959.8147,216472.6313,,,,
2026-07-13,2026-07-16,Money Management,issuing,,,704806.6824,320242.0162,698385.2112,325909.7755
2026-08-31,2026-09-01,Money Management,issuing,,,683627.3355,317001.5975,680824.4465,321095.704
2025-11-03,2025-11-08,Money Management,issuing,710872.7675,356327.8058,,,,
2025-06-02,2025-06-03,Money Management,issuing,612766.1947,252966.7944,,,,
2024-05-13,2024-05-15,Money Management,issuing,459782.357,219337.9888,,,,
2024-01-29,2024-02-03,Money Management,issuing,509853.6032,270806.342,,,,
2023-11-13,2023-11-16,Money Management,issuing,391249.2678,197236.7867,,,,
2024-12-16,2024-12-18,Money Management,issuing,542287.8194,245398.1845,,,,
2025-05-26,2025-05-29,Money Management,issuing,611583.1568,317421.6865,,,,
2023-05-29,2023-05-30,Money Management,issuing,157220.0754,82072.42676,,,,
2023-05-01,2023-05-07,Money Management,issuing,202443.8776,105680.2719,,,,
2023-05-01,2023-05-03,Money Management,issuing,397797.4496,207659.2444,,,,
2023-03-13,2023-03-16,Money Management,issuing,327069.4131,156697.0178,,,,
2025-12-29,2026-01-03,Money Management,issuing,555861.0844,244598.7481,696917.396,312500.7803,,
2025-07-14,2025-07-20,Money Management,issuing,437792.4111,198049.0035,,,,
2024-10-07,2024-10-08,Money Management,issuing,477374.3564,186378.1923,,,,
2024-11-04,2024-11-09,Money Management,issuing,487612.8519,254476.4464,,,,
2023-09-18,2023-09-20,Money Management,issuing,331055.3557,117115.5295,,,,
2024-07-22,2024-07-27,Money Management,issuing,458958.3428,225297.5861,,,,
2024-07-22,2024-07-22,Money Management,issuing,341796.7152,167784.2359,,,,
2023-11-06,2023-11-12,Money Management,issuing,245801.017,123913.338,,,,
2023-07-03,2023-07-07,Money Management,issuing,351870.3735,215583.5075,,,,
2025-02-17,2025-02-19,Money Management,issuing,561691.5508,295321.2681,,,,
2025-05-19,2025-05-22,Money Management,issuing,593342.6097,307954.5434,,,,
2023-03-27,2023-03-29,Money Management,issuing,308141.0323,147628.5428,,,,
2026-08-17,2026-08-23,Money Management,issuing,,,706220.5824,322997.1494,704056.8442,329503.6397
2025-12-01,2025-12-07,Money Management,issuing,529877.1767,241688.7124,,,,
2025-09-29,2025-09-29,Money Management,issuing,464812.0277,201170.459,,,,
2025-04-21,2025-04-27,Money Management,issuing,370824.9139,167198.3443,,,,
2024-11-25,2024-11-25,Money Management,issuing,401492.3743,209531.7059,,,,
2024-11-04,2024-11-05,Money Management,issuing,470820.2448,245712.6844,,,,
2023-05-29,2023-06-03,Money Management,issuing,454051.074,246430.9716,,,,
2026-10-19,2026-10-24,Money Management,issuing,,,798332.9432,355086.0432,776037.9632,365755.9816
2025-11-17,2025-11-22,Money Management,issuing,726628.4624,364225.4106,,,,
2024-03-11,2024-03-16,Money Management,issuing,405975.6774,204935.8445,,,,
2026-11-30,2026-12-01,Money Management,issuing,,,880499.3159,407501.6358,833652.5864,394149.0335
2024-02-19,2024-02-25,Money Management,issuing,265436.4502,140985.3214,,,,
2024-02-19,2024-02-23,Money Management,issuing,401061.5831,213021.9725,,,,
2024-07-29,2024-07-29,Money Management,issuing,323615.3544,158859.2065,,,,
2023-10-30,2023-11-01,Money Management,issuing,330015.2482,166367.4605,,,,
2023-01-30,2023-02-04,Money Management,issuing,312407.0873,113545.6738,,,,
2025-10-06,2025-10-06,Money Management,issuing,480085.2685,204471.2505,,,,
2023-04-17,2023-04-20,Money Management,issuing,344184.8778,182838.0048,,,,
2026-06-01,2026-06-06,Money Management,issuing,,,704745.7607,317878.8232,702575.656,325813.0289
2026-01-19,2026-01-24,Money Management,issuing,671288.6026,295390.9824,574632.7448,257667.8128,,
2025-03-24,2025-03-28,Money Management,issuing,553276.34,230813.9695,,,,
2025-03-24,2025-03-26,Money Management,issuing,547293.4413,228318.0438,,,,
2026-09-14,2026-09-17,Money Management,issuing,,,730920.8987,338931.872,727924.1049,343309.2101
2026-03-30,2026-04-05,Money Management,issuing,744222.1599,358302.814,669652.3296,300193.3046,662763.009,311773.4327
2024-10-21,2024-10-24,Money Management,issuing,510880.6215,199459.8274,,,,
2023-09-18,2023-09-23,Money Management,issuing,344814.6014,121983.0579,,,,
2023-09-18,2023-09-21,Money Management,issuing,319344.7073,112972.7215,,,,
2024-02-19,2024-02-20,Money Management,issuing,312489.0362,165977.081,,,,
2023-02-20,2023-02-20,Money Management,issuing,195685.0997,71122.57499,,,,
2024-06-24,2024-06-30,Money Management,issuing,324558.9823,164988.1839,,,,
2024-04-01,2024-04-05,Money Management,issuing,453700.0846,247922.6951,,,,
2025-05-26,2025-05-28,Money Management,issuing,542882.3145,281764.8228,,,,
2023-05-15,2023-05-21,Money Management,issuing,187858.2031,98066.22074,,,,
2023-12-25,2023-12-26,Money Management,issuing,101288.5997,33504.82026,,,,
2025-03-10,2025-03-16,Money Management,issuing,389368.158,162435.3034,,,,
2026-08-03,2026-08-08,Money Management,issuing,,,677011.0914,309637.8923,674936.846,315875.2722
2026-01-26,2026-02-01,Money Management,issuing,521092.0729,244649.4786,557448.271,252892.4984,,
2025-09-15,2025-09-18,Money Management,issuing,614025.158,265749.8419,,,,
2023-10-02,2023-10-04,Money Management,issuing,356913.187,192680.5674,,,,
2026-05-25,2026-05-27,Money Management,issuing,,,595903.1813,263226.2538,584893.7858,273203.2055
2024-01-29,2024-01-31,Money Management,issuing,398481.6827,228271.5505,,,,
2026-12-14,2026-12-18,Money Management,issuing,,,873378.6371,404206.1327,826910.7614,390961.5141
2025-01-13,2025-01-15,Money Management,issuing,452453.3713,148702.8227,,,,
2023-01-23,2023-01-28,Money Management,issuing,262948.9256,97682.33228,,,,
2023-02-27,2023-03-03,Money Management,issuing,420520.9908,201469.115,,,,
2026-01-12,2026-01-14,Money Management,issuing,664182.7647,292264.1597,551156.8949,247141.14,,
2026-01-12,2026-01-13,Money Management,issuing,624570.0895,274833.1666,561318.0836,251697.461,,
2026-08-17,2026-08-19,Money Management,issuing,,,679391.124,310726.4244,677309.5866,316985.7318
2026-08-03,2026-08-06,Money Management,issuing,,,686963.955,314189.9355,684859.2158,320519.0123
2025-07-28,2025-07-31,Money Management,issuing,603847.8801,273169.3558,,,,
2024-10-07,2024-10-09,Money Management,issuing,518474.354,202424.5994,,,,
2023-06-12,2023-06-18,Money Management,issuing,214143.739,116224.0388,,,,
2026-12-21,2026-12-27,Money Management,issuing,,,792860.1927,366941.5974,750676.2792,354918.0255
2024-07-08,2024-07-14,Money Management,issuing,317173.6091,155697.0248,,,,
2025-01-20,2025-01-26,Money Management,issuing,345959.0225,113702.5082,,,,
2023-01-09,2023-01-09,Money Management,issuing,167271.9791,62139.50868,,,,
2026-03-09,2026-03-15,Money Management,issuing,524086.7601,246863.6055,625695.0445,279276.0412,621748.8541,289379.7386
2026-08-24,2026-08-30,Money Management,issuing,,,658836.297,301325.4657,656817.7361,307395.3992
2026-08-17,2026-08-17,Money Management,issuing,,,717255.279,328043.9799,715057.7324,334652.1341
2026-11-23,2026-11-28,Money Management,issuing,,,776614.3583,360146.3777,750200.4016,336071.0438
2025-07-21,2025-07-24,Money Management,issuing,570216.8926,257955.3333,,,,
2023-10-23,2023-10-29,Money Management,issuing,228634.2433,123428.8262,,,,
2023-10-16,2023-10-22,Money Management,issuing,236916.7943,127900.1842,,,,
2025-04-21,2025-04-23,Money Management,issuing,565402.5861,254929.9487,,,,
2026-10-26,2026-10-30,Money Management,issuing,,,741135.3086,329645.4273,720437.6823,339550.9037
2025-11-03,2025-11-05,Money Management,issuing,735357.4812,368600.8661,,,,
2026-12-14,2026-12-19,Money Management,issuing,,,859958.8964,397995.3768,814205.0144,384954.266
2026-12-07,2026-12-07,Money Management,issuing,,,876938.9765,405853.8842,830281.6739,392555.2738
2023-09-04,2023-09-04,Money Management,issuing,219768.1035,77746.08498,,,,
2023-11-06,2023-11-10,Money Management,issuing,391044.7532,197133.6866,,,,
2023-10-30,2023-11-05,Money Management,issuing,244329.5346,123171.5335,,,,
2024-12-02,2024-12-05,Money Management,issuing,595700.1195,269568.5255,,,,
2025-10-20,2025-10-26,Money Management,issuing,451618.7195,192347.1733,,,,
2024-06-24,2024-06-29,Money Management,issuing,490041.8743,249110.7112,,,,
2024-09-23,2024-09-29,Money Management,issuing,322418.7876,145115.7481,,,,
2026-08-03,2026-08-07,Money Management,issuing,,,692805.8532,316861.7869,690683.2154,323244.6857
2025-12-08,2025-12-13,Money Management,issuing,756685.5958,345141.0541,,,,
2025-12-08,2025-12-08,Money Management,issuing,566927.6484,258588.2528,,,,
2024-11-04,2024-11-07,Money Management,issuing,471759.7195,246202.9795,,,,
2023-06-05,2023-06-06,Money Management,issuing,284784.0799,154563.2673,,,,
2026-10-19,2026-10-25,Money Management,issuing,,,740891.9144,329537.1694,720201.0854,339439.3927
2024-05-06,2024-05-07,Money Management,issuing,398684.7545,190191.535,,,,
2024-02-12,2024-02-13,Money Management,issuing,338551.4807,179820.0257,,,,
2023-07-17,2023-07-19,Money Management,issuing,339045.0977,207725.7333,,,,
2023-07-17,2023-07-17,Money Management,issuing,219225.7461,134314.9604,,,,
2023-02-06,2023-02-07,Money Management,issuing,264436.6648,96110.62138,,,,
2023-04-24,2023-04-27,Money Management,issuing,342054.6867,181706.404,,,,
2023-01-09,2023-01-10,Money Management,issuing,253800.3986,94283.76559,,,,
2025-02-17,2025-02-17,Money Management,issuing,379318.8667,199434.9542,,,,
2023-03-06,2023-03-12,Money Management,issuing,222219.9449,106464.2589,,,,
2026-03-09,2026-03-10,Money Management,issuing,731210.8307,344426.4496,655169.7715,292431.947,651037.6872,303011.6011
2026-08-03,2026-08-09,Money Management,issuing,,,709466.0814,324481.5113,707292.3995,331017.9027
2026-11-09,2026-11-09,Money Management,issuing,,,799038.257,370545.2144,771861.6259,345774.7313
2023-07-31,2023-08-06,Money Management,issuing,241652.4751,166114.1717,,,,
2026-03-30,2026-04-02,Money Management,issuing,971153.1324,467557.8328,873845.1938,391729.3569,864855.156,406840.5405
2023-10-02,2023-10-02,Money Management,issuing,361922.8052,195385.0235,,,,
2025-03-31,2025-04-05,Money Management,issuing,574126.9051,258863.5887,,,,
2024-10-14,2024-10-14,Money Management,issuing,311301.1109,121539.2857,,,,
2023-06-26,2023-06-29,Money Management,issuing,302765.5405,164322.4971,,,,
2024-02-26,2024-03-01,Money Management,issuing,450437.3569,227380.0261,,,,
2024-08-26,2024-08-28,Money Management,issuing,457108.485,213108.8434,,,,
2023-09-25,2023-09-25,Money Management,issuing,216760.2708,76682.02146,,,,
2024-11-25,2024-12-01,Money Management,issuing,428486.2089,193900.239,,,,
2025-10-20,2025-10-24,Money Management,issuing,661752.6891,281844.5154,,,,
2025-01-20,2025-01-20,Money Management,issuing,293959.0533,96612.25609,,,,
2025-01-06,2025-01-10,Money Management,issuing,471080.5808,154824.8207,,,,
2025-02-10,2025-02-15,Money Management,issuing,586587.8393,308411.0207,,,,
2024-08-26,2024-09-01,Money Management,issuing,312655.8752,140721.6111,,,,
2026-03-16,2026-03-21,Money Management,issuing,755903.7522,356057.6986,628860.1158,280688.7559,624893.9636,290843.5628
2026-09-28,2026-09-30,Money Management,issuing,,,725541.5361,336437.4332,722566.7978,340782.5554
2025-12-22,2025-12-25,Money Management,issuing,537487.0082,245159.725,,,,
2025-09-01,2025-09-05,Money Management,issuing,642457.7124,278055.44,,,,
2023-10-16,2023-10-18,Money Management,issuing,339205.5988,183121.0771,,,,
2023-06-12,2023-06-13,Money Management,issuing,273837.7196,148622.2567,,,,
2025-06-16,2025-06-17,Money Management,issuing,535700.5678,221151.977,,,,
2024-05-20,2024-05-20,Money Management,issuing,280286.21,133709.8144,,,,
2024-06-24,2024-06-27,Money Management,issuing,457011.437,232319.8283,,,,
2025-01-13,2025-01-17,Money Management,issuing,484861.9964,159354.2054,,,,
2025-08-25,2025-08-31,Money Management,issuing,427910.9037,187165.1596,,,,
2026-03-23,2026-03-24,Money Management,issuing,810608.5371,381825.6086,648839.6288,289606.5176,644747.468,300083.9528
2026-01-05,2026-01-10,Money Management,issuing,674118.4321,296636.2085,580238.9179,260181.6451,,
2026-01-05,2026-01-06,Money Management,issuing,664462.9385,292387.4462,556237.4893,249419.3005,,
2025-03-17,2025-03-20,Money Management,issuing,537481.6082,224224.7762,,,,
2026-08-31,2026-09-03,Money Management,issuing,,,828870.1268,384351.4451,825471.7387,389315.3814
2025-09-08,2025-09-14,Money Management,issuing,424843.12,183871.9318,,,,
2026-04-13,2026-04-19,Money Management,issuing,725364.8176,349224.0212,652684.4618,292586.9094,645969.705,303873.6164
2025-06-30,2025-07-06,Money Management,issuing,316714.8377,143275.8001,,,,
2024-11-04,2024-11-04,Money Management,issuing,364379.057,190162.9278,,,,
2026-05-11,2026-05-16,Money Management,issuing,,,681737.94,301141.7453,669142.7352,312555.7915
2024-03-04,2024-03-06,Money Management,issuing,420778.0989,212408.0822,,,,
2024-04-29,2024-05-04,Money Management,issuing,486780.2545,232217.2662,,,,
2023-08-28,2023-09-03,Money Management,issuing,327819.4422,115970.7792,,,,
2023-02-13,2023-02-15,Money Management,issuing,292060.0826,106150.4691,,,,
2024-12-30,2025-01-05,Money Management,issuing,313683.4531,103094.8554,,,,
2026-06-29,2026-07-01,Money Management,issuing,,,684164.6993,310862.9475,677931.2965,316364.7127
2026-09-14,2026-09-16,Money Management,issuing,,,736300.2613,341426.3107,733281.412,345835.8648
2025-12-22,2025-12-26,Money Management,issuing,271232.0991,123714.9658,,,,
2026-11-02,2026-11-02,Money Management,issuing,,,1129167.877,523639.1992,1090762.984,488634.575
2024-03-25,2024-03-28,Money Management,issuing,400682.8713,202264.0449,,,,
2026-11-30,2026-12-03,Money Management,issuing,,,1089463.85,504211.9774,1031499.219,487690.4682
2024-02-12,2024-02-16,Money Management,issuing,409407.5243,217454.8799,,,,
2024-07-15,2024-07-16,Money Management,issuing,426488.8379,209358.6644,,,,
2023-04-24,2023-04-25,Money Management,issuing,301656.5147,160246.0736,,,,
2023-01-23,2023-01-23,Money Management,issuing,143670.6465,53371.90025,,,,
2023-01-16,2023-01-22,Money Management,issuing,174424.8342,64796.70746,,,,
2024-04-15,2024-04-16,Money Management,issuing,403637.3258,220566.0899,,,,
2026-06-22,2026-06-25,Money Management,issuing,,,670377.7804,302376.9873,668313.5041,309924.2696
2026-06-15,2026-06-15,Money Management,issuing,,,649554.8277,292984.6985,647554.6709,300297.5508
2025-08-18,2025-08-23,Money Management,issuing,560727.5957,245258.2279,,,,
2026-01-12,2026-01-16,Money Management,issuing,727420.5359,320091.0397,580238.9179,260181.6451,,
2026-04-20,2026-04-23,Money Management,issuing,,,607372.542,272274.3765,601123.95,282777.516
2025-07-07,2025-07-10,Money Management,issuing,616425.2861,278859.1363,,,,
2026-05-11,2026-05-14,Money Management,issuing,,,647568.7075,286048.2882,635604.7841,296890.2537
2025-10-27,2025-11-02,Money Management,issuing,804682.7345,403350.4254,,,,
2025-06-09,2025-06-14,Money Management,issuing,553876.4586,228655.4863,,,,
2023-11-13,2023-11-14,Money Management,issuing,315878.2448,159240.7069,,,,
2023-02-13,2023-02-19,Money Management,issuing,213341.7353,77539.9537,,,,
2024-04-15,2024-04-19,Money Management,issuing,437122.1437,238863.742,,,,
2025-05-26,2025-05-30,Money Management,issuing,585970.3806,304128.2356,,,,
2026-03-02,2026-03-08,Money Management,issuing,505234.1071,237983.3318,618969.2678,276274.0224,615065.4962,286269.1123
2026-07-27,2026-08-01,Money Management,issuing,,,695618.619,318148.2339,693487.3634,324557.0471
2026-11-16,2026-11-17,Money Management,issuing,,,812492.5962,376784.5164,784858.3605,351596.9438
2025-07-14,2025-07-18,Money Management,issuing,606819.0707,274513.4662,,,,
2025-04-14,2025-04-14,Money Management,issuing,419768.6726,189266.2128,,,,
2025-11-24,2025-11-24,Money Management,issuing,539297.5533,270325.0464,,,,
2024-02-26,2024-03-03,Money Management,issuing,429350.5926,216735.4627,,,,
2024-08-12,2024-08-17,Money Management,issuing,466174.1781,217335.3661,,,,
2024-05-20,2024-05-23,Money Management,issuing,442265.6493,210981.6885,,,,
2026-12-14,2026-12-14,Money Management,issuing,,,861602.13,398755.8775,815760.8202,385689.8474
2023-06-26,2023-07-02,Money Management,issuing,322934.7002,197855.2348,,,,
2024-06-24,2024-06-26,Money Management,issuing,454837.3199,231214.6251,,,,
2023-01-02,2023-01-04,Money Management,issuing,273961.5915,101773.4039,,,,
2026-06-15,2026-06-20,Money Management,issuing,,,677453.5411,305568.5418,675367.4766,313195.4848
2023-12-18,2023-12-20,Money Management,issuing,366420.1073,121206.5313,,,,
2026-03-02,2026-03-04,Money Management,issuing,815174.323,383976.2571,660313.0125,294727.6085,656148.4903,305390.3154
2026-02-16,2026-02-16,Money Management,issuing,498961.6241,234259.3708,467531.6383,212100.8356,,
2026-02-02,2026-02-06,Money Management,issuing,763361.5875,358393.5048,676640.0863,306965.1676,,
2026-04-06,2026-04-06,Money Management,issuing,747007.9037,359643.9993,672158.9465,301316.9767,665243.838,312940.451
2024-10-14,2024-10-15,Money Management,issuing,481755.4644,188088.68,,,,
2024-09-30,2024-10-01,Money Management,issuing,489135.2784,190969.9333,,,,
2024-11-11,2024-11-14,Money Management,issuing,489622.4312,255525.2099,,,,
2024-02-12,2024-02-14,Money Management,issuing,383631.6607,203764.1512,,,,
2024-04-22,2024-04-24,Money Management,issuing,428191.1173,233983.4164,,,,
2024-09-16,2024-09-18,Money Management,issuing,455662.4777,205086.6882,,,,
2026-08-31,2026-09-06,Money Management,issuing,,,781352.4235,362317.2357,778148.8592,366996.5981
2025-12-08,2025-12-11,Money Management,issuing,735756.8747,335595.001,,,,
2025-12-01,2025-12-04,Money Management,issuing,813746.0929,371167.6102,,,,
2026-11-02,2026-11-04,Money Management,issuing,,,858835.3202,398275.4456,829624.8907,371651.2313
2026-02-23,2026-02-28,Money Management,issuing,787609.5756,369777.784,706612.2972,320562.3886,,
2026-04-20,2026-04-22,Money Management,issuing,,,606215.6419,271755.7586,599978.952,282238.8922
2023-10-09,2023-10-15,Money Management,issuing,235342.8394,127050.4802,,,,
2024-02-19,2024-02-21,Money Management,issuing,373813.7044,198549.3899,,,,
2024-07-01,2024-07-07,Money Management,issuing,264400.6253,129791.3494,,,,
2023-11-20,2023-11-22,Money Management,issuing,364530.014,183767.0624,,,,
2024-04-22,2024-04-23,Money Management,issuing,389045.7727,212592.5909,,,,
2023-05-01,2023-05-04,Money Management,issuing,287860.3796,150269.6133,,,,
2023-03-13,2023-03-13,Money Management,issuing,194317.0379,93096.14148,,,,
2026-01-12,2026-01-12,Money Management,issuing,485637.6737,213697.937,552558.4381,247769.598,,
2026-08-31,2026-08-31,Money Management,issuing,,,686963.955,314189.9355,684859.2158,320519.0123
2026-08-17,2026-08-21,Money Management,issuing,,,687829.4214,314585.7653,685722.0305,320922.8157
2026-09-14,2026-09-15,Money Management,issuing,,,720162.1734,333942.9944,717209.4907,338255.9006
2026-09-07,2026-09-12,Money Management,issuing,,,772386.8191,358159.8377,769220.014,362785.5069
2026-02-16,2026-02-21,Money Management,issuing,722488.0813,339203.6486,662525.2661,300561.8252,,
2025-09-01,2025-09-07,Money Management,issuing,442782.1397,191635.9323,,,,
2026-04-27,2026-04-28,Money Management,issuing,,,601009.5916,269421.9783,594826.461,279815.0849
2025-07-21,2025-07-23,Money Management,issuing,618396.6805,279750.9578,,,,
2023-06-05,2023-06-11,Money Management,issuing,221186.1083,120046.2034,,,,
2026-12-07,2026-12-11,Money Management,issuing,,,869818.2978,402558.3811,823539.849,389367.7544
2023-09-18,2023-09-19,Money Management,issuing,298047.1454,105438.4068,,,,
2023-09-04,2023-09-06,Money Management,issuing,293845.9299,103952.1672,,,,
2023-11-27,2023-11-27,Money Management,issuing,260999.8451,131575.3792,,,,
2023-01-16,2023-01-19,Money Management,issuing,256783.9321,95392.11206,,,,
2026-06-01,2026-06-02,Money Management,issuing,,,916209.9219,413260.7076,913388.6612,423575.6303
2025-08-18,2025-08-22,Money Management,issuing,596999.8245,261123.4405,,,,
2026-07-13,2026-07-17,Money Management,issuing,,,705445.0943,320532.0905,699017.8065,326204.9837
2026-11-23,2026-11-23,Money Management,issuing,,,784836.4545,363959.2845,758142.8505,339629.0625
2023-08-21,2023-08-22,Money Management,issuing,322045.9725,221377.4138,,,,
2025-09-22,2025-09-26,Money Management,issuing,622665.2452,269489.2681,,,,
2023-10-16,2023-10-20,Money Management,issuing,349007.0284,188412.4058,,,,
2026-10-19,2026-10-19,Money Management,issuing,,,764257.7566,339929.9316,742914.3916,350144.4458
2026-05-25,2026-05-28,Money Management,issuing,,,602490.0213,266135.8359,591358.933,276223.0682
2024-03-18,2024-03-20,Money Management,issuing,402062.096,202960.2751,,,,
2025-06-23,2025-06-25,Money Management,issuing,550074.714,227086.0213,,,,
2025-06-16,2025-06-16,Money Management,issuing,449171.2151,185430.2725,,,,
2024-06-17,2024-06-19,Money Management,issuing,424350.5807,215716.8203,,,,
2023-04-03,2023-04-04,Money Management,issuing,326484.7083,173435.3149,,,,
2023-03-20,2023-03-21,Money Management,issuing,290639.0905,139243.4662,,,,
2023-03-13,2023-03-17,Money Management,issuing,340089.5425,162934.8847,,,,
2023-03-06,2023-03-11,Money Management,issuing,323759.2658,155111.1459,,,,
2026-03-16,2026-03-16,Money Management,issuing,577200.3525,271882.0069,655169.7715,292431.947,651037.6872,303011.6011
2026-06-29,2026-07-05,Money Management,issuing,,,667353.1872,303224.3245,661272.9536,308590.8986
2025-04-14,2025-04-20,Money Management,issuing,387230.5336,174595.3459,,,,
2024-10-28,2024-10-30,Money Management,issuing,489339.0738,191049.4998,,,,
2024-11-18,2024-11-22,Money Management,issuing,520046.1846,271402.824,,,,
2024-08-12,2024-08-16,Money Management,issuing,473400.3062,220704.264,,,,
2023-09-11,2023-09-14,Money Management,issuing,330014.2886,116747.2373,,,,
2024-02-12,2024-02-15,Money Management,issuing,384237.1219,204085.7391,,,,
2023-11-20,2023-11-21,Money Management,issuing,329227.9125,165970.5484,,,,
2026-06-29,2026-06-30,Money Management,issuing,,,654406.7778,295173.193,652391.6806,302540.6697
2025-08-25,2025-08-30,Money Management,issuing,589667.0357,257916.1313,,,,
2025-08-11,2025-08-15,Money Management,issuing,640450.5113,280128.4592,,,,
2023-05-22,2023-05-27,Money Management,issuing,283851.402,148176.8365,,,,
2026-02-23,2026-02-27,Money Management,issuing,794646.5435,373081.5965,697202.417,316293.4936,,
2023-08-21,2023-08-25,Money Management,issuing,372898.9069,256334.1966,,,,
2023-08-07,2023-08-09,Money Management,issuing,357663.3917,245861.1609,,,,
2023-07-31,2023-08-02,Money Management,issuing,469514.6995,322748.7961,,,,
2025-09-15,2025-09-21,Money Management,issuing,447683.9775,193757.4457,,,,
2025-06-30,2025-07-03,Money Management,issuing,763451.8006,345371.1496,,,,
2024-10-21,2024-10-21,Money Management,issuing,388046.6379,151502.5471,,,,
2024-10-07,2024-10-07,Money Management,issuing,379767.126,148270.0306,,,,
2024-01-15,2024-01-20,Money Management,issuing,411541.128,235752.697,,,,
2025-06-23,2025-06-23,Money Management,issuing,405117.9959,167243.8879,,,,
2024-08-05,2024-08-09,Money Management,issuing,460786.7414,214823.6858,,,,
2024-08-05,2024-08-07,Money Management,issuing,449318.9459,209477.2774,,,,
2024-07-15,2024-07-18,Money Management,issuing,472374.465,231883.4124,,,,
2024-07-08,2024-07-11,Money Management,issuing,469450.8425,230448.2384,,,,
2024-12-02,2024-12-06,Money Management,issuing,570267.9745,258059.8727,,,,
2024-12-02,2024-12-04,Money Management,issuing,625275.4189,282952.0545,,,,
2025-10-06,2025-10-12,Money Management,issuing,455829.8514,194140.7201,,,,
2023-03-20,2023-03-22,Money Management,issuing,318502.113,152592.4751,,,,
2023-03-13,2023-03-18,Money Management,issuing,335602.5083,160785.1732,,,,
2023-02-27,2023-03-01,Money Management,issuing,329811.336,158010.6569,,,,
2026-09-07,2026-09-11,Money Management,issuing,,,736972.6817,341738.1156,733951.0754,346151.6966
2025-12-15,2025-12-16,Money Management,issuing,721776.3733,329218.1848,,,,
2026-11-16,2026-11-21,Money Management,issuing,,,790816.1608,366732.3076,763919.177,342216.7125
2023-08-07,2023-08-07,Money Management,issuing,237871.4681,163515.0721,,,,
2023-10-09,2023-10-11,Money Management,issuing,338223.6274,182590.9571,,,,
2025-04-14,2025-04-16,Money Management,issuing,585587.5102,264030.9713,,,,
2024-10-28,2024-10-31,Money Management,issuing,503364.2281,196525.2503,,,,
2024-11-04,2024-11-06,Money Management,issuing,493001.1544,257288.5053,,,,
2026-05-25,2026-05-30,Money Management,issuing,,,626778.9938,276864.9198,615199.1633,287358.812
2024-08-05,2024-08-11,Money Management,issuing,303212.4306,141360.864,,,,
2024-05-13,2024-05-14,Money Management,issuing,388879.4991,185513.9631,,,,
2023-09-04,2023-09-05,Money Management,issuing,196027.5446,69347.52541,,,,
2023-07-24,2023-07-27,Money Management,issuing,330871.5658,202717.9838,,,,
2023-01-02,2023-01-05,Money Management,issuing,292959.7463,108830.9877,,,,
2025-08-18,2025-08-20,Money Management,issuing,544498.6351,238159.7969,,,,
2025-08-04,2025-08-09,Money Management,issuing,594023.974,259821.8249,,,,
2026-07-20,2026-07-24,Money Management,issuing,,,697996.956,317147.8904,691637.528,322760.8888
2026-07-06,2026-07-11,Money Management,issuing,,,675865.3452,307091.9817,669707.5576,312527.007
2025-12-29,2026-01-02,Money Management,issuing,748642.782,329429.5866,802733.9136,359949.3653,,
2025-12-29,2026-01-01,Money Management,issuing,581046.3467,255681.1639,563245.2057,252561.5909,,
2025-03-10,2025-03-14,Money Management,issuing,562319.0411,234586.3732,,,,
2025-07-14,2025-07-15,Money Management,issuing,518276.0504,234458.2791,,,,
2025-03-31,2025-04-03,Money Management,issuing,634948.2789,286286.8621,,,,
2025-11-03,2025-11-06,Money Management,issuing,727216.7101,364520.2721,,,,
2026-11-30,2026-12-04,Money Management,issuing,,,914185.6039,423091.9006,865546.6045,409228.4522
2024-02-26,2024-02-27,Money Management,issuing,357593.8021,189934.2652,,,,
2023-11-13,2023-11-13,Money Management,issuing,219750.4537,110780.7143,,,,
2024-12-16,2024-12-22,Money Management,issuing,427099.6525,193272.7891,,,,
2025-10-20,2025-10-22,Money Management,issuing,634136.5047,270082.6137,,,,
2023-04-17,2023-04-19,Money Management,issuing,337415.7388,179242.1005,,,,
2023-04-10,2023-04-11,Money Management,issuing,280468.2638,148990.444,,,,
2025-01-27,2025-01-31,Money Management,issuing,479028.7895,157437.0701,,,,
2023-03-20,2023-03-24,Money Management,issuing,325241.9261,155821.4797,,,,
2026-03-30,2026-04-03,Money Management,issuing,792436.9558,381515.6367,713036.0826,319641.4744,705700.434,331971.8267
2025-04-28,2025-04-29,Money Management,issuing,505927.1593,228113.5388,,,,
2025-04-14,2025-04-15,Money Management,issuing,523530.7897,236050.702,,,,
2024-11-25,2024-11-29,Money Management,issuing,358236.3226,186957.1443,,,,
2024-04-29,2024-05-02,Money Management,issuing,590240.7344,281572.8217,,,,
2024-07-01,2024-07-06,Money Management,issuing,319743.4166,156958.515,,,,
2023-12-25,2023-12-25,Money Management,issuing,186444.2231,61673.08267,,,,
2026-01-12,2026-01-18,Money Management,issuing,471629.0327,207533.6342,558690.19,250519.1021,,
2026-11-16,2026-11-20,Money Management,issuing,,,834916.4949,387183.3531,806519.5848,361300.6313
2026-11-16,2026-11-18,Money Management,issuing,,,828438.4798,384179.2448,800261.8978,358497.3438
2026-10-26,2026-11-01,Money Management,issuing,,,759921.0115,352405.0215,734074.8235,328847.1875
2024-09-30,2024-10-05,Money Management,issuing,516943.1783,201826.7923,,,,
2024-11-18,2024-11-23,Money Management,issuing,538058.234,280802.9912,,,,
2026-04-27,2026-05-03,Money Management,issuing,,,818826.5475,361697.4223,803698.6113,375406.6844
2024-05-27,2024-05-27,Money Management,issuing,255883.2695,122068.4545,,,,
2024-02-19,2024-02-19,Money Management,issuing,241299.4094,128165.0458,,,,
2023-11-20,2023-11-23,Money Management,issuing,368025.3624,185529.1392,,,,
2023-07-10,2023-07-13,Money Management,issuing,335894.9549,205795.7077,,,,
2025-01-20,2025-01-25,Money Management,issuing,484513.2331,159239.5813,,,,
2025-08-18,2025-08-24,Money Management,issuing,415885.4825,181905.3266,,,,
2025-08-04,2025-08-05,Money Management,issuing,599265.9478,262114.6266,,,,
2026-11-02,2026-11-06,Money Management,issuing,,,868552.343,402781.6082,839011.4212,375856.1625
2023-08-21,2023-08-23,Money Management,issuing,352132.2294,242058.9882,,,,
2026-04-27,2026-04-29,Money Management,issuing,,,594839.4578,266656.0164,588719.805,276942.4244
2026-03-30,2026-04-04,Money Management,issuing,738650.6724,355620.4434,664639.096,297945.9606,657801.351,309439.3961
2023-10-23,2023-10-28,Money Management,issuing,347848.6983,187787.0781,,,,
2024-11-25,2024-11-26,Money Management,issuing,485217.8455,253226.5353,,,,
2026-10-05,2026-10-09,Money Management,issuing,,,798089.549,354977.7853,775801.3663,365644.4706
2026-05-04,2026-05-10,Money Management,issuing,,,681737.94,301141.7453,669142.7352,312555.7915
2024-01-08,2024-01-11,Money Management,issuing,376675.4575,215779.7823,,,,
2025-11-24,2025-11-30,Money Management,issuing,565742.7454,283580.8043,,,,
2024-03-18,2024-03-18,Money Management,issuing,286336.2954,144542.0841,,,,
2024-08-12,2024-08-12,Money Management,issuing,324364.3856,151222.1307,,,,
2025-05-12,2025-05-15,Money Management,issuing,584718.3923,303478.4332,,,,
2023-05-15,2023-05-19,Money Management,issuing,287746.126,150209.9703,,,,
2023-03-13,2023-03-14,Money Management,issuing,284360.9832,136235.6621,,,,
2026-01-26,2026-01-29,Money Management,issuing,662659.5837,291593.9056,524352.3796,235121.8792,,
2025-03-24,2025-03-24,Money Management,issuing,421425.9441,175809.0631,,,,
2026-09-28,2026-09-29,Money Management,issuing,,,691472.2393,320639.3208,688637.1861,324780.4088
2025-12-22,2025-12-27,Money Management,issuing,419422.5596,191307.9159,,,,
2026-02-16,2026-02-18,Money Management,issuing,683700.4871,320993.1149,621052.0906,281747.066,,
2023-06-26,2023-06-30,Money Management,issuing,317845.2144,172506.8158,,,,
2026-10-05,2026-10-08,Money Management,issuing,,,761580.4205,338739.0943,740311.8253,348917.8251
2023-09-04,2023-09-09,Money Management,issuing,358566.6909,126848.0547,,,,
2024-12-23,2024-12-25,Money Management,issuing,371788.595,168243.2151,,,,
2024-06-10,2024-06-12,Money Management,issuing,451059.013,229293.9388,,,,
2025-01-06,2025-01-12,Money Management,issuing,307041.5917,100911.9486,,,,
2025-01-06,2025-01-06,Money Management,issuing,342469.0469,112555.4967,,,,
2023-01-16,2023-01-20,Money Management,issuing,251168.2449,93305.95246,,,,
2024-09-23,2024-09-25,Money Management,issuing,472370.0003,212606.4877,,,,
2024-09-16,2024-09-16,Money Management,issuing,364316.3252,163973.1869,,,,
2025-08-04,2025-08-10,Money Management,issuing,434818.9323,190186.6817,,,,
2023-05-08,2023-05-10,Money Management,issuing,284457.3587,148493.1596,,,,
2023-12-11,2023-12-17,Money Management,issuing,272676.5188,90197.49289,,,,
2026-07-27,2026-07-31,Money Management,issuing,,,675652.5413,306995.2903,669496.6925,312428.6043
2026-02-09,2026-02-15,Money Management,issuing,531865.3365,249707.4586,555357.1865,251943.8551,,
2023-08-14,2023-08-16,Money Management,issuing,354073.8779,243393.6956,,,,
2025-04-07,2025-04-08,Money Management,issuing,535931.2824,241641.8632,,,,
2024-10-21,2024-10-27,Money Management,issuing,352174.6515,137497.2787,,,,
2024-10-21,2024-10-22,Money Management,issuing,449041.4181,175316.3459,,,,
2024-11-11,2024-11-16,Money Management,issuing,516144.7994,269366.7607,,,,
2024-11-04,2024-11-10,Money Management,issuing,349665.0117,182483.9301,,,,
2026-10-19,2026-10-21,Money Management,issuing,,,773750.13,344151.9913,752141.6723,354493.3736
2024-05-20,2024-05-22,Money Management,issuing,440879.5826,210320.469,,,,
2024-12-23,2024-12-24,Money Management,issuing,504537.3926,228315.2152,,,,
2024-12-09,2024-12-10,Money Management,issuing,494089.9588,223587.502,,,,
2024-12-02,2024-12-07,Money Management,issuing,531195.1976,240378.5084,,,,
2024-06-10,2024-06-16,Money Management,issuing,319604.7397,162469.7157,,,,
2023-04-17,2023-04-21,Money Management,issuing,366019.621,194437.0643,,,,
2025-01-13,2025-01-18,Money Management,issuing,451664.2946,148443.4856,,,,
2023-05-08,2023-05-11,Money Management,issuing,287683.2679,150177.157,,,,
2026-07-06,2026-07-06,Money Management,issuing,,,675652.5413,306995.2903,669496.6925,312428.6043
2025-12-22,2025-12-23,Money Management,issuing,748592.235,341449.493,,,,
2026-04-06,2026-04-10,Money Management,issuing,692578.7564,333439.3017,623183.5098,279362.1539,616772.256,290138.7085
2026-10-26,2026-10-27,Money Management,issuing,,,704626.1801,313406.7363,684948.1413,322824.2582
2026-05-18,2026-05-20,Money Management,issuing,,,652508.8375,288230.4748,640453.6445,299155.1507
2026-05-04,2026-05-05,Money Management,issuing,,,645510.32,285139.0438,633584.4256,295946.5466
2024-05-27,2024-05-29,Money Management,issuing,387236.316,184730.0868,,,,
2023-01-30,2023-02-05,Money Management,issuing,200321.2003,72807.58531,,,,
2023-04-17,2023-04-18,Money Management,issuing,331136.9803,175906.6964,,,,
2024-04-08,2024-04-14,Money Management,issuing,300761.706,164350.0966,,,,
2024-09-30,2024-09-30,Money Management,issuing,362306.8824,163068.7675,,,,
2024-09-16,2024-09-22,Money Management,issuing,324847.9596,146209.0812,,,,
2025-08-18,2025-08-21,Money Management,issuing,606318.735,265199.4652,,,,
2025-12-29,2026-01-04,Money Management,issuing,427678.1361,188193.6686,584793.9336,262224.1339,,
2026-11-23,2026-11-26,Money Management,issuing,,,860828.5556,399199.7866,831550.3328,372513.7813
2026-02-16,2026-02-17,Money Management,issuing,666072.8345,312717.042,525036.4615,238188.5269,,
2023-10-23,2023-10-27,Money Management,issuing,352823.7637,190472.8809,,,,
2023-10-16,2023-10-19,Money Management,issuing,329160.1699,177698.0246,,,,
2024-03-11,2024-03-15,Money Management,issuing,417812.673,210911.1401,,,,
2026-06-22,2026-06-28,Money Management,issuing,,,630147.027,284230.7206,628206.6322,291325.0749
2023-03-13,2023-03-19,Money Management,issuing,223032.1734,106853.3927,,,,
2026-09-21,2026-09-25,Money Management,issuing,,,743248.6048,344648.2942,740201.2671,349099.4605
2026-09-14,2026-09-20,Money Management,issuing,,,751093.5086,348286.0175,748014.0066,352784.1653
2026-09-14,2026-09-18,Money Management,issuing,,,745265.8658,345583.7088,742210.2573,350046.956
2026-02-09,2026-02-09,Money Management,issuing,616319.2296,289358.0348,525210.7186,238267.5805,,
2023-08-21,2023-08-27,Money Management,issuing,244660.7556,168182.0918,,,,
2024-08-05,2024-08-08,Money Management,issuing,452116.0657,210781.3244,,,,
2024-05-20,2024-05-24,Money Management,issuing,469368.8719,223911.211,,,,
2026-12-14,2026-12-17,Money Management,issuing,,,907886.5419,420176.6478,859582.6824,406408.7235
2026-12-14,2026-12-15,Money Management,issuing,,,866257.9584,400910.6296,820168.9365,387773.9947
2023-09-11,2023-09-12,Money Management,issuing,291758.3414,103213.6531,,,,
2023-11-06,2023-11-11,Money Management,issuing,361726.1587,182353.5813,,,,
2024-12-23,2024-12-26,Money Management,issuing,184308.2274,83403.87296,,,,
2024-12-30,2025-01-03,Money Management,issuing,418910.6997,137678.7255,,,,
2024-04-22,2024-04-22,Money Management,issuing,278743.0448,152318.0825,,,,
2025-05-12,2025-05-13,Money Management,issuing,514679.655,267127.1801,,,,
2026-06-08,2026-06-08,Money Management,issuing,,,643489.89,290249.0804,641508.4088,297493.6521
2023-05-08,2023-05-14,Money Management,issuing,197060.2017,102869.8716,,,,
2023-02-27,2023-03-05,Money Management,issuing,229565.4505,109983.4471,,,,
2026-11-30,2026-11-30,Money Management,issuing,,,806512.8899,374011.4933,779082.034,349009.2938
2026-11-23,2026-11-27,Money Management,issuing,,,861825.1734,399661.9572,832513.0539,372945.0563
2025-07-28,2025-07-29,Money Management,issuing,553855.894,250553.9271,,,,
2024-09-30,2024-10-03,Money Management,issuing,559662.4905,218505.418,,,,
2026-10-12,2026-10-17,Money Management,issuing,,,806851.7399,358875.0711,784318.8561,369658.8656
2026-05-18,2026-05-22,Money Management,issuing,,,645510.32,285139.0438,633584.4256,295946.5466
2026-05-11,2026-05-17,Money Management,issuing,,,682355.4562,301414.5186,669748.8428,312838.9037
2024-01-15,2024-01-19,Money Management,issuing,390443.6784,223666.9531,,,,
2024-08-05,2024-08-05,Money Management,issuing,341502.6161,159212.1563,,,,
2024-07-29,2024-08-04,Money Management,issuing,308539.3388,143844.3254,,,,
2026-12-21,2026-12-24,Money Management,issuing,,,898301.0128,415740.3936,850507.1488,402117.832
2023-09-18,2023-09-24,Money Management,issuing,226683.9266,80192.65551,,,,
2024-07-08,2024-07-10,Money Management,issuing,456512.3719,224096.8859,,,,
2023-02-27,2023-02-27,Money Management,issuing,207616.3231,75459.02847,,,,
2025-10-27,2025-10-29,Money Management,issuing,639771.1123,272482.4275,,,,
2023-01-23,2023-01-24,Money Management,issuing,220025.047,81736.63269,,,,
2023-12-04,2023-12-04,Money Management,issuing,265361.722,87777.8627,,,,
2023-03-27,2023-03-27,Money Management,issuing,205594.701,98499.20306,,,,
2026-01-05,2026-01-11,Money Management,issuing,459582.9708,202232.9364,556412.6822,249497.8578,,
2026-04-20,2026-04-20,Money Management,issuing,718079.0262,345716.3057,646128.6947,289648.0748,639481.383,300821.4146
2023-10-09,2023-10-10,Money Management,issuing,289281.0463,156169.1699,,,,
2026-05-18,2026-05-19,Money Management,issuing,,,646333.675,285502.7416,634392.569,296324.0294
2024-08-12,2024-08-15,Money Management,issuing,443124.61,206589.412,,,,
2024-02-26,2024-02-26,Money Management,issuing,255787.3065,135860.2241,,,,
2024-07-08,2024-07-12,Money Management,issuing,458674.7369,225158.3671,,,,
2024-12-16,2024-12-19,Money Management,issuing,555910.3988,251562.727,,,,
2023-01-02,2023-01-08,Money Management,issuing,196717.2217,73078.05869,,,,
2026-03-23,2026-03-25,Money Management,issuing,772204.3425,363735.8596,602154.8262,268768.9755,598357.1014,278492.5464
2026-07-06,2026-07-10,Money Management,issuing,,,704806.6824,320242.0162,698385.2112,325909.7755
2025-03-17,2025-03-23,Money Management,issuing,379255.9434,158216.7235,,,,
2026-11-09,2026-11-15,Money Management,issuing,,,800533.1836,371238.4702,773305.7075,346421.6438
2026-02-09,2026-02-12,Money Management,issuing,744296.2809,349442.4623,662002.495,300324.6644,,
2023-07-31,2023-08-01,Money Management,issuing,319898.6418,219901.3186,,,,
2023-06-26,2023-06-26,Money Management,issuing,197388.125,107130.123,,,,
2024-01-08,2024-01-09,Money Management,issuing,346983.1832,198770.4647,,,,
2024-08-19,2024-08-25,Money Management,issuing,310258.9385,144646.0211,,,,
2023-07-10,2023-07-14,Money Management,issuing,358208.7072,219466.87,,,,
2024-06-03,2024-06-08,Money Management,issuing,461713.2277,234709.9637,,,,
2024-05-27,2024-06-02,Money Management,issuing,430022.1642,218599.9458,,,,
2025-01-13,2025-01-19,Money Management,issuing,325179.6636,106873.1872,,,,
2025-05-19,2025-05-19,Money Management,issuing,454095.9115,235683.2238,,,,
2023-12-18,2023-12-23,Money Management,issuing,349262.8532,115531.157,,,,
2026-06-29,2026-07-04,Money Management,issuing,,,710339.5851,322755.9933,703867.7038,328468.246
2026-09-28,2026-09-28,Money Management,issuing,,,698644.7229,323965.2392,695780.2622,328149.2818
2023-08-14,2023-08-14,Money Management,issuing,231950.6362,159445.0369,,,,
2025-07-21,2025-07-26,Money Management,issuing,581639.1512,263122.547,,,,
2023-10-30,2023-10-31,Money Management,issuing,298621.1986,161211.4768,,,,
2024-11-18,2024-11-19,Money Management,issuing,463502.478,241893.6725,,,,
2024-01-01,2024-01-04,Money Management,issuing,392595.5605,224899.666,,,,
2024-08-26,2024-08-30,Money Management,issuing,486459.0396,226792.3846,,,,
2024-08-19,2024-08-24,Money Management,issuing,456402.179,212779.5561,,,,
2026-12-21,2026-12-21,Money Management,issuing,,,870639.9145,402938.6315,824317.7518,389735.5451
2026-12-07,2026-12-09,Money Management,issuing,,,898027.1405,415613.6435,850247.8478,401995.2351
2023-11-20,2023-11-20,Money Management,issuing,254164.6662,128129.6252,,,,
2023-02-20,2023-02-23,Money Management,issuing,315802.0144,114779.5744,,,,
2023-01-09,2023-01-11,Money Management,issuing,276799.2017,102827.5416,,,,
2025-02-17,2025-02-21,Money Management,issuing,604007.7583,317569.9133,,,,
2025-05-12,2025-05-17,Money Management,issuing,581155.7505,301629.3637,,,,
2024-09-09,2024-09-12,Money Management,issuing,462812.2208,208304.6778,,,,
2025-08-11,2025-08-14,Money Management,issuing,583528.1049,255231.007,,,,
2025-07-28,2025-08-01,Money Management,issuing,645669.3765,282411.1534,,,,
2023-03-20,2023-03-20,Money Management,issuing,208381.5819,99834.38118,,,,
2023-06-19,2023-06-24,Money Management,issuing,321018.7471,174229.214,,,,
2023-06-12,2023-06-17,Money Management,issuing,339705.8142,184371.4036,,,,
2026-10-05,2026-10-11,Money Management,issuing,,,773019.9474,343827.2174,751431.8814,354158.8407
2024-08-12,2024-08-18,Money Management,issuing,320848.246,149582.869,,,,
2023-09-11,2023-09-15,Money Management,issuing,347617.9621,122974.7866,,,,
2023-10-30,2023-11-02,Money Management,issuing,440258.0771,221943.1334,,,,
2025-02-24,2025-02-26,Money Management,issuing,596631.9436,313691.922,,,,
2025-02-10,2025-02-11,Money Management,issuing,532763.1608,280111.5523,,,,
2025-01-27,2025-02-01,Money Management,issuing,602585.9783,316822.3823,,,,
2024-09-09,2024-09-11,Money Management,issuing,475900.2264,214195.3883,,,,
2025-07-28,2025-08-03,Money Management,issuing,464784.2781,203293.309,,,,
2026-01-19,2026-01-20,Money Management,issuing,649661.1369,285874.1244,555361.5247,249026.5142,,
2025-12-22,2025-12-28,Money Management,issuing,366482.3721,167160.7243,,,,
2023-08-14,2023-08-20,Money Management,issuing,247017.2839,169801.9915,,,,
2023-08-07,2023-08-12,Money Management,issuing,369283.2502,253848.7603,,,,
2025-06-30,2025-07-04,Money Management,issuing,625526.3772,282976.2977,,,,
2024-10-14,2024-10-16,Money Management,issuing,503195.88,196459.5233,,,,
2024-11-11,2024-11-17,Money Management,issuing,366575.6063,191309.2677,,,,
2026-09-28,2026-10-04,Money Management,issuing,,,812449.8062,361365.0037,789760.5857,372223.6179
2026-05-04,2026-05-04,Money Management,issuing,,,687089.7475,303505.7807,674395.6673,315009.43
2024-08-05,2024-08-06,Money Management,issuing,419117.8231,195397.1923,,,,
2026-12-21,2026-12-26,Money Management,issuing,,,752053.226,348055.8295,712040.4362,336651.0874
2024-07-01,2024-07-04,Money Management,issuing,462760.6906,227164.1166,,,,
2023-02-13,2023-02-13,Money Management,issuing,184212.4644,66952.79729,,,,
2024-06-24,2024-06-24,Money Management,issuing,315216.4365,160238.9403,,,,
2023-04-10,2023-04-16,Money Management,issuing,245051.4329,130176.3034,,,,
2025-05-26,2025-05-26,Money Management,issuing,376772.8843,195551.3049,,,,
2024-09-23,2024-09-26,Money Management,issuing,477278.1961,214815.5913,,,,
2023-11-27,2023-12-03,Money Management,issuing,366943.9502,121379.8111,,,,
2026-03-16,2026-03-19,Money Management,issuing,751070.3081,353780.9737,621145.2544,277245.2638,617227.759,287275.4914
2025-03-03,2025-03-05,Money Management,issuing,611451.2162,255083.1694,,,,
2025-07-21,2025-07-27,Money Management,issuing,416612.0213,188467.3959,,,,
2024-04-29,2024-05-05,Money Management,issuing,312372.2366,149016.3707,,,,
2023-09-25,2023-09-27,Money Management,issuing,315688.8476,111679.4092,,,,
2024-12-16,2024-12-20,Money Management,issuing,563747.4764,255109.1917,,,,
2024-06-17,2024-06-20,Money Management,issuing,423637.137,215354.1442,,,,
2023-01-16,2023-01-16,Money Management,issuing,143312.6803,53238.92016,,,,
2023-01-09,2023-01-12,Money Management,issuing,276121.8786,102575.9243,,,,
2025-04-28,2025-05-03,Money Management,issuing,768451.0169,398838.678,,,,
2026-03-02,2026-03-05,Money Management,issuing,778607.5449,366751.9969,620353.9866,276892.0851,616441.4816,286909.5354
2026-07-06,2026-07-07,Money Management,issuing,,,681398.2479,309605.9589,675190.0502,315085.4774
2025-03-03,2025-03-04,Money Management,issuing,580707.5214,242257.6178,,,,
2025-12-15,2025-12-19,Money Management,issuing,769407.0644,350943.5976,,,,
2024-01-08,2024-01-12,Money Management,issuing,399248.4513,228710.7964,,,,
2025-11-10,2025-11-13,Money Management,issuing,708495.044,355135.9624,,,,
2025-11-03,2025-11-03,Money Management,issuing,534275.9186,267807.932,,,,
2026-12-28,2026-12-28,Money Management,issuing,,,801624.105,370997.6012,758973.9099,358841.1263
2024-07-01,2024-07-03,Money Management,issuing,620296.8328,304496.8705,,,,
2023-11-06,2023-11-07,Money Management,issuing,327818.5655,165260.0676,,,,
2023-07-17,2023-07-22,Money Management,issuing,345415.2702,211628.6027,,,,
2024-12-23,2024-12-29,Money Management,issuing,276633.2417,125183.1461,,,,
2023-04-03,2023-04-06,Money Management,issuing,336006.5222,178493.496,,,,
2024-04-08,2024-04-12,Money Management,issuing,437711.1606,239185.608,,,,
2025-05-12,2025-05-16,Money Management,issuing,609461.0723,316320.2898,,,,
2025-05-05,2025-05-10,Money Management,issuing,612466.7244,317880.2725,,,,
2026-03-02,2026-03-03,Money Management,issuing,824450.3895,388345.6161,786915.8669,351236.1973,781952.8743,363943.2818
2026-07-20,2026-07-21,Money Management,issuing,,,676503.7571,307382.056,670340.1529,312822.2151
2025-03-03,2025-03-06,Money Management,issuing,582731.0776,243101.7982,,,,
2026-08-10,2026-08-14,Money Management,issuing,,,680689.3236,311320.1692,678603.8087,317591.437
2026-08-03,2026-08-05,Money Management,issuing,,,678525.6576,310330.5946,676446.7718,316581.9283
2026-10-26,2026-10-31,Money Management,issuing,,,772776.5533,343718.9595,751195.2845,354047.3298
2026-05-18,2026-05-24,Money Management,issuing,,,675151.1,298232.1632,662677.588,309535.9288
2025-11-10,2025-11-14,Money Management,issuing,700354.6017,351055.5333,,,,
2024-03-04,2024-03-08,Money Management,issuing,422654.0701,213355.0693,,,,
2025-06-02,2025-06-04,Money Management,issuing,644555.9562,266090.4852,,,,
2023-10-30,2023-11-04,Money Management,issuing,362998.1526,182994.8196,,,,
2025-02-10,2025-02-12,Money Management,issuing,581280.4087,305620.5264,,,,
2025-04-28,2025-05-04,Money Management,issuing,466414.0287,242076.5287,,,,
2024-09-09,2024-09-09,Money Management,issuing,351749.4704,158317.0384,,,,
2026-06-08,2026-06-11,Money Management,issuing,,,664717.1719,299823.7438,662670.3262,307307.2975
2025-08-25,2025-08-25,Money Management,issuing,431414.8126,188697.7442,,,,
2023-12-18,2023-12-18,Money Management,issuing,262775.3035,86922.31246,,,,
2026-07-20,2026-07-22,Money Management,issuing,,,667353.1872,303224.3245,661272.9536,308590.8986
2026-02-09,2026-02-14,Money Management,issuing,741308.1423,348039.5498,664790.6076,301589.5222,,
2023-08-28,2023-08-31,Money Management,issuing,345694.6498,237633.7358,,,,
2023-07-31,2023-08-04,Money Management,issuing,386490.7627,265677.3654,,,,
2026-04-13,2026-04-13,Money Management,issuing,722150.4978,347676.4997,649792.2116,291290.3647,643107.21,302527.0568
2025-07-21,2025-07-22,Money Management,issuing,545328.8167,246696.4387,,,,
2025-04-28,2025-04-30,Money Management,issuing,569208.9522,256646.1713,,,,
2025-04-07,2025-04-12,Money Management,issuing,548179.2225,247164.2411,,,,
2025-04-07,2025-04-07,Money Management,issuing,431064.7246,194359.4013,,,,
2024-01-22,2024-01-27,Money Management,issuing,396536.2939,227157.1281,,,,
2024-05-13,2024-05-19,Money Management,issuing,291791.5475,139198.406,,,,
2026-12-14,2026-12-20,Money Management,issuing,,,868175.0642,401797.8804,821984.0432,388632.173
2023-11-20,2023-11-25,Money Management,issuing,309571.7532,156061.475,,,,
2023-07-17,2023-07-20,Money Management,issuing,325441.4525,199391.0687,,,,
2023-07-10,2023-07-15,Money Management,issuing,347700.2019,213028.5319,,,,
2024-12-02,2024-12-02,Money Management,issuing,672083.3245,304133.7493,,,,
2024-06-10,2024-06-11,Money Management,issuing,410796.6782,208826.7514,,,,
2024-09-23,2024-09-24,Money Management,issuing,433750.4042,195224.4002,,,,
2026-03-23,2026-03-27,Money Management,issuing,770777.6127,363063.8189,572680.0992,255613.0697,569068.2683,264860.684
2026-09-21,2026-09-24,Money Management,issuing,,,690799.819,320327.5159,687967.5227,324464.577
2026-02-02,2026-02-02,Money Management,issuing,915294.3187,429724.9746,816917.0035,370603.3237,,
2025-09-08,2025-09-10,Money Management,issuing,633276.4431,274081.7903,,,,
2026-04-06,2026-04-08,Money Management,issuing,682078.6453,328384.0648,613735.4924,275126.7747,607421.439,285739.9471
2024-11-25,2024-11-27,Money Management,issuing,541007.0248,282341.9125,,,,
2026-05-25,2026-05-26,Money Management,issuing,,,565233.2075,249678.5122,554790.4441,259141.9697
2024-01-22,2024-01-23,Money Management,issuing,349545.1912,200238.1194,,,,
2024-05-20,2024-05-26,Money Management,issuing,295033.5441,140744.9921,,,,
2026-12-28,2026-12-31,Money Management,issuing,,,869544.4255,402431.631,823280.548,389245.1575
2023-11-27,2023-11-30,Money Management,issuing,413929.5391,208670.377,,,,
2025-09-29,2025-10-02,Money Management,issuing,1051760.054,447951.036,,,,
2023-04-03,2023-04-03,Money Management,issuing,338543.7477,179841.3218,,,,
2025-01-06,2025-01-07,Money Management,issuing,429591.819,141189.1703,,,,
2025-02-03,2025-02-05,Money Management,issuing,600885.7984,315928.4766,,,,
2026-06-22,2026-06-27,Money Management,issuing,,,699287.3168,315416.7669,697134.0201,323289.5201
2023-05-15,2023-05-20,Money Management,issuing,287714.5054,150193.4636,,,,
2026-03-09,2026-03-12,Money Management,issuing,770217.9759,362800.2099,623914.6918,278481.3892,619979.7299,288556.3375
2025-09-15,2025-09-20,Money Management,issuing,601725.1749,260426.4141,,,,
2023-10-23,2023-10-23,Money Management,issuing,218192.7097,117791.9355,,,,
2026-05-18,2026-05-23,Money Management,issuing,,,671857.68,296777.3722,659445.0144,308025.9974
2025-11-17,2025-11-17,Money Management,issuing,538556.0326,269953.3562,,,,
2025-06-09,2025-06-13,Money Management,issuing,576975.4175,238191.374,,,,
2025-05-19,2025-05-23,Money Management,issuing,614332.5092,318848.6454,,,,
2024-09-16,2024-09-21,Money Management,issuing,463496.6978,208612.7504,,,,
2023-05-01,2023-05-02,Money Management,issuing,336734.2212,175782.8614,,,,
2026-11-16,2026-11-16,Money Management,issuing,,,818472.3025,379557.5396,790634.6869,354184.5937
2026-02-09,2026-02-11,Money Management,issuing,717051.1358,336651.0365,624537.2314,283328.1382,,
2024-10-28,2024-10-29,Money Management,issuing,450296.9125,175806.5204,,,,
2026-10-05,2026-10-07,Money Management,issuing,,,779348.1964,346641.9239,757583.4019,357058.1259
2023-03-27,2023-04-02,Money Management,issuing,320088.2736,170037.3987,,,,
2025-01-20,2025-01-24,Money Management,issuing,475172.17,156169.5578,,,,
2024-04-15,2024-04-21,Money Management,issuing,292197.2839,159670.1005,,,,
2024-04-01,2024-04-07,Money Management,issuing,300145.3891,164013.3126,,,,
2025-02-24,2025-02-27,Money Management,issuing,597578.7989,314189.7513,,,,
2026-07-06,2026-07-08,Money Management,issuing,,,665863.5596,302547.4845,659796.8979,307902.0796
2026-08-24,2026-08-28,Money Management,issuing,,,633305.0382,289648.4854,631364.7006,295483.1965
2026-09-21,2026-09-21,Money Management,issuing,,,711420.7091,329889.5313,708503.8666,334150.0867
2023-10-02,2023-10-05,Money Management,issuing,344841.1521,186163.446,,,,
2024-11-18,2024-11-21,Money Management,issuing,504034.2699,263046.4914,,,,
2024-08-12,2024-08-14,Money Management,issuing,447641.9976,208695.4662,,,,
2026-12-07,2026-12-10,Money Management,issuing,,,907064.9251,419796.3974,858804.7795,406040.9328
2024-02-12,2024-02-12,Money Management,issuing,254489.998,135171.1648,,,,
2024-07-22,2024-07-24,Money Management,issuing,456943.5114,224308.5276,,,,
2024-07-01,2024-07-02,Money Management,issuing,565337.528,277517.9542,,,,
2023-11-20,2023-11-26,Money Management,issuing,253927.3177,128009.973,,,,
2025-10-13,2025-10-14,Money Management,issuing,613723.4031,261388.549,,,,
2024-12-30,2025-01-02,Money Management,issuing,496604.3718,163213.4415,,,,
2025-05-19,2025-05-25,Money Management,issuing,415990.7175,215906.0034,,,,
